date,regime_state,regime_label,prob_risk_on,prob_transition,prob_stress,train_end_date,n_train_rows
2010-12-01,0,risk_on,1.0,0.0,0.0,2010-11-30,1280
2010-12-02,2,transition,6.71495336044184e-94,1.0,0.0,2010-11-30,1280
2010-12-03,2,transition,1.7270206753789004e-153,1.0,1.3388222016202809e-14,2010-11-30,1280
2010-12-06,2,transition,1.7771887566451316e-153,1.0,6.679153903947741e-15,2010-11-30,1280
2010-12-07,2,transition,3.9023979524504173e-160,0.999999999999261,7.249318668946733e-13,2010-11-30,1280
2010-12-08,2,transition,1.0673110327332124e-159,0.9999999999997158,2.5883917134688604e-13,2010-11-30,1280
2010-12-09,2,transition,1.7528527342793671e-156,0.9999999999996589,3.1860547266991775e-13,2010-11-30,1280
2010-12-10,2,transition,2.9893295872949945e-161,0.9999999999998863,1.002595161296362e-13,2010-11-30,1280
2010-12-13,2,transition,5.119144546752398e-162,1.0,7.76225705196517e-15,2010-11-30,1280
2010-12-14,2,transition,7.113752593078344e-172,0.9999999999999432,7.261311068743785e-14,2010-11-30,1280
2010-12-15,2,transition,1.788088224686028e-170,1.0,6.132233587550608e-15,2010-11-30,1280
2010-12-16,2,transition,5.494138295208647e-167,1.0,9.737566817942427e-15,2010-11-30,1280
2010-12-17,2,transition,1.177507876959571e-170,1.0,2.2720690382233475e-14,2010-11-30,1280
2010-12-20,2,transition,4.121804884568052e-170,1.0,7.078694720092726e-15,2010-11-30,1280
2010-12-21,2,transition,3.694189753035549e-165,1.0,1.800962054446814e-14,2010-11-30,1280
2010-12-22,2,transition,7.758699887813394e-171,0.9999999999999432,4.533578134743437e-14,2010-11-30,1280
2010-12-23,2,transition,4.68708420971052e-168,0.9999999999999432,3.564541603010919e-14,2010-11-30,1280
2010-12-24,2,transition,2.0421075137536563e-167,1.0,2.0754371389688517e-14,2010-11-30,1280
2010-12-27,2,transition,5.354489866076665e-158,0.9999999999999432,3.6614411874439845e-14,2010-11-30,1280
2010-12-28,2,transition,5.931581442056767e-162,0.9999999999973852,2.594755977398116e-12,2010-11-30,1280
2010-12-29,2,transition,3.7694671728341837e-162,0.9999999999999432,8.478705255341456e-14,2010-11-30,1280
2010-12-30,2,transition,2.061485623259589e-161,0.9999999999998863,1.0702662720583597e-13,2010-11-30,1280
2010-12-31,2,transition,1.7375154578554225e-156,0.9999999999903366,9.645826267676828e-12,2010-11-30,1280
2011-01-03,1,risk_on,1.0,0.0,6.862955781106867e-53,2010-12-31,1303
2011-01-04,1,risk_on,0.9999999999983515,5.714238512613722e-50,1.655527275684715e-12,2010-12-31,1303
2011-01-05,1,risk_on,0.9999999999975557,3.639502298872471e-27,2.4479953402949837e-12,2010-12-31,1303
2011-01-06,1,risk_on,0.9999999999969873,5.1944376551547805e-28,3.0190121753816656e-12,2010-12-31,1303
2011-01-07,1,risk_on,0.9999999999981242,2.783272913833794e-28,1.8650206362397136e-12,2010-12-31,1303
2011-01-10,1,risk_on,0.9999999999962768,2.777835528455495e-29,3.737156831768686e-12,2010-12-31,1303
2011-01-11,1,risk_on,0.9999999999983515,7.386470351366609e-29,1.6545471276709876e-12,2010-12-31,1303
2011-01-12,1,risk_on,0.9999999999982947,8.221265023463038e-29,1.70668246149906e-12,2010-12-31,1303
2011-01-13,1,risk_on,0.9999999999984652,3.065410217603308e-29,1.5438859620630716e-12,2010-12-31,1303
2011-01-14,1,risk_on,0.9999999999993179,1.8034260056167988e-29,6.72660757150344e-13,2010-12-31,1303
2011-01-17,1,risk_on,0.9999999999994031,6.727422649441235e-30,5.889198764593882e-13,2010-12-31,1303
2011-01-18,1,risk_on,0.9999999999994884,1.0290531695304723e-28,5.14449184770673e-13,2010-12-31,1303
2011-01-19,1,risk_on,0.9999999999874376,1.8451902190806013e-29,1.2559237547449603e-11,2010-12-31,1303
2011-01-20,1,risk_on,0.9999999999932925,4.2443940431577114e-27,6.69586196903652e-12,2010-12-31,1303
2011-01-21,1,risk_on,0.9999999999769784,3.368910629952268e-28,2.3016515039780088e-11,2010-12-31,1303
2011-01-24,1,risk_on,0.9999999999886882,1.5165276651911194e-27,1.1310342942521342e-11,2010-12-31,1303
2011-01-25,1,risk_on,0.9999999999859313,1.107334353547818e-28,1.4059925339622926e-11,2010-12-31,1303
2011-01-26,1,risk_on,0.9999999999972715,2.0277121602680256e-28,2.7146737947664815e-12,2010-12-31,1303
2011-01-27,1,risk_on,0.9999999999982663,1.2098250995669627e-26,1.7315382186503038e-12,2010-12-31,1303
2011-01-28,1,risk_on,0.9999999988968113,2.8590846365381294e-24,1.1031839709331605e-09,2010-12-31,1303
2011-01-31,1,risk_on,0.9999999835181087,3.379445370608457e-16,1.6481900918319723e-08,2010-12-31,1303
2011-02-01,2,risk_on,1.0,9.964572572034348e-250,0.0,2011-01-31,1324
2011-02-02,2,risk_on,0.9999999246961011,7.530389810653611e-08,1.4320353188662678e-191,2011-01-31,1324
2011-02-03,2,risk_on,0.9999998950125131,1.0498749195285314e-07,2.999750836392615e-25,2011-01-31,1324
2011-02-04,2,risk_on,0.9999997641705101,2.3582948795948243e-07,2.7977950675048e-24,2011-01-31,1324
2011-02-07,2,risk_on,0.9999998123756092,1.8762439082212713e-07,1.5794132736733177e-24,2011-01-31,1324
2011-02-08,2,risk_on,0.9999998367034513,1.632965532381898e-07,1.0357370465822576e-22,2011-01-31,1324
2011-02-09,2,risk_on,0.999999237668269,7.623317263186822e-07,1.688680046062338e-23,2011-01-31,1324
2011-02-10,2,risk_on,0.9999999038824161,9.611758091984932e-08,8.019566454543213e-23,2011-01-31,1324
2011-02-11,2,risk_on,0.9999995965997318,4.034002615856574e-07,4.2470309115698304e-23,2011-01-31,1324
2011-02-14,2,risk_on,0.9999998150932214,1.8490678519203432e-07,1.2275276046900616e-22,2011-01-31,1324
2011-02-15,2,risk_on,0.9999996945094591,3.054905395099104e-07,8.642371217561754e-24,2011-01-31,1324
2011-02-16,2,risk_on,0.999999942419551,5.7580448292858605e-08,5.260285638854764e-24,2011-01-31,1324
2011-02-17,2,risk_on,0.9999999201957085,7.980428749761829e-08,1.8226781046492627e-25,2011-01-31,1324
2011-02-18,2,risk_on,0.9999999449043899,5.5095604074517636e-08,4.416052402257067e-25,2011-01-31,1324
2011-02-21,2,risk_on,0.999999773529649,2.2647034439253965e-07,5.647675165732313e-22,2011-01-31,1324
2011-02-22,2,risk_on,0.9996204484421286,0.00037955155786525773,1.368359894327563e-20,2011-01-31,1324
2011-02-23,2,risk_on,0.9999241592900627,7.584070993958457e-05,1.2744959915220446e-17,2011-01-31,1324
2011-02-24,2,risk_on,0.9999331256873865,6.687431261353427e-05,3.106311258324778e-18,2011-01-31,1324
2011-02-25,2,risk_on,0.9999749725835281,2.5027416468973273e-05,2.1670760265836833e-17,2011-01-31,1324
2011-02-28,2,risk_on,0.9999120941212024,8.790587879678823e-05,2.690542967919419e-15,2011-01-31,1324
2011-03-01,0,risk_on,1.0,0.0,0.0,2011-02-28,1344
2011-03-02,2,transition,4.122588446352048e-104,1.0,5.495115512106503e-201,2011-02-28,1344
2011-03-03,2,transition,3.196431295409231e-172,0.9999999999999432,3.4512349055729005e-14,2011-02-28,1344
2011-03-04,2,transition,2.9434444656231312e-173,1.0,1.804047511379189e-15,2011-02-28,1344
2011-03-07,2,transition,5.704069334768149e-167,1.0,4.3169473329373864e-15,2011-02-28,1344
2011-03-08,2,transition,6.154203104053584e-169,1.0,3.2263635000506303e-15,2011-02-28,1344
2011-03-09,2,transition,2.2234568877475756e-164,1.0,3.659421301439674e-15,2011-02-28,1344
2011-03-10,2,transition,4.839149286542801e-161,1.0,3.588736121123595e-15,2011-02-28,1344
2011-03-11,2,transition,2.411817123195254e-168,1.0,2.311463150115065e-15,2011-02-28,1344
2011-03-14,2,transition,1.7171515318855828e-164,1.0,2.196690808033124e-16,2011-02-28,1344
2011-03-15,2,transition,3.169369683613669e-149,1.0,7.006626183600874e-16,2011-02-28,1344
2011-03-16,2,transition,9.031141502527627e-132,1.0,6.609293603064337e-16,2011-02-28,1344
2011-03-17,2,transition,1.1950164510995585e-139,1.0,1.07366361826756e-15,2011-02-28,1344
2011-03-18,2,transition,3.312087750993752e-147,1.0,4.719264222533946e-16,2011-02-28,1344
2011-03-21,2,transition,6.194543744046508e-163,1.0,8.168744640357758e-15,2011-02-28,1344
2011-03-22,2,transition,1.8719536465313725e-161,1.0,9.273806141028781e-15,2011-02-28,1344
2011-03-23,2,transition,3.693168277637613e-166,1.0,1.1641076275118983e-14,2011-02-28,1344
2011-03-24,2,transition,1.1703322530283108e-172,0.9999999999999432,3.252390097945166e-14,2011-02-28,1344
2011-03-25,2,transition,1.3382591152589186e-171,0.9999999999998863,9.543064743498287e-14,2011-02-28,1344
2011-03-28,2,transition,4.620363770530197e-163,0.9999999999998863,1.262719700668812e-13,2011-02-28,1344
2011-03-29,2,transition,1.6662458537642455e-165,0.9999999999991473,8.271099370916303e-13,2011-02-28,1344
2011-03-30,2,transition,4.8205390833721796e-166,0.9999999999990337,9.919996674009492e-13,2011-02-28,1344
2011-03-31,2,transition,1.6082633671721466e-162,0.9999999996287556,3.7123529487180927e-10,2011-02-28,1344
2011-04-01,0,risk_on,1.0,0.0,4.2931821709804904e-36,2011-03-31,1367
2011-04-04,0,risk_on,0.999999733966824,3.336565808420267e-48,2.6603317404952806e-07,2011-03-31,1367
2011-04-05,0,risk_on,0.9999997465396754,1.4636061911232605e-18,2.5346032722042795e-07,2011-03-31,1367
2011-04-06,0,risk_on,0.9999996654543954,5.98255853445291e-19,3.345456048805177e-07,2011-03-31,1367
2011-04-07,0,risk_on,0.9999999566082503,3.2654420840308085e-20,4.339175324649567e-08,2011-03-31,1367
2011-04-08,0,risk_on,0.9999999297686226,1.8161126233186634e-20,7.02313809393735e-08,2011-03-31,1367
2011-04-11,0,risk_on,0.9999998404737894,2.3302232057580134e-18,1.5952620571201738e-07,2011-03-31,1367
2011-04-12,0,risk_on,0.999999258244207,4.592053075924059e-19,7.417557999573258e-07,2011-03-31,1367
2011-04-13,0,risk_on,0.9999999019676883,1.7600644713080244e-19,9.803230665939923e-08,2011-03-31,1367
2011-04-14,0,risk_on,0.9999999364792436,1.243934775685442e-19,6.352076153522668e-08,2011-03-31,1367
2011-04-15,0,risk_on,0.9999999393558615,1.0416000118520661e-19,6.064413478801026e-08,2011-03-31,1367
2011-04-18,0,risk_on,0.9999998988317509,1.0406317668020599e-21,1.0116824533156456e-07,2011-03-31,1367
2011-04-19,0,risk_on,0.9999999846033917,1.0624404179196432e-21,1.539661265263495e-08,2011-03-31,1367
2011-04-20,0,risk_on,0.9999999712519672,2.6601713156155e-22,2.8748034587434092e-08,2011-03-31,1367
2011-04-21,0,risk_on,0.9999999888381695,4.2040681242941543e-22,1.116183387924694e-08,2011-03-31,1367
2011-04-22,0,risk_on,0.9999999871169934,1.8240727306989682e-22,1.2883009016097394e-08,2011-03-31,1367
2011-04-25,0,risk_on,0.9999999874155635,5.497977580578562e-23,1.2584440977553313e-08,2011-03-31,1367
2011-04-26,0,risk_on,0.9999999846221216,2.2262308597884454e-23,1.537787958751495e-08,2011-03-31,1367
2011-04-27,0,risk_on,0.9999999930886929,5.965810942031748e-23,6.9113128984966376e-09,2011-03-31,1367
2011-04-28,0,risk_on,0.9999999852470866,5.544864115447999e-19,1.4752913830691364e-08,2011-03-31,1367
2011-04-29,0,risk_on,0.9999992117709959,3.172335477238927e-14,7.882289776824485e-07,2011-03-31,1367
2011-05-02,1,risk_on,1.0,0.0,4.155186744951011e-157,2011-04-30,1388
2011-05-03,1,risk_on,0.9999999942797189,2.6204289246275728e-136,5.7202843341219345e-09,2011-04-30,1388
2011-05-04,1,risk_on,0.9999999848836724,7.651270068693523e-23,1.5116326860164813e-08,2011-04-30,1388
2011-05-05,1,risk_on,0.999999913909921,3.0250292628682793e-22,8.609007371009187e-08,2011-04-30,1388
2011-05-06,1,risk_on,0.9999999466100761,1.4907625593824918e-22,5.3389928932913234e-08,2011-04-30,1388
2011-05-09,1,risk_on,0.9999999778300863,1.0320675765920169e-22,2.216991790834987e-08,2011-04-30,1388
2011-05-10,1,risk_on,0.999999983343642,9.562661771829608e-22,1.6656354952104755e-08,2011-04-30,1388
2011-05-11,1,risk_on,0.9999999442765117,4.8023933195834276e-23,5.572348521126553e-08,2011-04-30,1388
2011-05-12,1,risk_on,0.9999999917404097,1.0428380631306392e-22,8.25959437855472e-09,2011-04-30,1388
2011-05-13,1,risk_on,0.9999999660219464,8.580764695645189e-24,3.397805596447521e-08,2011-04-30,1388
2011-05-16,1,risk_on,0.9999999790713476,1.5097537058110935e-23,2.0928655467058782e-08,2011-04-30,1388
2011-05-17,1,risk_on,0.9999999193413803,3.673087951361086e-23,8.065862556652407e-08,2011-04-30,1388
2011-05-18,1,risk_on,0.9999999837793468,3.4691224519117905e-22,1.622065587935268e-08,2011-04-30,1388
2011-05-19,1,risk_on,0.9999999847627238,3.4677184685093717e-23,1.523727655123421e-08,2011-04-30,1388
2011-05-20,1,risk_on,0.9999999905560344,4.407366625295993e-24,9.443968291197958e-09,2011-04-30,1388
2011-05-23,1,risk_on,0.9999999685889525,1.2194513031986627e-24,3.1411048100541426e-08,2011-04-30,1388
2011-05-24,1,risk_on,0.999999991951313,3.492210846446367e-24,8.048688770538272e-09,2011-04-30,1388
2011-05-25,1,risk_on,0.9999999685572196,4.942155677445691e-23,3.144278165368867e-08,2011-04-30,1388
2011-05-26,1,risk_on,0.9999999495675679,2.3939066102657324e-22,5.043242952008233e-08,2011-04-30,1388
2011-05-27,1,risk_on,0.999999994195548,5.0396360065180504e-24,5.8044491677385105e-09,2011-04-30,1388
2011-05-30,1,risk_on,0.9999999979118712,1.662812488056506e-22,2.08813348666565e-09,2011-04-30,1388
2011-05-31,1,risk_on,0.9999996332064531,2.870887113981097e-16,3.667935507586413e-07,2011-04-30,1388
2011-06-01,0,risk_on,1.0,2.174550638861206e-54,0.0,2011-05-31,1410
2011-06-02,0,risk_on,0.9999999273136124,7.268640087534857e-08,2.0840444335399898e-72,2011-05-31,1410
2011-06-03,0,risk_on,0.9999981809922988,1.819007697025592e-06,8.018969082071446e-24,2011-05-31,1410
2011-06-06,0,risk_on,0.999964148346308,3.585165369607751e-05,1.483694050081614e-20,2011-05-31,1410
2011-06-07,0,risk_on,0.9995445647935275,0.0004554352064748352,4.45298260528541e-21,2011-05-31,1410
2011-06-08,0,risk_on,0.9999977949577367,2.2050422688512737e-06,2.885999263784678e-23,2011-05-31,1410
2011-06-09,0,risk_on,0.9999992198231299,7.801768673770862e-07,2.273323643254068e-24,2011-05-31,1410
2011-06-10,0,risk_on,0.9999989862363656,1.0137636338938385e-06,1.2881008336763959e-26,2011-05-31,1410
2011-06-13,0,risk_on,0.9999999265763249,7.342367912890757e-08,1.2034843830381815e-27,2011-05-31,1410
2011-06-14,0,risk_on,0.9999991489005919,8.510994204632228e-07,2.8474625939325002e-25,2011-05-31,1410
2011-06-15,0,risk_on,0.999966601944274,3.339805572232329e-05,4.705076434034899e-25,2011-05-31,1410
2011-06-16,0,risk_on,0.9999784399266108,2.1560073392324367e-05,9.748183022206051e-26,2011-05-31,1410
2011-06-17,0,risk_on,0.99999900117068,9.988293313750334e-07,7.515976771141237e-28,2011-05-31,1410
2011-06-20,0,risk_on,0.9999998937943587,1.0620564974985024e-07,2.279318499330158e-28,2011-05-31,1410
2011-06-21,0,risk_on,0.9999992514566104,7.485434029647498e-07,1.5972422480279973e-28,2011-05-31,1410
2011-06-22,0,risk_on,0.9999996644971242,3.355028777536062e-07,1.4827686549886486e-27,2011-05-31,1410
2011-06-23,0,risk_on,0.9999997716534187,2.2834657058167177e-07,3.114135279728998e-28,2011-05-31,1410
2011-06-24,0,risk_on,0.9999987879691004,1.2120309075805223e-06,1.591670833169135e-28,2011-05-31,1410
2011-06-27,0,risk_on,0.9999984639944871,1.5360055024552404e-06,7.598316069006723e-26,2011-05-31,1410
2011-06-28,0,risk_on,0.9999942099013533,5.790098657660522e-06,2.1123461544877426e-24,2011-05-31,1410
2011-06-29,0,risk_on,0.9999996594710876,3.405289002909394e-07,1.0049819122671275e-22,2011-05-31,1410
2011-06-30,0,risk_on,0.9999245088707011,7.549112928845852e-05,3.0199915017370714e-19,2011-05-31,1410
2011-07-01,1,stress,7.935891152895393e-214,0.0,1.0,2011-06-30,1432
2011-07-04,2,transition,0.0,0.9999999979876293,2.0123902445064106e-09,2011-06-30,1432
2011-07-05,2,transition,0.0,1.0,5.805566705937726e-15,2011-06-30,1432
2011-07-06,2,transition,0.0,1.0,6.154903275405743e-15,2011-06-30,1432
2011-07-07,2,transition,0.0,1.0,1.2110665941202853e-14,2011-06-30,1432
2011-07-08,2,transition,0.0,1.0,4.797253778427847e-15,2011-06-30,1432
2011-07-11,2,transition,0.0,1.0,3.3448378921441256e-14,2011-06-30,1432
2011-07-12,2,transition,0.0,1.0,2.6596066096518832e-14,2011-06-30,1432
2011-07-13,2,transition,0.0,1.0,3.3534882354752114e-14,2011-06-30,1432
2011-07-14,2,transition,0.0,0.9999999999997726,1.792305958931147e-13,2011-06-30,1432
2011-07-15,2,transition,0.0,1.0,2.0735936326714157e-14,2011-06-30,1432
2011-07-18,2,transition,0.0,1.0,4.649135402601111e-14,2011-06-30,1432
2011-07-19,2,transition,0.0,0.9999999999998863,8.57164802513597e-14,2011-06-30,1432
2011-07-20,2,transition,0.0,0.9999999999998863,6.508208483246774e-14,2011-06-30,1432
2011-07-21,2,transition,0.0,0.9999999999998863,6.050160263610051e-14,2011-06-30,1432
2011-07-22,2,transition,0.0,1.0,1.471409729533604e-14,2011-06-30,1432
2011-07-25,2,transition,0.0,0.9999999999998863,1.2754761429218874e-13,2011-06-30,1432
2011-07-26,2,transition,0.0,1.0,1.1647047936619549e-14,2011-06-30,1432
2011-07-27,2,transition,0.0,0.9999999999988631,1.1649969254830206e-12,2011-06-30,1432
2011-07-28,2,transition,0.0,0.9999999999998863,7.0531700061657e-14,2011-06-30,1432
2011-07-29,2,transition,0.0,0.9999999999885176,1.1502259579642455e-11,2011-06-30,1432
2011-08-01,1,risk_on,1.0,0.0,0.0,2011-07-31,1453
2011-08-02,2,transition,5.0513686467873415e-93,1.0,2.1276321406500752e-192,2011-07-31,1453
2011-08-03,2,transition,4.1790654722671355e-148,1.0,1.54325077841639e-20,2011-07-31,1453
2011-08-04,2,transition,4.226915714013547e-133,1.0,9.40889237856364e-26,2011-07-31,1453
2011-08-05,2,transition,2.812519317409041e-131,1.0,1.0122928476786059e-25,2011-07-31,1453
2011-08-08,2,transition,1.2476265742224503e-98,1.0,1.2727526412047978e-29,2011-07-31,1453
2011-08-09,2,transition,1.4893913971456745e-126,1.0,1.3903961318489452e-17,2011-07-31,1453
2011-08-10,2,transition,1.7784454602841782e-109,1.0,8.179238374551277e-25,2011-07-31,1453
2011-08-11,2,transition,1.1206073263108585e-120,1.0,4.946281686801966e-23,2011-07-31,1453
2011-08-12,2,transition,4.226012266567755e-115,1.0,3.1353914280739966e-22,2011-07-31,1453
2011-08-15,2,transition,5.185028216133386e-130,1.0,2.794501018925143e-18,2011-07-31,1453
2011-08-16,2,transition,4.854271325655612e-126,1.0,1.273883371015594e-18,2011-07-31,1453
2011-08-17,2,transition,7.926252795358588e-128,1.0,1.695483195749447e-16,2011-07-31,1453
2011-08-18,2,transition,1.0799758613569197e-103,1.0,2.6846833101104997e-19,2011-07-31,1453
2011-08-19,2,transition,6.229167843995641e-101,1.0,7.686067414301541e-21,2011-07-31,1453
2011-08-22,2,transition,2.512989470489463e-106,1.0,2.5626513155137486e-18,2011-07-31,1453
2011-08-23,2,transition,8.90842821116038e-121,0.99999999999784,2.213779312043933e-12,2011-07-31,1453
2011-08-24,2,transition,6.407020950146321e-123,1.0,8.298041115238159e-15,2011-07-31,1453
2011-08-25,2,transition,3.5773738506739205e-105,1.0,1.7915641887249503e-16,2011-07-31,1453
2011-08-26,2,transition,2.4420099538287307e-114,1.0,1.7272338007840265e-14,2011-07-31,1453
2011-08-29,2,transition,3.051798375505645e-130,0.9999999999934062,6.634701303802687e-12,2011-07-31,1453
2011-08-30,2,transition,7.695736747408572e-126,0.999999999982947,1.700351712941016e-11,2011-07-31,1453
2011-08-31,2,transition,8.131937951183497e-131,0.9999999922096094,7.790365232006342e-09,2011-07-31,1453
2011-09-01,2,transition,0.0,1.0,0.0,2011-08-31,1476
2011-09-02,0,stress,0.0,3.855506704977811e-19,1.0,2011-08-31,1476
2011-09-05,0,stress,1.5024352492882174e-12,1.9579762119001242e-32,0.9999999999984936,2011-08-31,1476
2011-09-06,0,stress,1.0547335707507664e-11,2.3522250276384703e-44,0.9999999999894555,2011-08-31,1476
2011-09-07,0,stress,8.490595405016444e-12,4.9127346635032767e-57,0.9999999999915019,2011-08-31,1476
2011-09-08,0,stress,1.536687192847369e-08,2.2563260106558696e-68,0.9999999846331208,2011-08-31,1476
2011-09-09,0,stress,8.372275375488579e-13,4.398065280323261e-83,0.9999999999991758,2011-08-31,1476
2011-09-12,0,stress,3.420364387159683e-13,7.585255402985366e-92,0.9999999999996589,2011-08-31,1476
2011-09-13,0,stress,1.355125807915743e-11,1.309814172863686e-90,0.9999999999864428,2011-08-31,1476
2011-09-14,0,stress,4.8157295166429845e-09,7.244992056586247e-89,0.9999999951842824,2011-08-31,1476
2011-09-15,0,stress,6.196937363713848e-08,1.709579151107433e-89,0.999999938030614,2011-08-31,1476
2011-09-16,0,stress,5.521653294975828e-09,1.182492676857726e-92,0.999999994478344,2011-08-31,1476
2011-09-19,0,stress,1.9996862507494986e-09,5.393550650955967e-93,0.9999999980003054,2011-08-31,1476
2011-09-20,0,stress,7.841439112314734e-09,2.4289260025796442e-93,0.999999992158564,2011-08-31,1476
2011-09-21,0,stress,1.613140775705658e-11,9.398717775817802e-95,0.9999999999838565,2011-08-31,1476
2011-09-22,0,stress,8.976157160248251e-14,1.8627911773372192e-99,0.9999999999999147,2011-08-31,1476
2011-09-23,0,stress,2.3907612445717483e-15,5.144997152100428e-100,1.0,2011-08-31,1476
2011-09-26,0,stress,1.0534775802181557e-14,5.086861800781612e-97,1.0,2011-08-31,1476
2011-09-27,0,stress,4.4633519319630066e-11,8.357400950378489e-93,0.9999999999553779,2011-08-31,1476
2011-09-28,0,stress,7.911697538385158e-15,4.409065008601974e-96,1.0,2011-08-31,1476
2011-09-29,0,stress,1.5055915995519763e-14,2.758583889417682e-96,0.9999999999999716,2011-08-31,1476
2011-09-30,0,stress,5.806261618185594e-16,4.45677771331624e-98,1.0,2011-08-31,1476
2011-10-03,0,risk_on,1.0,0.0,0.0,2011-09-30,1498
2011-10-04,2,transition,1.021374640733496e-44,1.0,0.0,2011-09-30,1498
2011-10-05,1,stress,1.452273734004991e-85,6.941699408217276e-07,0.9999993058300582,2011-09-30,1498
2011-10-06,1,stress,8.704779196136062e-129,2.407465141493189e-10,0.9999999997592681,2011-09-30,1498
2011-10-07,1,stress,2.360439264236354e-172,1.0895159783055497e-10,0.9999999998910312,2011-09-30,1498
2011-10-10,1,stress,1.1811475065167448e-180,1.367643524339495e-13,0.9999999999998863,2011-09-30,1498
2011-10-11,1,stress,3.684100832247093e-179,1.0498637578434739e-10,0.9999999998950102,2011-09-30,1498
2011-10-12,1,stress,4.086732031758861e-177,7.638605693623984e-09,0.9999999923613814,2011-09-30,1498
2011-10-13,1,stress,2.799019314884612e-175,6.820014687632384e-08,0.9999999317998368,2011-09-30,1498
2011-10-14,1,stress,2.193346265204694e-186,2.9522923552405948e-08,0.9999999704770635,2011-09-30,1498
2011-10-17,1,stress,3.76295941322867e-171,1.173783221839758e-08,0.9999999882621752,2011-09-30,1498
2011-10-18,1,stress,6.542966658578052e-175,1.1824903552638478e-08,0.9999999881750911,2011-09-30,1498
2011-10-19,1,stress,1.73255594155715e-167,1.6554459698253752e-08,0.9999999834455481,2011-09-30,1498
2011-10-20,1,stress,1.2194860268098672e-164,2.767951280032902e-08,0.9999999723204954,2011-09-30,1498
2011-10-21,1,stress,5.569646283395733e-172,1.304550112698693e-07,0.9999998695449875,2011-09-30,1498
2011-10-24,1,stress,7.79298115042809e-177,2.0921558918919193e-07,0.9999997907844081,2011-09-30,1498
2011-10-25,1,stress,6.712397577465238e-170,4.1712324178022265e-08,0.9999999582876749,2011-09-30,1498
2011-10-26,1,stress,8.987239529486637e-176,3.2264703602717466e-07,0.9999996773529413,2011-09-30,1498
2011-10-27,1,stress,1.1028908464276045e-196,5.477572596773728e-08,0.999999945224262,2011-09-30,1498
2011-10-28,1,stress,9.00721599144861e-193,2.7034922967715564e-06,0.9999972965076886,2011-09-30,1498
2011-10-31,1,stress,8.571405463360973e-169,1.6381651935795795e-05,0.99998361834807,2011-09-30,1498
2011-11-01,1,stress,0.0,0.0,1.0,2011-10-31,1519
2011-11-02,2,transition,0.0,1.0,2.066888384809466e-20,2011-10-31,1519
2011-11-03,2,transition,0.0,1.0,6.572348908249289e-38,2011-10-31,1519
2011-11-04,2,transition,0.0,1.0,1.3100055959502646e-55,2011-10-31,1519
2011-11-07,2,transition,0.0,1.0,1.284447979474864e-74,2011-10-31,1519
2011-11-08,2,transition,0.0,1.0,6.009754971614098e-94,2011-10-31,1519
2011-11-09,2,transition,0.0,1.0,1.9971325909828182e-114,2011-10-31,1519
2011-11-10,2,transition,0.0,1.0,2.8379351506747886e-132,2011-10-31,1519
2011-11-11,2,transition,0.0,1.0,5.113813064206415e-144,2011-10-31,1519
2011-11-14,2,transition,0.0,1.0,1.31109860816168e-144,2011-10-31,1519
2011-11-15,2,transition,0.0,1.0,2.9300938251124595e-144,2011-10-31,1519
2011-11-16,2,transition,0.0,1.0,1.3343765026951682e-146,2011-10-31,1519
2011-11-17,2,transition,0.0,1.0,5.5025092275667746e-148,2011-10-31,1519
2011-11-18,2,transition,0.0,1.0,3.921810623721338e-147,2011-10-31,1519
2011-11-21,2,transition,0.0,1.0,1.0086079317421456e-147,2011-10-31,1519
2011-11-22,2,transition,0.0,1.0,3.1741589424135434e-149,2011-10-31,1519
2011-11-23,2,transition,0.0,1.0,2.1258267644718926e-151,2011-10-31,1519
2011-11-24,2,transition,0.0,1.0,1.600610709168634e-151,2011-10-31,1519
2011-11-25,2,transition,0.0,1.0,8.772286684029399e-150,2011-10-31,1519
2011-11-28,2,transition,0.0,1.0,7.018301940638059e-148,2011-10-31,1519
2011-11-29,2,transition,0.0,1.0,5.533352831163068e-148,2011-10-31,1519
2011-11-30,2,transition,0.0,1.0,1.798101783016416e-144,2011-10-31,1519
2011-12-01,0,stress,0.0,0.0,1.0,2011-11-30,1541
2011-12-02,2,transition,0.0,1.0,1.836898289775937e-22,2011-11-30,1541
2011-12-05,2,transition,0.0,1.0,1.7215646874343871e-43,2011-11-30,1541
2011-12-06,2,transition,0.0,1.0,2.7702917306102943e-63,2011-11-30,1541
2011-12-07,2,transition,0.0,1.0,3.520507863419194e-82,2011-11-30,1541
2011-12-08,2,transition,0.0,1.0,2.2232104475498961e-103,2011-11-30,1541
2011-12-09,2,transition,0.0,1.0,9.06182407582637e-123,2011-11-30,1541
2011-12-12,2,transition,0.0,1.0,2.659745018934785e-143,2011-11-30,1541
2011-12-13,2,transition,0.0,1.0,8.589166498619111e-158,2011-11-30,1541
2011-12-14,2,transition,0.0,1.0,3.7790743701884566e-160,2011-11-30,1541
2011-12-15,2,transition,0.0,1.0,7.796747060319574e-161,2011-11-30,1541
2011-12-16,2,transition,0.0,1.0,8.730799356331691e-163,2011-11-30,1541
2011-12-19,2,transition,0.0,1.0,2.1124460411258548e-165,2011-11-30,1541
2011-12-20,2,transition,0.0,1.0,2.2378018802843084e-162,2011-11-30,1541
2011-12-21,2,transition,0.0,1.0,2.4168293240975474e-161,2011-11-30,1541
2011-12-22,2,transition,0.0,1.0,3.3864487315233702e-161,2011-11-30,1541
2011-12-23,2,transition,0.0,1.0,6.565917500483867e-160,2011-11-30,1541
2011-12-26,2,transition,0.0,1.0,7.68649097754911e-160,2011-11-30,1541
2011-12-27,2,transition,0.0,1.0,7.002281568696868e-159,2011-11-30,1541
2011-12-28,2,transition,0.0,1.0,4.9524784583402076e-161,2011-11-30,1541
2011-12-29,2,transition,0.0,1.0,1.6580292489682723e-162,2011-11-30,1541
2011-12-30,2,transition,0.0,1.0,7.765279920152216e-161,2011-11-30,1541
2012-01-02,2,transition,0.0,1.0,0.0,2011-12-31,1563
2012-01-03,0,stress,0.0,7.651958092984435e-19,1.0,2011-12-31,1563
2012-01-04,0,stress,6.179052831855969e-06,6.764149987644822e-37,0.9999938209471589,2011-12-31,1563
2012-01-05,0,stress,1.0793211643995064e-05,8.104091678724869e-55,0.9999892067883532,2011-12-31,1563
2012-01-06,0,stress,3.1836052489371076e-06,2.541799240535965e-74,0.9999968163947501,2011-12-31,1563
2012-01-09,0,stress,7.4205291025831375e-06,2.566308721288497e-94,0.9999925794708903,2011-12-31,1563
2012-01-10,0,stress,6.843182215478115e-06,2.8876109595365212e-114,0.9999931568177894,2011-12-31,1563
2012-01-11,0,stress,4.407691716372643e-06,1.879844407327531e-122,0.9999955923082887,2011-12-31,1563
2012-01-12,0,stress,2.8319379944759714e-06,6.745200622664449e-123,0.9999971680620117,2011-12-31,1563
2012-01-13,0,stress,1.1934364398747864e-06,4.23768566004751e-123,0.999998806563555,2011-12-31,1563
2012-01-16,0,stress,1.23407240956976e-06,1.072770522750786e-123,0.9999987659275801,2011-12-31,1563
2012-01-17,0,stress,4.372401614577614e-07,2.5018219816981165e-125,0.9999995627598356,2011-12-31,1563
2012-01-18,0,stress,5.753621028071199e-07,4.972609472180077e-126,0.999999424637901,2011-12-31,1563
2012-01-19,0,stress,1.3905627251031691e-06,2.385346283329314e-125,0.9999986094372848,2011-12-31,1563
2012-01-20,0,stress,2.5356633454140137e-06,1.486066068924227e-125,0.9999974643366474,2011-12-31,1563
2012-01-23,0,stress,6.5934347057650345e-06,1.5330409567190388e-124,0.9999934065652893,2011-12-31,1563
2012-01-24,0,stress,1.0745772560457552e-05,1.4620636936197696e-123,0.9999892542274271,2011-12-31,1563
2012-01-25,0,stress,3.1114286370293666e-06,9.546691297311878e-126,0.9999968885713687,2011-12-31,1563
2012-01-26,0,stress,9.43854344445521e-07,2.2586193102753286e-125,0.9999990561456591,2011-12-31,1563
2012-01-27,0,stress,3.5326056839480277e-07,2.2648474208780104e-126,0.9999996467394452,2011-12-31,1563
2012-01-30,0,stress,2.0026289602543446e-07,1.7064454118282555e-126,0.9999997997371027,2011-12-31,1563
2012-01-31,0,stress,5.596953292657941e-06,7.096986063067455e-126,0.999994403046716,2011-12-31,1563
2012-02-01,0,risk_on,1.0,0.0,0.0,2012-01-31,1585
2012-02-02,2,transition,3.874381938679238e-81,1.0,1.04562416680815e-97,2012-01-31,1585
2012-02-03,1,stress,3.346340700771249e-170,1.140854495702614e-05,0.9999885914550568,2012-01-31,1585
2012-02-06,1,stress,4.8716866358490276e-254,9.588783147064784e-10,0.9999999990411084,2012-01-31,1585
2012-02-07,1,stress,1.6233786672633249e-302,9.369663840350744e-10,0.9999999990630499,2012-01-31,1585
2012-02-08,1,stress,6.502378934210375e-298,3.4477964516594593e-09,0.9999999965522193,2012-01-31,1585
2012-02-09,1,stress,5.814414094326698e-298,4.596955949362398e-09,0.9999999954030159,2012-01-31,1585
2012-02-10,1,stress,6.673943747653048e-286,4.637974307696645e-09,0.9999999953620318,2012-01-31,1585
2012-02-13,1,stress,4.593841601211204e-292,4.4925624115632765e-09,0.9999999955074372,2012-01-31,1585
2012-02-14,1,stress,3.096548323046642e-289,2.5929691111955675e-09,0.9999999974070306,2012-01-31,1585
2012-02-15,1,stress,1.3244411780463485e-284,1.0024532534999916e-09,0.9999999989975663,2012-01-31,1585
2012-02-16,1,stress,1.0380230740377401e-291,3.523723165577936e-09,0.9999999964762765,2012-01-31,1585
2012-02-17,1,stress,4.089034146734497e-297,6.694793573616878e-09,0.9999999933052095,2012-01-31,1585
2012-02-20,1,stress,2.464989553951607e-296,8.7229167555567e-09,0.9999999912770932,2012-01-31,1585
2012-02-21,1,stress,1.0715385631708092e-296,1.4270598862643654e-08,0.999999985729403,2012-01-31,1585
2012-02-22,1,stress,9.210462417595208e-295,9.302434194033901e-09,0.9999999906975745,2012-01-31,1585
2012-02-23,1,stress,6.57724561358908e-300,6.992755442276569e-09,0.9999999930072363,2012-01-31,1585
2012-02-24,1,stress,2.5742107330901285e-297,4.9679553224901e-09,0.9999999950320557,2012-01-31,1585
2012-02-27,1,stress,4.896108058679934e-294,1.9460778816140122e-09,0.9999999980539087,2012-01-31,1585
2012-02-28,1,stress,1.1000277765347926e-293,1.5174491493819012e-09,0.9999999984825649,2012-01-31,1585
2012-02-29,1,stress,1.2661430002644529e-285,2.4203650389517257e-07,0.9999997579634803,2012-01-31,1585
2012-03-01,2,transition,0.0,1.0,0.0,2012-02-29,1606
2012-03-02,1,stress,0.0,3.8932435254052e-27,1.0,2012-02-29,1606
2012-03-05,0,risk_on,0.9867693156911906,3.0766812839853757e-52,0.013230684308821647,2012-02-29,1606
2012-03-06,0,risk_on,0.9996989958314009,3.001375024632273e-74,0.0003010041686071835,2012-02-29,1606
2012-03-07,0,risk_on,0.999996160209559,7.704571805610449e-98,3.839790428549619e-06,2012-02-29,1606
2012-03-08,0,risk_on,0.9999994651790312,1.1227140354346944e-121,5.34820978249691e-07,2012-02-29,1606
2012-03-09,0,risk_on,0.999999711961421,1.4584993420819039e-145,2.8803857932679125e-07,2012-02-29,1606
2012-03-12,0,risk_on,0.9999993416841058,1.866942135145809e-147,6.583158856969549e-07,2012-02-29,1606
2012-03-13,0,risk_on,0.9999980457849115,1.611648906832868e-148,1.954215091258309e-06,2012-02-29,1606
2012-03-14,0,risk_on,0.999995694655328,2.334033739634892e-146,4.305344684453265e-06,2012-02-29,1606
2012-03-15,0,risk_on,0.9999998514021339,4.2469704671021306e-145,1.485978749435738e-07,2012-02-29,1606
2012-03-16,0,risk_on,0.999999740277735,2.688125832450782e-147,2.5972227068709764e-07,2012-02-29,1606
2012-03-19,0,risk_on,0.999999831121599,2.613769047082304e-146,1.6887840899055348e-07,2012-02-29,1606
2012-03-20,0,risk_on,0.9999998778724336,1.195779312651767e-143,1.221275804599978e-07,2012-02-29,1606
2012-03-21,0,risk_on,0.9999998062027277,1.1273911613234321e-144,1.9379728557036136e-07,2012-02-29,1606
2012-03-22,0,risk_on,0.9999994570360453,6.9031591456443205e-143,5.429639619263314e-07,2012-02-29,1606
2012-03-23,0,risk_on,0.9999990490354921,8.670473510561955e-144,9.509645010494476e-07,2012-02-29,1606
2012-03-26,0,risk_on,0.9999980645782187,2.8942228344469795e-145,1.935421774199855e-06,2012-02-29,1606
2012-03-27,0,risk_on,0.9999996190961596,8.889149098232841e-144,3.809038318869879e-07,2012-02-29,1606
2012-03-28,0,risk_on,0.9999990861793632,4.428899303951256e-144,9.138206349910669e-07,2012-02-29,1606
2012-03-29,0,risk_on,0.9999989358965116,6.01367029177566e-143,1.0641034995701696e-06,2012-02-29,1606
2012-03-30,0,risk_on,0.9999641912007028,2.5580065021739592e-138,3.580879929572098e-05,2012-02-29,1606
2012-04-02,1,transition,0.0,1.0,0.0,2012-03-31,1628
2012-04-03,2,risk_on,1.0,7.752504200465568e-99,1.291939709611279e-277,2012-03-31,1628
2012-04-04,2,risk_on,0.999998445624911,2.2501314626809943e-167,1.5543750750174978e-06,2012-03-31,1628
2012-04-05,2,risk_on,0.9999985915514713,1.2335124097488142e-164,1.4084485396127173e-06,2012-03-31,1628
2012-04-06,2,risk_on,0.9999928833566113,4.0118631360047337e-162,7.116643409398615e-06,2012-03-31,1628
2012-04-09,2,risk_on,0.9999851832080873,4.856698924258365e-154,1.4816791906458347e-05,2012-03-31,1628
2012-04-10,2,risk_on,0.9999706826252728,5.5803674191433484e-148,2.9317374729341762e-05,2012-03-31,1628
2012-04-11,2,risk_on,0.9999835123698048,9.810769517586886e-151,1.6487630190735448e-05,2012-03-31,1628
2012-04-12,2,risk_on,0.9999888620256003,1.6010383834725685e-163,1.1137974390799594e-05,2012-03-31,1628
2012-04-13,2,risk_on,0.9999924872309673,2.142420419264437e-152,7.512769039045596e-06,2012-03-31,1628
2012-04-16,2,risk_on,0.9999959817816957,8.336650830234897e-152,4.0182182785963344e-06,2012-03-31,1628
2012-04-17,2,risk_on,0.9999926258000371,4.857945453849602e-158,7.374199984372179e-06,2012-03-31,1628
2012-04-18,2,risk_on,0.9999952872687096,2.7125963928963645e-156,4.712731295256611e-06,2012-03-31,1628
2012-04-19,2,risk_on,0.9999936649962824,3.234751622371959e-157,6.33500369275146e-06,2012-03-31,1628
2012-04-20,2,risk_on,0.9999952287984819,6.050123237028431e-161,4.771201490699509e-06,2012-03-31,1628
2012-04-23,2,risk_on,0.999993726442494,4.347394312954669e-154,6.273557486516614e-06,2012-03-31,1628
2012-04-24,2,risk_on,0.9999892748560802,1.052845192462521e-158,1.0725143893075169e-05,2012-03-31,1628
2012-04-25,2,risk_on,0.9999784837740544,3.045217659901632e-165,2.151622594985121e-05,2012-03-31,1628
2012-04-26,2,risk_on,0.9999522701187051,8.240203192604898e-167,4.772988130133351e-05,2012-03-31,1628
2012-04-27,2,risk_on,0.9998214357023386,1.6512826741222936e-166,0.00017856429766854206,2012-03-31,1628
2012-04-30,2,risk_on,0.999035654412331,1.5031356568030031e-159,0.0009643455876473874,2012-03-31,1628
2012-05-01,1,stress,1.4173192938570382e-178,0.0,1.0,2012-04-30,1649
2012-05-02,2,transition,2.2877875906233807e-291,1.0,3.7058156549012646e-31,2012-04-30,1649
2012-05-03,2,transition,0.0,1.0,1.9539395184331896e-61,2012-04-30,1649
2012-05-04,2,transition,0.0,1.0,2.6946638265142505e-92,2012-04-30,1649
2012-05-07,2,transition,0.0,1.0,1.180607528682868e-123,2012-04-30,1649
2012-05-08,2,transition,0.0,1.0,1.845738157929704e-134,2012-04-30,1649
2012-05-09,2,transition,0.0,1.0,6.979523083840839e-135,2012-04-30,1649
2012-05-10,2,transition,0.0,1.0,9.971621817681307e-135,2012-04-30,1649
2012-05-11,2,transition,0.0,1.0,2.4406706180104937e-134,2012-04-30,1649
2012-05-14,2,transition,0.0,1.0,2.007610526434535e-136,2012-04-30,1649
2012-05-15,2,transition,0.0,1.0,8.209607054098306e-138,2012-04-30,1649
2012-05-16,2,transition,0.0,1.0,5.871355617069518e-138,2012-04-30,1649
2012-05-17,2,transition,0.0,1.0,3.1426287887418826e-140,2012-04-30,1649
2012-05-18,2,transition,0.0,1.0,2.2544027799484485e-140,2012-04-30,1649
2012-05-21,2,transition,0.0,1.0,5.0613722071968186e-139,2012-04-30,1649
2012-05-22,2,transition,0.0,1.0,7.706548543356644e-138,2012-04-30,1649
2012-05-23,2,transition,0.0,1.0,8.739416881668397e-139,2012-04-30,1649
2012-05-24,2,transition,0.0,1.0,1.3494349069408208e-138,2012-04-30,1649
2012-05-25,2,transition,0.0,1.0,1.1935657834380348e-138,2012-04-30,1649
2012-05-28,2,transition,0.0,1.0,4.766594614938371e-139,2012-04-30,1649
2012-05-29,2,transition,0.0,1.0,1.400917338258967e-138,2012-04-30,1649
2012-05-30,2,transition,0.0,1.0,2.85545906210044e-142,2012-04-30,1649
2012-05-31,2,transition,0.0,1.0,4.376607155564681e-144,2012-04-30,1649
2012-06-01,2,transition,0.0,1.0,0.0,2012-05-31,1672
2012-06-04,1,stress,0.0,1.1818798623507697e-30,1.0,2012-05-31,1672
2012-06-05,0,risk_on,0.985936429312333,3.360909765299967e-58,0.014063570687670066,2012-05-31,1672
2012-06-06,0,risk_on,0.99964038142324,3.7560588791931875e-87,0.0003596185767639822,2012-05-31,1672
2012-06-07,0,risk_on,0.9999996843200664,1.480875541967601e-113,3.156799438203622e-07,2012-05-31,1672
2012-06-08,0,risk_on,0.9999997513509153,4.6667851838418156e-120,2.4864907242358245e-07,2012-05-31,1672
2012-06-11,0,risk_on,0.9999989858983183,1.9961081012408553e-119,1.0141016817401537e-06,2012-05-31,1672
2012-06-12,0,risk_on,0.9999997362772667,1.759599962555822e-119,2.6372273998424473e-07,2012-05-31,1672
2012-06-13,0,risk_on,0.9999999184580621,1.282165054091579e-117,8.154193861647655e-08,2012-05-31,1672
2012-06-14,0,risk_on,0.9999999228093118,1.2320601279173523e-119,7.719069504859714e-08,2012-05-31,1672
2012-06-15,0,risk_on,0.99999988485775,1.2924747409184593e-120,1.1514223634567451e-07,2012-05-31,1672
2012-06-18,0,risk_on,0.999999818862721,6.825804861378423e-124,1.811372774417864e-07,2012-05-31,1672
2012-06-19,0,risk_on,0.9999998329318343,1.0863865709265176e-121,1.6706817841172052e-07,2012-05-31,1672
2012-06-20,0,risk_on,0.9999986285295702,1.0215583612741704e-120,1.3714704199370714e-06,2012-05-31,1672
2012-06-21,0,risk_on,0.9999890140979408,8.922073087471954e-116,1.098590206466403e-05,2012-05-31,1672
2012-06-22,0,risk_on,0.9999967570538789,5.253661398208153e-115,3.2429461317370356e-06,2012-05-31,1672
2012-06-25,0,risk_on,0.9999940706355374,1.5625163571250252e-113,5.929364463584677e-06,2012-05-31,1672
2012-06-26,0,risk_on,0.9999910511947351,5.0519659440548815e-114,8.94880526218091e-06,2012-05-31,1672
2012-06-27,0,risk_on,0.9999954577311588,4.5817900306987615e-114,4.542268836398664e-06,2012-05-31,1672
2012-06-28,0,risk_on,0.9999832241173586,3.330915292475101e-114,1.6775882632686266e-05,2012-05-31,1672
2012-06-29,0,risk_on,0.9988023525660693,7.258022044423013e-114,0.0011976474339239172,2012-05-31,1672
2012-07-02,2,transition,0.0,1.0,0.0,2012-06-30,1693
2012-07-03,0,stress,0.0,1.1159010223637867e-34,1.0,2012-06-30,1693
2012-07-04,1,risk_on,0.9962904594513909,9.643392170943257e-68,0.0037095405486220457,2012-06-30,1693
2012-07-05,1,risk_on,0.9999872491267253,3.285323893013228e-100,1.2750873280665402e-05,2012-06-30,1693
2012-07-06,1,risk_on,0.9999997696492054,1.0911502737176308e-132,2.303507965198297e-07,2012-06-30,1693
2012-07-09,1,risk_on,0.9999999708989269,8.585744526839415e-151,2.9101067488136136e-08,2012-06-30,1693
2012-07-10,1,risk_on,0.9999999359901912,9.273365923171085e-151,6.400981792730684e-08,2012-06-30,1693
2012-07-11,1,risk_on,0.9999999150162503,3.945602553550953e-151,8.498373978037676e-08,2012-06-30,1693
2012-07-12,1,risk_on,0.9999999536896393,4.9431368543600335e-151,4.631037148404611e-08,2012-06-30,1693
2012-07-13,1,risk_on,0.9999998735756401,1.0116788588616157e-154,1.2642436912733071e-07,2012-06-30,1693
2012-07-16,1,risk_on,0.9999999718047552,2.471727860859603e-154,2.8195240318744572e-08,2012-06-30,1693
2012-07-17,1,risk_on,0.999999969057598,5.875717569832455e-156,3.094241204204128e-08,2012-06-30,1693
2012-07-18,1,risk_on,0.9999999591003368,1.0351366925890341e-156,4.0899661194561665e-08,2012-06-30,1693
2012-07-19,1,risk_on,0.9999999654407935,1.5150788091039455e-158,3.45592057364028e-08,2012-06-30,1693
2012-07-20,1,risk_on,0.9999999575214824,2.803248477708841e-157,4.2478520528071526e-08,2012-06-30,1693
2012-07-23,1,risk_on,0.9999999917532705,1.2012064112063665e-156,8.246735116910676e-09,2012-06-30,1693
2012-07-24,1,risk_on,0.9999999937217297,4.860340832808459e-156,6.278266258966174e-09,2012-06-30,1693
2012-07-25,1,risk_on,0.9999999889884351,4.6955498630193e-156,1.1011571585400529e-08,2012-06-30,1693
2012-07-26,1,risk_on,0.9999999016093901,1.6016467197025066e-156,9.839060382120306e-08,2012-06-30,1693
2012-07-27,1,risk_on,0.9999999499960109,1.1731136120868598e-156,5.000398656729801e-08,2012-06-30,1693
2012-07-30,1,risk_on,0.9999999816933782,3.838501247907731e-154,1.830661311339868e-08,2012-06-30,1693
2012-07-31,1,risk_on,0.9999961789534056,1.0827598221076796e-149,3.821046606877899e-06,2012-06-30,1693
2012-08-01,1,risk_on,1.0,0.0,0.0,2012-07-31,1715
2012-08-02,2,transition,2.7190665376542883e-82,1.0,2.7e-322,2012-07-31,1715
2012-08-03,2,transition,6.670857304061944e-176,0.9999998391203478,1.6087962763704312e-07,2012-07-31,1715
2012-08-06,2,transition,1.0156088731751107e-177,0.9999999604377771,3.956220878545807e-08,2012-07-31,1715
2012-08-07,2,transition,1.1177669618950426e-177,0.9999999334130529,6.658694687811635e-08,2012-07-31,1715
2012-08-08,2,transition,6.488917596557016e-180,0.9999999302921221,6.970786471657771e-08,2012-07-31,1715
2012-08-09,2,transition,5.040599207237553e-182,0.9999998438596103,1.561403875799961e-07,2012-07-31,1715
2012-08-10,2,transition,3.411668220511006e-182,0.9999999464859016,5.351412652207881e-08,2012-07-31,1715
2012-08-13,2,transition,7.129410021312225e-188,0.9999999381998937,6.180013059006104e-08,2012-07-31,1715
2012-08-14,2,transition,1.4149541059453872e-183,0.9999999066653843,9.333462361907263e-08,2012-07-31,1715
2012-08-15,2,transition,8.995495837628896e-186,0.9999998654305478,1.345694803556394e-07,2012-07-31,1715
2012-08-16,2,transition,1.8791652384628963e-186,0.9999999215722286,7.84277846020664e-08,2012-07-31,1715
2012-08-17,2,transition,6.919316979034348e-190,0.9999999219287504,7.807126432814623e-08,2012-07-31,1715
2012-08-20,2,transition,3.539294367247747e-187,0.9999999286895357,7.131047024086027e-08,2012-07-31,1715
2012-08-21,2,transition,1.1043275536357338e-181,0.9999999299947742,7.000525125240593e-08,2012-07-31,1715
2012-08-22,2,transition,2.299855426114838e-180,0.999999889887312,1.1011271426457983e-07,2012-07-31,1715
2012-08-23,2,transition,2.0341104318636323e-176,0.9999999386146802,6.138530248706194e-08,2012-07-31,1715
2012-08-24,2,transition,3.91085579709145e-179,0.9999999152466934,8.475333259830288e-08,2012-07-31,1715
2012-08-27,2,transition,2.6606279777847892e-173,0.99999992615449,7.384552801162163e-08,2012-07-31,1715
2012-08-28,2,transition,9.237670782082996e-173,0.999999918702432,8.129758135562314e-08,2012-07-31,1715
2012-08-29,2,transition,6.612634783835944e-171,0.9999998730276128,1.269724126318094e-07,2012-07-31,1715
2012-08-30,2,transition,4.842275027444388e-168,0.9999990537631831,9.462368251671392e-07,2012-07-31,1715
2012-08-31,2,transition,4.6550792241337224e-167,0.9998748081069244,0.0001251918930780999,2012-07-31,1715
2012-09-03,0,stress,3.2705435095177284e-154,0.0,1.0,2012-08-31,1738
2012-09-04,2,transition,2.428695846601053e-298,1.0,9.230467473231374e-52,2012-08-31,1738
2012-09-05,2,transition,0.0,1.0,1.1627533221431126e-101,2012-08-31,1738
2012-09-06,2,transition,0.0,1.0,2.433797265184989e-135,2012-08-31,1738
2012-09-07,2,transition,0.0,1.0,5.923264182902101e-136,2012-08-31,1738
2012-09-10,2,transition,0.0,1.0,9.185685099781736e-136,2012-08-31,1738
2012-09-11,2,transition,0.0,1.0,1.1247093055406499e-133,2012-08-31,1738
2012-09-12,2,transition,0.0,1.0,3.102717441569042e-131,2012-08-31,1738
2012-09-13,2,transition,0.0,1.0,2.2889905608396674e-131,2012-08-31,1738
2012-09-14,2,transition,0.0,1.0,3.212673353406639e-128,2012-08-31,1738
2012-09-17,2,transition,0.0,1.0,2.153744786195079e-126,2012-08-31,1738
2012-09-18,2,transition,0.0,1.0,4.4247073619879453e-128,2012-08-31,1738
2012-09-19,2,transition,0.0,1.0,4.4178141629273585e-130,2012-08-31,1738
2012-09-20,2,transition,0.0,1.0,2.871162968121088e-131,2012-08-31,1738
2012-09-21,2,transition,0.0,1.0,7.131759055045304e-132,2012-08-31,1738
2012-09-24,2,transition,0.0,1.0,1.7622258088579003e-133,2012-08-31,1738
2012-09-25,2,transition,0.0,1.0,1.7272710353702692e-135,2012-08-31,1738
2012-09-26,2,transition,0.0,1.0,2.7378286803557776e-137,2012-08-31,1738
2012-09-27,2,transition,0.0,1.0,4.7582433257233765e-137,2012-08-31,1738
2012-09-28,2,transition,0.0,1.0,2.363372855940682e-134,2012-08-31,1738
2012-10-01,1,transition,0.0,1.0,0.0,2012-09-30,1758
2012-10-02,0,stress,6.3634620374029275e-102,5.742639616621125e-39,1.0,2012-09-30,1758
2012-10-03,2,risk_on,0.9999477640601695,1.657078253712891e-64,5.2235939821253675e-05,2012-09-30,1758
2012-10-04,2,risk_on,0.9999999932665844,3.75442424643922e-69,6.733421598374188e-09,2012-09-30,1758
2012-10-05,2,risk_on,0.9999999972542639,9.775960029508302e-72,2.745733528569952e-09,2012-09-30,1758
2012-10-08,2,risk_on,0.9999999970638385,1.1693775047009487e-70,2.9361485886107764e-09,2012-09-30,1758
2012-10-09,2,risk_on,0.9999999942683075,2.1565074875773895e-69,5.731692653671957e-09,2012-09-30,1758
2012-10-10,2,risk_on,0.9999999974764933,7.543745395911495e-69,2.523519104279007e-09,2012-09-30,1758
2012-10-11,2,risk_on,0.9999999963122264,9.371093024914634e-71,3.6877597464056273e-09,2012-09-30,1758
2012-10-12,2,risk_on,0.9999999950788094,2.005065140591699e-70,4.9211961539042755e-09,2012-09-30,1758
2012-10-15,2,risk_on,0.9999999953112422,2.6695050075550053e-71,4.688761416199398e-09,2012-09-30,1758
2012-10-16,2,risk_on,0.999999994790528,1.054825899301899e-70,5.2094798752002266e-09,2012-09-30,1758
2012-10-17,2,risk_on,0.9999999849179632,1.413827756243987e-69,1.508204549048921e-08,2012-09-30,1758
2012-10-18,2,risk_on,0.9999999938285669,4.104605852400884e-67,6.171443982903434e-09,2012-09-30,1758
2012-10-19,2,risk_on,0.9999999566708775,9.011203497811974e-66,4.3329119783730805e-08,2012-09-30,1758
2012-10-22,2,risk_on,0.9999999918090055,5.378897764712787e-64,8.1910071653527e-09,2012-09-30,1758
2012-10-23,2,risk_on,0.9999999465544548,4.7704030103814295e-62,5.344554394875897e-08,2012-09-30,1758
2012-10-24,2,risk_on,0.9999999406550177,3.081791920858896e-61,5.9344992743913115e-08,2012-09-30,1758
2012-10-25,2,risk_on,0.99999991964464,2.257973814613073e-61,8.03553532090405e-08,2012-09-30,1758
2012-10-26,2,risk_on,0.9999999720571684,2.511245962902374e-63,2.794281965626191e-08,2012-09-30,1758
2012-10-29,2,risk_on,0.9999999774840946,1.595213891640123e-64,2.2515899020639637e-08,2012-09-30,1758
2012-10-30,2,risk_on,0.9999999529064223,4.08995011814521e-63,4.709359130487253e-08,2012-09-30,1758
2012-10-31,2,risk_on,0.9999844721270046,5.986133843659645e-58,1.552787300598963e-05,2012-09-30,1758
2012-11-01,2,transition,0.0,1.0,0.0,2012-10-31,1781
2012-11-02,0,stress,0.0,5.354317927126178e-34,1.0,2012-10-31,1781
2012-11-05,1,risk_on,0.9984054299506746,4.707090179576856e-68,0.0015945700493392308,2012-10-31,1781
2012-11-06,1,risk_on,0.9999977524307402,4.5673673603412886e-101,2.247569256306948e-06,2012-10-31,1781
2012-11-07,1,risk_on,0.9999993618143936,1.4612314171637866e-130,6.381856109715368e-07,2012-10-31,1781
2012-11-08,1,risk_on,0.9999999760579786,3.633163662394259e-133,2.3942011560261652e-08,2012-10-31,1781
2012-11-09,1,risk_on,0.9999999779678606,3.6385080013195285e-136,2.203212757006687e-08,2012-10-31,1781
2012-11-12,1,risk_on,0.9999999974158698,2.617844029345652e-137,2.5841392563293452e-09,2012-10-31,1781
2012-11-13,1,risk_on,0.9999999961167703,7.18986892976571e-138,3.883226978507749e-09,2012-10-31,1781
2012-11-14,1,risk_on,0.9999999863320285,6.158666588630197e-138,1.366797125997581e-08,2012-10-31,1781
2012-11-15,1,risk_on,0.9999999938948179,9.978747963194921e-139,6.105181449547269e-09,2012-10-31,1781
2012-11-16,1,risk_on,0.9999999988443733,3.317867850895696e-139,1.1556218759772117e-09,2012-10-31,1781
2012-11-19,1,risk_on,0.9999999921153062,2.152274643322587e-140,7.884692973175678e-09,2012-10-31,1781
2012-11-20,1,risk_on,0.9999999987924753,8.135626838106037e-139,1.207511352445947e-09,2012-10-31,1781
2012-11-21,1,risk_on,0.9999999982011332,8.423365479824812e-140,1.7988776095214413e-09,2012-10-31,1781
2012-11-22,1,risk_on,0.9999999976997458,3.3292028165141403e-139,2.3002479316505573e-09,2012-10-31,1781
2012-11-23,1,risk_on,0.999999994246366,1.2606647973058356e-139,5.7536281183652835e-09,2012-10-31,1781
2012-11-26,1,risk_on,0.9999999986377759,2.391115990898442e-138,1.3622242719703139e-09,2012-10-31,1781
2012-11-27,1,risk_on,0.9999999984334522,1.9221225047389003e-139,1.5665444321306106e-09,2012-10-31,1781
2012-11-28,1,risk_on,0.9999999985912211,6.487099705256448e-140,1.408774558573591e-09,2012-10-31,1781
2012-11-29,1,risk_on,0.999999998982048,1.961304878006085e-138,1.017962002215316e-09,2012-10-31,1781
2012-11-30,1,risk_on,0.9999999046188509,3.607366282526123e-131,9.538115438268569e-08,2012-10-31,1781
2012-12-03,0,transition,0.0,1.0,0.0,2012-11-30,1803
2012-12-04,1,stress,2.686957201113782e-91,1.615490636118832e-39,1.0,2012-11-30,1803
2012-12-05,2,risk_on,0.999952965459542,6.746289636828001e-59,4.7034540459188454e-05,2012-11-30,1803
2012-12-06,2,risk_on,0.9999999946577418,3.2017468191082084e-64,5.3422561207945436e-09,2012-11-30,1803
2012-12-07,2,risk_on,0.9999999992019752,1.6058082001710294e-67,7.980187501325176e-10,2012-11-30,1803
2012-12-10,2,risk_on,0.9999999990698996,1.8484369602514554e-68,9.300963705870866e-10,2012-11-30,1803
2012-12-11,2,risk_on,0.9999999988501429,1.3268367199068432e-67,1.1498539705012709e-09,2012-11-30,1803
2012-12-12,2,risk_on,0.9999999963719688,5.716820879478047e-67,3.62803089036434e-09,2012-11-30,1803
2012-12-13,2,risk_on,0.9999999927843817,6.110379549391269e-65,7.215615042876935e-09,2012-11-30,1803
2012-12-14,2,risk_on,0.9999999936506754,4.1569885881387566e-64,6.3493386462264805e-09,2012-11-30,1803
2012-12-17,2,risk_on,0.9999999788916798,4.939349963271339e-65,2.110833025060819e-08,2012-11-30,1803
2012-12-18,2,risk_on,0.9999999946573439,2.5677371356809665e-61,5.342665848790865e-09,2012-11-30,1803
2012-12-19,2,risk_on,0.999999874948039,1.0574847973875532e-59,1.2505195738192014e-07,2012-11-30,1803
2012-12-20,2,risk_on,0.9999977487437138,3.7844604769226345e-58,2.25125628140012e-06,2012-11-30,1803
2012-12-21,2,risk_on,0.9999819121003595,2.1230089205584634e-56,1.808789964446824e-05,2012-11-30,1803
2012-12-24,2,risk_on,0.9998041195600629,6.835277242982173e-54,0.00019588043992574213,2012-11-30,1803
2012-12-25,2,risk_on,0.9884488003193072,2.9086796334126846e-52,0.011551199680685855,2012-11-30,1803
2012-12-26,1,stress,0.009887088885462815,4.838095349763942e-53,0.9901129111145401,2012-11-30,1803
2012-12-27,1,stress,0.00017532042584832426,1.7398762593208067e-51,0.9998246795741653,2012-11-30,1803
2012-12-28,1,stress,1.6445377142583278e-14,1.270988345000992e-55,0.9999999999999716,2012-11-30,1803
2012-12-31,1,stress,0.04801704416227683,1.863215456080358e-47,0.9519829558377313,2012-11-30,1803
2013-01-01,0,risk_on,1.0,0.0,1.2373541765547812e-155,2012-12-31,1824
2013-01-02,0,risk_on,0.99993108056983,6.891943017080318e-05,6.522489803336656e-33,2012-12-31,1824
2013-01-03,0,risk_on,0.9999375683094115,6.243169060133e-05,4.792592687271681e-32,2012-12-31,1824
2013-01-04,0,risk_on,0.9998866837903121,0.00011331620968278162,7.115961349629334e-31,2012-12-31,1824
2013-01-07,0,risk_on,0.9999444307720357,5.556922796709196e-05,3.993028825191163e-31,2012-12-31,1824
2013-01-08,0,risk_on,0.9999745351175314,2.5464882468769793e-05,7.882374865311303e-32,2012-12-31,1824
2013-01-09,0,risk_on,0.9999951014790763,4.898520927415324e-06,3.0234237563039217e-32,2012-12-31,1824
2013-01-10,0,risk_on,0.9999931551994683,6.844800532191298e-06,2.8266986870944637e-31,2012-12-31,1824
2013-01-11,0,risk_on,0.9999904129139721,9.587086037508947e-06,1.5696873631296341e-31,2012-12-31,1824
2013-01-14,0,risk_on,0.9999979120898869,2.0879101101304304e-06,4.047220337423484e-33,2012-12-31,1824
2013-01-15,0,risk_on,0.9999994693599761,5.306400326805448e-07,3.143951851818984e-34,2012-12-31,1824
2013-01-16,0,risk_on,0.9999995689883084,4.3101168486415467e-07,7.086948718962468e-35,2012-12-31,1824
2013-01-17,0,risk_on,0.9999974524132021,2.5475867892831832e-06,3.8477427877434835e-33,2012-12-31,1824
2013-01-18,0,risk_on,0.99996582867486,3.417132513665553e-05,1.7355043146030185e-32,2012-12-31,1824
2013-01-21,0,risk_on,0.9999062138752117,9.378612479687777e-05,2.1541945232030224e-33,2012-12-31,1824
2013-01-22,0,risk_on,0.999568168208687,0.00043183179131379187,2.26832576863525e-33,2012-12-31,1824
2013-01-23,0,risk_on,0.9975849792583711,0.0024150207416170984,1.4955762192153598e-33,2012-12-31,1824
2013-01-24,0,risk_on,0.9880773037279095,0.01192269627207832,7.765704571799997e-33,2012-12-31,1824
2013-01-25,0,risk_on,0.9412491983666091,0.05875080163339702,3.363809397202599e-30,2012-12-31,1824
2013-01-28,0,risk_on,0.9046401363766555,0.09535986362334446,1.0438472060284202e-29,2012-12-31,1824
2013-01-29,0,risk_on,0.8131268661279245,0.18687313387207846,2.452968596974213e-28,2012-12-31,1824
2013-01-30,0,risk_on,0.7251480628946275,0.274851937105367,3.7283006692420985e-29,2012-12-31,1824
2013-01-31,0,risk_on,0.7071907482649816,0.2928092517350237,1.9082877181863107e-27,2012-12-31,1824
2013-02-01,0,risk_on,1.0,0.0,3.60721645378588e-57,2013-01-31,1847
2013-02-04,0,risk_on,0.9999635987241261,4.516794057862903e-65,3.640127586554391e-05,2013-01-31,1847
2013-02-05,0,risk_on,0.9999916217656416,5.04502094254812e-14,8.378234313583952e-06,2013-01-31,1847
2013-02-06,0,risk_on,0.9999965179895667,2.454013753867824e-15,3.482010443463547e-06,2013-01-31,1847
2013-02-07,0,risk_on,0.9999978883200085,9.230113517453642e-16,2.111679997980768e-06,2013-01-31,1847
2013-02-08,0,risk_on,0.9999960031881024,3.406309947685138e-16,3.996811893122524e-06,2013-01-31,1847
2013-02-11,0,risk_on,0.9999973683647692,8.743825899812849e-16,2.631635230816639e-06,2013-01-31,1847
2013-02-12,0,risk_on,0.9999963242442701,4.122462430412724e-16,3.6757557345126817e-06,2013-01-31,1847
2013-02-13,0,risk_on,0.9999962398892344,7.189296337908139e-15,3.7601107567080038e-06,2013-01-31,1847
2013-02-14,0,risk_on,0.9999883104911161,1.99483687792505e-14,1.1689508862111324e-05,2013-01-31,1847
2013-02-15,0,risk_on,0.9999880941176886,3.764743127753972e-14,1.1905882279213913e-05,2013-01-31,1847
2013-02-18,0,risk_on,0.9999863439587032,6.20148109678416e-14,1.3656041240576608e-05,2013-01-31,1847
2013-02-19,0,risk_on,0.9999825986379592,5.5232738709405984e-14,1.7401361977906228e-05,2013-01-31,1847
2013-02-20,0,risk_on,0.9999942342878918,3.504594906873792e-14,5.765712062747764e-06,2013-01-31,1847
2013-02-21,0,risk_on,0.999997938274725,8.835765468052808e-15,2.0617252628214894e-06,2013-01-31,1847
2013-02-22,0,risk_on,0.9999951084046171,5.6522428348082066e-14,4.891595330843216e-06,2013-01-31,1847
2013-02-25,0,risk_on,0.9998338354847771,5.742123764697026e-14,0.0001661645151731145,2013-01-31,1847
2013-02-26,0,risk_on,0.9999935590331527,1.937333899117703e-14,6.440966839529222e-06,2013-01-31,1847
2013-02-27,0,risk_on,0.9999991243148966,8.263198007129689e-14,8.756850239591856e-07,2013-01-31,1847
2013-02-28,0,risk_on,0.9999922102196169,1.3889815005648957e-11,7.789766494937092e-06,2013-01-31,1847
2013-03-01,2,transition,0.0,1.0,0.0,2013-02-28,1867
2013-03-04,0,stress,0.0,5.981749794242635e-37,1.0,2013-02-28,1867
2013-03-05,1,risk_on,0.9998430300226838,6.617331570997341e-73,0.00015696997731441683,2013-02-28,1867
2013-03-06,1,risk_on,0.9999999805325503,4.637038882699557e-107,1.946744413225529e-08,2013-02-28,1867
2013-03-07,1,risk_on,0.9999999927012766,1.678000688111044e-116,7.298722611058994e-09,2013-02-28,1867
2013-03-08,1,risk_on,0.9999999887355672,1.8956411997239035e-115,1.126444026854976e-08,2013-02-28,1867
2013-03-11,1,risk_on,0.9999999735262296,1.9767630232595497e-114,2.647378418551252e-08,2013-02-28,1867
2013-03-12,1,risk_on,0.999999990331105,1.6790201519482405e-114,9.668885058223268e-09,2013-02-28,1867
2013-03-13,1,risk_on,0.9999999887396599,1.281106301817644e-114,1.1260352600742594e-08,2013-02-28,1867
2013-03-14,1,risk_on,0.999999977471987,3.409205414386245e-114,2.252801257818475e-08,2013-02-28,1867
2013-03-15,1,risk_on,0.9999999729594723,4.511527139182718e-115,2.7040521232355898e-08,2013-02-28,1867
2013-03-18,1,risk_on,0.999999995993818,1.3545372916255258e-116,4.0061819171306645e-09,2013-02-28,1867
2013-03-19,1,risk_on,0.9999999960430159,1.4620491439362787e-118,3.956995964725078e-09,2013-02-28,1867
2013-03-20,1,risk_on,0.999999995259742,2.950511258264072e-118,4.740258515358869e-09,2013-02-28,1867
2013-03-21,1,risk_on,0.9999999959972854,3.13794618452294e-118,4.0027077811729175e-09,2013-02-28,1867
2013-03-22,1,risk_on,0.9999999963744699,7.614257235750469e-119,3.6255263617151275e-09,2013-02-28,1867
2013-03-25,1,risk_on,0.9999999963688992,8.362599814811351e-120,3.6310896942609614e-09,2013-02-28,1867
2013-03-26,1,risk_on,0.9999999953813585,2.6269984479213076e-120,4.618637186402435e-09,2013-02-28,1867
2013-03-27,1,risk_on,0.9999999958199908,3.0340861716185355e-121,4.180016394148322e-09,2013-02-28,1867
2013-03-28,1,risk_on,0.9999999963587527,2.5667907033529332e-120,3.6412609311909727e-09,2013-02-28,1867
2013-03-29,1,risk_on,0.9999997755048152,6.494099305992027e-113,2.2449518466316725e-07,2013-02-28,1867
2013-04-01,0,risk_on,1.0,0.0,2.189080219955154e-60,2013-03-31,1888
2013-04-02,0,risk_on,0.9999998471805444,1.4282594720817284e-72,1.5281945312130945e-07,2013-03-31,1888
2013-04-03,0,risk_on,0.9999998052071154,7.290584763152056e-20,1.9479288825213149e-07,2013-03-31,1888
2013-04-04,0,risk_on,0.9999998312426754,3.1467534217074055e-20,1.6875732687008852e-07,2013-03-31,1888
2013-04-05,0,risk_on,0.9999997846324026,3.615468912842162e-21,2.1536759160317166e-07,2013-03-31,1888
2013-04-08,0,risk_on,0.9999998417192854,3.655920933662285e-21,1.5828071680846792e-07,2013-03-31,1888
2013-04-09,0,risk_on,0.9999999074396201,4.548739029397979e-21,9.256038245459297e-08,2013-03-31,1888
2013-04-10,0,risk_on,0.9999996372026719,3.037975613839026e-20,3.6279733296755203e-07,2013-03-31,1888
2013-04-11,0,risk_on,0.9999998644660003,7.179698536526565e-19,1.3553399567027526e-07,2013-03-31,1888
2013-04-12,0,risk_on,0.999997106604959,1.110682208221249e-17,2.893395038332287e-06,2013-03-31,1888
2013-04-15,0,risk_on,0.9999616095004757,7.092312015411413e-17,3.839049953079558e-05,2013-03-31,1888
2013-04-16,0,risk_on,0.9999994435018621,4.8282291437677375e-18,5.564981373793237e-07,2013-03-31,1888
2013-04-17,0,risk_on,0.9999993982256362,1.5936807824073128e-19,6.017743633208835e-07,2013-03-31,1888
2013-04-18,0,risk_on,0.9999986140759003,3.6288036380341075e-19,1.3859240941574303e-06,2013-03-31,1888
2013-04-19,0,risk_on,0.9999988212134225,1.8902531731673378e-20,1.1787865735810393e-06,2013-03-31,1888
2013-04-22,0,risk_on,0.9999999425121348,2.7033430119207387e-21,5.7487866282711634e-08,2013-03-31,1888
2013-04-23,0,risk_on,0.9999998694118318,1.3057852335775947e-22,1.305881730373642e-07,2013-03-31,1888
2013-04-24,0,risk_on,0.9999998972656012,1.6978273661350157e-21,1.0273440465289118e-07,2013-03-31,1888
2013-04-25,0,risk_on,0.9999995430536237,9.636974221075995e-21,4.5694638038180124e-07,2013-03-31,1888
2013-04-26,0,risk_on,0.9999997116798613,7.853897472503016e-21,2.883201393338502e-07,2013-03-31,1888
2013-04-29,0,risk_on,0.9999997326306913,2.522480435385725e-19,2.673693050710976e-07,2013-03-31,1888
2013-04-30,0,risk_on,0.9999931024863419,2.471753251326899e-14,6.897513634049453e-06,2013-03-31,1888
2013-05-01,2,transition,0.0,1.0,0.0,2013-04-30,1910
2013-05-02,0,stress,0.0,5.722090832026564e-43,1.0,2013-04-30,1910
2013-05-03,1,risk_on,0.999835455231032,1.75539532872104e-84,0.00016454476896485043,2013-04-30,1910
2013-05-06,1,risk_on,0.9999999892695542,1.1016245762161459e-113,1.0730439322851306e-08,2013-04-30,1910
2013-05-07,1,risk_on,0.9999999974295974,3.411328921986812e-117,2.570403813743434e-09,2013-04-30,1910
2013-05-08,1,risk_on,0.9999999947875438,1.7936107042137085e-118,5.212451382933151e-09,2013-04-30,1910
2013-05-09,1,risk_on,0.9999999927668171,1.9540077184906327e-117,7.233190618333877e-09,2013-04-30,1910
2013-05-10,1,risk_on,0.9999999933911567,1.5263269650472553e-115,6.608855922355823e-09,2013-04-30,1910
2013-05-13,1,risk_on,0.9999999980051655,3.7300420780094413e-115,1.994822985849947e-09,2013-04-30,1910
2013-05-14,1,risk_on,0.9999999951487553,5.404059751111454e-115,4.8512469296109235e-09,2013-04-30,1910
2013-05-15,1,risk_on,0.9999999941391309,2.1565928367211215e-115,5.860881730135897e-09,2013-04-30,1910
2013-05-16,1,risk_on,0.9999999936828203,1.507096485425094e-116,6.317187988171556e-09,2013-04-30,1910
2013-05-17,1,risk_on,0.9999999931224579,4.634639018336011e-116,6.877534673398472e-09,2013-04-30,1910
2013-05-20,1,risk_on,0.9999999932676644,1.3681246260348953e-115,6.7323432138517446e-09,2013-04-30,1910
2013-05-21,1,risk_on,0.9999999940102668,1.9992894529320647e-114,5.989733834526431e-09,2013-04-30,1910
2013-05-22,1,risk_on,0.9999998721529064,2.2060365253439327e-113,1.278471014528033e-07,2013-04-30,1910
2013-05-23,1,risk_on,0.9999999914179512,3.4580788620851528e-112,8.582051523505039e-09,2013-04-30,1910
2013-05-24,1,risk_on,0.9999999930084584,3.5221848600085427e-113,6.991529466467188e-09,2013-04-30,1910
2013-05-27,1,risk_on,0.9999999925013014,1.9034682724376336e-111,7.498705006863664e-09,2013-04-30,1910
2013-05-28,1,risk_on,0.9999993081061809,7.552572963677357e-110,6.91893815836765e-07,2013-04-30,1910
2013-05-29,1,risk_on,0.999999861940277,7.14119504630683e-106,1.3805971792266326e-07,2013-04-30,1910
2013-05-30,1,risk_on,0.9999860580353918,2.2953702344116988e-104,1.3941964602933637e-05,2013-04-30,1910
2013-05-31,1,risk_on,0.9914559644889436,1.9418387930770327e-100,0.008544035511048317,2013-04-30,1910
2013-06-03,2,transition,0.0,1.0,0.0,2013-05-31,1933
2013-06-04,0,stress,0.0,3.2618736125957457e-32,1.0,2013-05-31,1933
2013-06-05,0,stress,5.195329602487356e-07,1.5052402613911218e-65,0.9999994804670322,2013-05-31,1933
2013-06-06,0,stress,0.000589768466991833,3.7256893357307217e-94,0.9994102315330197,2013-05-31,1933
2013-06-07,0,stress,0.01854369747824762,9.713261416941021e-92,0.9814563025217246,2013-05-31,1933
2013-06-10,0,stress,0.018769924767606503,1.4084568104002686e-90,0.9812300752323704,2013-05-31,1933
2013-06-11,0,stress,3.299012362775398e-05,6.138117723578115e-93,0.9999670098763672,2013-05-31,1933
2013-06-12,0,stress,1.1989747943268453e-13,1.5397042482745914e-95,0.9999999999998863,2013-05-31,1933
2013-06-13,0,stress,5.54347908975077e-08,4.7306161875511145e-94,0.9999999445652195,2013-05-31,1933
2013-06-14,0,stress,1.7543092516919586e-07,3.784329369349983e-94,0.9999998245690603,2013-05-31,1933
2013-06-17,0,stress,5.590793376515967e-07,7.61120620056412e-94,0.9999994409206892,2013-05-31,1933
2013-06-18,0,stress,6.257873320219212e-07,3.320880760462896e-94,0.9999993742126461,2013-05-31,1933
2013-06-19,0,stress,9.46024453232106e-10,3.4468374466006734e-94,0.999999999053955,2013-05-31,1933
2013-06-20,0,stress,2.4408830361361374e-23,3.8462250021821356e-95,1.0,2013-05-31,1933
2013-06-21,0,stress,1.6735975571891656e-15,1.1708909881595957e-90,1.0,2013-05-31,1933
2013-06-24,0,stress,3.0939704203428396e-20,8.831066245986049e-91,1.0,2013-05-31,1933
2013-06-25,0,stress,1.6055419695333463e-14,5.3816311001316746e-89,1.0,2013-05-31,1933
2013-06-26,0,stress,2.5583190122360746e-10,4.1470861797917056e-88,0.9999999997441478,2013-05-31,1933
2013-06-27,0,stress,4.633352863941231e-09,8.781588665096914e-89,0.9999999953666361,2013-05-31,1933
2013-06-28,0,stress,1.6894871527859475e-05,9.440175273190484e-86,0.9999831051284648,2013-05-31,1933
2013-07-01,0,risk_on,1.0,0.0,1.3443335249615498e-56,2013-06-30,1953
2013-07-02,2,transition,2.636432429286059e-07,0.9999997362514029,1.0536042097516372e-10,2013-06-30,1953
2013-07-03,2,transition,5.724067642524222e-13,0.9999999999994031,3.096904918834756e-14,2013-06-30,1953
2013-07-04,2,transition,9.93385313536714e-19,0.9999999999999716,2.4965687914281964e-14,2013-06-30,1953
2013-07-05,2,transition,5.315520149030712e-27,1.0,5.620797114613926e-16,2013-06-30,1953
2013-07-08,2,transition,1.912673897300541e-27,1.0,3.550722135888894e-16,2013-06-30,1953
2013-07-09,2,transition,5.958950693864379e-25,1.0,5.567998140548344e-15,2013-06-30,1953
2013-07-10,2,transition,1.3412167245913852e-23,1.0,3.652017976471633e-15,2013-06-30,1953
2013-07-11,2,transition,8.42541692674193e-27,1.0,6.615380374002186e-16,2013-06-30,1953
2013-07-12,2,transition,3.467007512789731e-23,0.9999999999999716,2.6063895874655635e-14,2013-06-30,1953
2013-07-15,2,transition,1.2954973671771819e-21,0.9999999999999716,3.248939605145223e-14,2013-06-30,1953
2013-07-16,2,transition,6.577698909296502e-21,0.9999999999999716,2.888961542022707e-14,2013-06-30,1953
2013-07-17,2,transition,3.162796983037413e-20,0.9999999999999147,7.971496441562409e-14,2013-06-30,1953
2013-07-18,2,transition,1.0284651774401462e-19,0.9999999999999432,4.5277413085108975e-14,2013-06-30,1953
2013-07-19,2,transition,4.407398778644705e-19,0.9999999999993463,6.404276514141586e-13,2013-06-30,1953
2013-07-22,2,transition,1.1851095295932697e-17,0.9999999999987494,1.2408401610333644e-12,2013-06-30,1953
2013-07-23,2,transition,9.014534955862053e-18,0.9999999999996305,3.751952625420133e-13,2013-06-30,1953
2013-07-24,2,transition,1.0699226976000919e-19,0.9999999999999716,4.0711626958995914e-14,2013-06-30,1953
2013-07-25,2,transition,3.9165291355121686e-21,0.9999999999999716,2.5568132676871675e-14,2013-06-30,1953
2013-07-26,2,transition,3.1986863661309915e-21,0.9999999999999716,4.104993092819716e-14,2013-06-30,1953
2013-07-29,2,transition,7.345294662209523e-22,1.0,5.910291963996906e-15,2013-06-30,1953
2013-07-30,2,transition,5.175141081083676e-23,1.0,3.5798772738264974e-15,2013-06-30,1953
2013-07-31,2,transition,2.8685674932436215e-20,0.9999999999976978,2.299268119927027e-12,2013-06-30,1953
2013-08-01,2,transition,0.0,1.0,0.0,2013-07-31,1976
2013-08-02,0,stress,0.0,7.21435773800855e-28,1.0,2013-07-31,1976
2013-08-05,1,risk_on,0.9951538324094173,3.9557851615957264e-55,0.004846167590577902,2013-07-31,1976
2013-08-06,1,risk_on,0.9999926885680119,2.2955833907509843e-83,7.3114319789138e-06,2013-07-31,1976
2013-08-07,1,risk_on,0.9999999303968277,1.0313461582096746e-111,6.960316639768725e-08,2013-07-31,1976
2013-08-08,1,risk_on,0.9999999051980568,7.629625122487561e-123,9.480195639810338e-08,2013-07-31,1976
2013-08-09,1,risk_on,0.9999999012360425,1.833074726843768e-123,9.87639538539928e-08,2013-07-31,1976
2013-08-12,1,risk_on,0.999999864903865,5.337304538099591e-122,1.3509614751487325e-07,2013-07-31,1976
2013-08-13,1,risk_on,0.9999996382877697,1.995980042318898e-121,3.6171221894611635e-07,2013-07-31,1976
2013-08-14,1,risk_on,0.9999999072323406,5.10235103013085e-120,9.276765154686348e-08,2013-07-31,1976
2013-08-15,1,risk_on,0.9999899606027077,4.7772288343419575e-121,1.003939728030532e-05,2013-07-31,1976
2013-08-16,1,risk_on,0.9999983067374512,7.0409759509693614e-118,1.6932625480569778e-06,2013-07-31,1976
2013-08-19,1,risk_on,0.9999694253415238,6.580033220244755e-118,3.0574658474439074e-05,2013-07-31,1976
2013-08-20,1,risk_on,0.9998399627590037,2.531449915936354e-116,0.000160037241007519,2013-07-31,1976
2013-08-21,1,risk_on,0.9988010947852151,1.0689534963661453e-116,0.001198905214789233,2013-07-31,1976
2013-08-22,1,risk_on,0.9994663392574097,4.8020927650823646e-114,0.000533660742587927,2013-07-31,1976
2013-08-23,1,risk_on,0.9988558357364172,2.10464171845913e-113,0.0011441642635871853,2013-07-31,1976
2013-08-26,1,risk_on,0.9140594635778305,1.4018855886696542e-114,0.0859405364221626,2013-07-31,1976
2013-08-27,0,stress,0.00059056940658192,9.58985059672939e-115,0.9994094305934201,2013-07-31,1976
2013-08-28,0,stress,9.348002375336548e-07,6.510875439538029e-113,0.9999990651997556,2013-07-31,1976
2013-08-29,0,stress,1.1232483151382796e-08,2.1494537493714713e-113,0.9999999887675132,2013-07-31,1976
2013-08-30,0,stress,9.59246044234246e-07,1.3301867213407563e-110,0.9999990407539538,2013-07-31,1976
2013-09-02,1,transition,0.0,1.0,0.0,2013-08-31,1998
2013-09-03,0,stress,9.527515467557161e-99,5.893082082090485e-31,1.0,2013-08-31,1998
2013-09-04,0,stress,2.698165367251423e-06,9.319758746701176e-47,0.9999973018346416,2013-08-31,1998
2013-09-05,0,stress,2.9203106061815653e-05,6.743215279608727e-46,0.9999707968939414,2013-08-31,1998
2013-09-06,0,stress,0.0020254825394133854,5.907806432491785e-47,0.9979745174605811,2013-08-31,1998
2013-09-09,0,stress,0.048405928918586076,1.922447180687825e-48,0.9515940710814051,2013-08-31,1998
2013-09-10,2,risk_on,0.9408040413345768,1.96911349007487e-48,0.05919595866542565,2013-08-31,1998
2013-09-11,2,risk_on,0.9996970835211352,1.2641826041010964e-49,0.00030291647887770894,2013-08-31,1998
2013-09-12,2,risk_on,0.9999960112789918,1.4018441432783711e-52,3.9887209949839534e-06,2013-08-31,1998
2013-09-13,2,risk_on,0.9999993688447832,1.3488870234894264e-54,6.311552225261959e-07,2013-08-31,1998
2013-09-16,2,risk_on,0.9999990499335035,5.449490905466567e-56,9.500664936162294e-07,2013-08-31,1998
2013-09-17,2,risk_on,0.9999987306105239,1.1530402939339266e-54,1.2693894730668967e-06,2013-08-31,1998
2013-09-18,2,risk_on,0.9999549754772115,2.1050345093279778e-57,4.5024522782299914e-05,2013-08-31,1998
2013-09-19,2,risk_on,0.999999694533575,1.5802766223369649e-55,3.054664326009923e-07,2013-08-31,1998
2013-09-20,2,risk_on,0.9999999044143567,1.0321935937905319e-56,9.558563938695364e-08,2013-08-31,1998
2013-09-23,2,risk_on,0.9999997439204024,2.3052186591185193e-58,2.5607960009612117e-07,2013-08-31,1998
2013-09-24,2,risk_on,0.9999998327761401,2.3571946391623435e-58,1.6722386621700196e-07,2013-08-31,1998
2013-09-25,2,risk_on,0.9999994525947862,2.280708179094421e-55,5.474052165518838e-07,2013-08-31,1998
2013-09-26,2,risk_on,0.9998217693578976,7.202709005918175e-53,0.00017823064209702483,2013-08-31,1998
2013-09-27,2,risk_on,0.942433656702195,1.75916018118282e-52,0.057566343297792893,2013-08-31,1998
2013-09-30,2,risk_on,0.6699137112299778,6.18854606841917e-49,0.3300862887700132,2013-08-31,1998
2013-10-01,1,risk_on,1.0,0.0,9.745416061441426e-59,2013-09-30,2019
2013-10-02,2,transition,4.996550629338682e-10,0.9999999995003463,1.0067320657342821e-21,2013-09-30,2019
2013-10-03,2,transition,7.345796874453115e-17,1.0,7.03664467707801e-32,2013-09-30,2019
2013-10-04,2,transition,9.234765565586568e-16,1.0,1.252801567151761e-37,2013-09-30,2019
2013-10-07,2,transition,2.7833785787847283e-21,1.0,1.0608258610356179e-37,2013-09-30,2019
2013-10-08,2,transition,5.907677592778713e-23,1.0,3.943704939692786e-43,2013-09-30,2019
2013-10-09,2,transition,3.4039741347224346e-22,1.0,2.145184526331567e-44,2013-09-30,2019
2013-10-10,2,transition,6.315934501042743e-20,1.0,1.5826625209076464e-42,2013-09-30,2019
2013-10-11,2,transition,1.5199057426844237e-15,1.0,1.0678488604069455e-39,2013-09-30,2019
2013-10-14,2,transition,2.693014096061371e-16,1.0,1.175919942688629e-35,2013-09-30,2019
2013-10-15,2,transition,7.373321693491118e-23,1.0,7.838658452129037e-38,2013-09-30,2019
2013-10-16,2,transition,1.7766926420014497e-17,1.0,7.879507717079015e-43,2013-09-30,2019
2013-10-17,2,transition,1.789868330137066e-13,0.9999999999998295,5.927566685691066e-37,2013-09-30,2019
2013-10-18,2,transition,2.549972592711426e-11,0.9999999999745057,1.2969395667292356e-32,2013-09-30,2019
2013-10-21,2,transition,3.6229962885653504e-11,0.9999999999637623,1.835279604920985e-30,2013-09-30,2019
2013-10-22,2,transition,5.992455808797688e-13,0.9999999999994031,1.4260577071625432e-31,2013-09-30,2019
2013-10-23,2,transition,4.58050051577564e-10,0.9999999995419557,2.137578818568643e-33,2013-09-30,2019
2013-10-24,2,transition,6.366396455795157e-10,0.9999999993633537,5.660814982910687e-30,2013-09-30,2019
2013-10-25,2,transition,4.663563298538448e-10,0.9999999995336566,7.853947342444653e-30,2013-09-30,2019
2013-10-28,2,transition,6.454294764795634e-10,0.9999999993545714,3.9023574553375394e-30,2013-09-30,2019
2013-10-29,2,transition,3.7006581675920033e-10,0.9999999996299209,3.460130693268362e-30,2013-09-30,2019
2013-10-30,2,transition,1.6653966392360076e-10,0.9999999998334488,1.4904692123536922e-30,2013-09-30,2019
2013-10-31,2,transition,2.939782392791534e-08,0.9999999706021758,4.018076756569311e-28,2013-09-30,2019
2013-11-01,2,transition,0.0,1.0,0.0,2013-10-31,2042
2013-11-04,0,stress,0.0,3.817858627375358e-29,1.0,2013-10-31,2042
2013-11-05,1,risk_on,0.9969903569904125,1.373506263439347e-58,0.0030096430095832706,2013-10-31,2042
2013-11-06,1,risk_on,0.9999959684843398,1.2634654717096028e-86,4.031515666162396e-06,2013-10-31,2042
2013-11-07,1,risk_on,0.9999991608669742,1.1461428877346906e-112,8.391330271517445e-07,2013-10-31,2042
2013-11-08,1,risk_on,0.9999981220275073,1.199694661912109e-112,1.8779724815423369e-06,2013-10-31,2042
2013-11-11,1,risk_on,0.9999998573471589,8.349769273547038e-112,1.4265283993296169e-07,2013-10-31,2042
2013-11-12,1,risk_on,0.9999998605171738,6.96659197615138e-113,1.394828212196206e-07,2013-10-31,2042
2013-11-13,1,risk_on,0.9999996022202647,3.093167589486691e-113,3.9777972649459907e-07,2013-10-31,2042
2013-11-14,1,risk_on,0.9999996496759752,6.94922671351443e-114,3.503240265336144e-07,2013-10-31,2042
2013-11-15,1,risk_on,0.9999997762688758,2.4531974116226022e-113,2.2373111908210538e-07,2013-10-31,2042
2013-11-18,1,risk_on,0.999999760511628,8.807086589532652e-115,2.3948835887045993e-07,2013-10-31,2042
2013-11-19,1,risk_on,0.9999995947269409,1.6510072443435236e-114,4.05273058921253e-07,2013-10-31,2042
2013-11-20,1,risk_on,0.9999989346355553,3.899439389461371e-114,1.065364454602593e-06,2013-10-31,2042
2013-11-21,1,risk_on,0.9999995802340067,6.556161486825696e-113,4.1976599392065893e-07,2013-10-31,2042
2013-11-22,1,risk_on,0.9999995966601279,3.8982860978998597e-113,4.033398692860033e-07,2013-10-31,2042
2013-11-25,1,risk_on,0.9999998192753473,2.3830014328475933e-114,1.8072465468304095e-07,2013-10-31,2042
2013-11-26,1,risk_on,0.9999998308311008,7.8338229159027265e-115,1.6916889219596153e-07,2013-10-31,2042
2013-11-27,1,risk_on,0.999999761968496,2.1379094328287644e-115,2.3803150099454449e-07,2013-10-31,2042
2013-11-28,1,risk_on,0.9999997934426617,4.5141414345482705e-113,2.0655734983811844e-07,2013-10-31,2042
2013-11-29,1,risk_on,0.9999803208315827,1.4471046052381386e-108,1.967916841550499e-05,2013-10-31,2042
2013-12-02,2,transition,0.0,1.0,0.0,2013-11-30,2063
2013-12-03,0,stress,0.0,3.718343233294164e-32,1.0,2013-11-30,2063
2013-12-04,1,risk_on,0.9615479131719803,3.3445190319443744e-63,0.038452086828028476,2013-11-30,2063
2013-12-05,1,risk_on,0.9946971077205713,5.5257506281010455e-96,0.0053028922794309576,2013-11-30,2063
2013-12-06,1,risk_on,0.9998986090812702,5.866316320017816e-107,0.00010139091871797286,2013-11-30,2063
2013-12-09,1,risk_on,0.9999739663430299,3.1678382414013997e-106,2.6033656962220213e-05,2013-11-30,2063
2013-12-10,1,risk_on,0.9945230869209412,1.1403727784743468e-106,0.0054769130790599556,2013-11-30,2063
2013-12-11,0,stress,0.218961228862264,1.1466925897295267e-106,0.7810387711377411,2013-11-30,2063
2013-12-12,0,stress,0.05176941731583974,2.808694501021009e-104,0.9482305826841654,2013-11-30,2063
2013-12-13,0,stress,0.0034453146761613727,1.5830416843989336e-104,0.9965546853238464,2013-11-30,2063
2013-12-16,0,stress,0.00011782361628136989,2.2302549794893013e-105,0.9998821763837221,2013-11-30,2063
2013-12-17,0,stress,0.0010992262127118894,1.1039708124678073e-107,0.9989007737872831,2013-11-30,2063
2013-12-18,1,risk_on,0.967294667053803,2.05420481893154e-104,0.032705332946202495,2013-11-30,2063
2013-12-19,1,risk_on,0.9985162370437,3.900896011909856e-106,0.0014837629562955838,2013-11-30,2063
2013-12-20,1,risk_on,0.9999522652838063,3.3335307739704904e-108,4.773471620601292e-05,2013-11-30,2063
2013-12-23,1,risk_on,0.9999996562868625,4.324935215067599e-109,3.4371312809968955e-07,2013-11-30,2063
2013-12-24,1,risk_on,0.999999803025238,6.833452880306475e-111,1.969747620674534e-07,2013-11-30,2063
2013-12-25,1,risk_on,0.9999999329101592,1.1214597842806086e-110,6.708985331883163e-08,2013-11-30,2063
2013-12-26,1,risk_on,0.9999999297592435,6.4550225159988685e-111,7.024075367395453e-08,2013-11-30,2063
2013-12-27,1,risk_on,0.9999999302827998,1.7091144822777026e-110,6.971721414059673e-08,2013-11-30,2063
2013-12-30,1,risk_on,0.9999996081681303,3.5513567305727387e-110,3.918318653591639e-07,2013-11-30,2063
2013-12-31,1,risk_on,0.999969229139152,1.3793630084003165e-104,3.0770860839795936e-05,2013-11-30,2063
2014-01-01,2,transition,0.0,1.0,0.0,2013-12-31,2085
2014-01-02,0,stress,0.0,5.621325206321276e-32,1.0,2013-12-31,2085
2014-01-03,1,risk_on,0.9967946158340767,2.4631785537748864e-62,0.0032053841659339687,2013-12-31,2085
2014-01-06,1,risk_on,0.999992531473972,1.7221978720359037e-92,7.4685260420873045e-06,2013-12-31,2085
2014-01-07,1,risk_on,0.9999997820899533,1.795281931221041e-115,2.1791004062209388e-07,2013-12-31,2085
2014-01-08,1,risk_on,0.9999998256684118,5.841656514895667e-117,1.743315881623889e-07,2013-12-31,2085
2014-01-09,1,risk_on,0.9999998722010528,9.993919419671976e-117,1.2779895883221895e-07,2013-12-31,2085
2014-01-10,1,risk_on,0.9999994916532429,4.1400765137380426e-116,5.083467647971162e-07,2013-12-31,2085
2014-01-13,1,risk_on,0.9999995044098375,3.219929000705827e-117,4.955901714099159e-07,2013-12-31,2085
2014-01-14,1,risk_on,0.9999997570183734,1.0096603100968162e-115,2.42981618429139e-07,2013-12-31,2085
2014-01-15,1,risk_on,0.999999896350209,1.2515138350289556e-116,1.0364980468797695e-07,2013-12-31,2085
2014-01-16,1,risk_on,0.9999998775033778,1.6294380127103253e-117,1.2249662212301147e-07,2013-12-31,2085
2014-01-17,1,risk_on,0.9999998888546378,3.0788317961655345e-117,1.1114534895604576e-07,2013-12-31,2085
2014-01-20,1,risk_on,0.9999998891282819,9.334148804092726e-118,1.1087172167295976e-07,2013-12-31,2085
2014-01-21,1,risk_on,0.9999998494632052,2.0805038539634633e-116,1.5053678090955572e-07,2013-12-31,2085
2014-01-22,1,risk_on,0.9999901494642255,8.532597511158525e-113,9.850535760841643e-06,2013-12-31,2085
2014-01-23,1,risk_on,0.9907071650855468,4.776152028512311e-112,0.009292834914439338,2013-12-31,2085
2014-01-24,0,stress,2.822728572253411e-12,8.94070684056319e-118,0.9999999999971863,2013-12-31,2085
2014-01-27,0,stress,3.537802605702235e-12,1.0367751595837558e-113,0.9999999999964757,2013-12-31,2085
2014-01-28,0,stress,6.634404559774879e-07,1.4996333313503787e-110,0.9999993365595328,2013-12-31,2085
2014-01-29,0,stress,3.4044494551823796e-12,3.942385637382221e-113,0.9999999999965894,2013-12-31,2085
2014-01-30,0,stress,1.098789425711564e-12,1.762023461868899e-113,0.9999999999988916,2013-12-31,2085
2014-01-31,0,stress,5.583522783298908e-15,1.1217786850175857e-112,1.0,2013-12-31,2085
2014-02-03,1,risk_on,1.0,0.0,2.952387863577497e-45,2014-01-31,2108
2014-02-04,2,transition,7.424077598274143e-24,1.0,9.541482353663239e-26,2014-01-31,2108
2014-02-05,2,transition,1.0176353062702645e-31,1.0,2.6919002580740652e-48,2014-01-31,2108
2014-02-06,2,transition,2.5557495783131105e-25,1.0,1.4683015257829436e-54,2014-01-31,2108
2014-02-07,2,transition,3.7058160207337615e-21,1.0,6.501634782009078e-47,2014-01-31,2108
2014-02-10,2,transition,1.9695804470151893e-19,1.0,6.6530536984917725e-43,2014-01-31,2108
2014-02-11,2,transition,1.7087248595043307e-18,1.0,6.397324847409823e-40,2014-01-31,2108
2014-02-12,2,transition,1.291144158807714e-18,1.0,7.35155212808199e-39,2014-01-31,2108
2014-02-13,2,transition,6.522415573027388e-19,1.0,3.824488219236728e-39,2014-01-31,2108
2014-02-14,2,transition,2.7160359160815763e-17,1.0,1.2710623819075365e-38,2014-01-31,2108
2014-02-17,2,transition,2.6530886769592942e-17,1.0,4.345630152758043e-37,2014-01-31,2108
2014-02-18,2,transition,1.1735130470054325e-17,1.0,1.2334461761089982e-37,2014-01-31,2108
2014-02-19,2,transition,4.118440997410641e-20,1.0,2.3165403559130635e-39,2014-01-31,2108
2014-02-20,2,transition,1.8162081350084208e-19,1.0,8.431685961180101e-41,2014-01-31,2108
2014-02-21,2,transition,1.4211068522442403e-17,1.0,4.404001476044734e-40,2014-01-31,2108
2014-02-24,2,transition,6.466790664534969e-17,1.0,1.3585200605475844e-37,2014-01-31,2108
2014-02-25,2,transition,1.1187207916414358e-15,1.0,1.1366313502129146e-36,2014-01-31,2108
2014-02-26,2,transition,2.567173450413531e-15,1.0,3.1868118235752825e-36,2014-01-31,2108
2014-02-27,2,transition,2.39209813095197e-14,0.9999999999999716,1.208221516370896e-35,2014-01-31,2108
2014-02-28,2,transition,8.584896702320475e-11,0.999999999914138,5.869581983097438e-32,2014-01-31,2108
2014-03-03,1,risk_on,1.0,0.0,1.0543911737270094e-50,2014-02-28,2128
2014-03-04,2,transition,1.0810247945423988e-08,0.9999999891897461,1.717361822886989e-20,2014-02-28,2128
2014-03-05,2,transition,1.7287280124693898e-13,0.9999999999998295,2.620177790164763e-28,2014-02-28,2128
2014-03-06,2,transition,4.232741650645814e-14,0.9999999999999716,4.000817823594995e-33,2014-02-28,2128
2014-03-07,2,transition,2.891844461398182e-14,0.9999999999999716,3.166943067329287e-33,2014-02-28,2128
2014-03-10,2,transition,8.208257536499176e-15,1.0,1.5986680162661355e-33,2014-02-28,2128
2014-03-11,2,transition,2.853570900533594e-15,1.0,1.2870512913040358e-34,2014-02-28,2128
2014-03-12,2,transition,1.0090137046124082e-14,1.0,7.300186815021358e-35,2014-02-28,2128
2014-03-13,2,transition,8.218889655803247e-18,1.0,1.337795514250694e-36,2014-02-28,2128
2014-03-14,2,transition,3.633179600544076e-21,1.0,6.795647535787947e-41,2014-02-28,2128
2014-03-17,2,transition,8.424215341161287e-17,1.0,5.561991429146549e-42,2014-02-28,2128
2014-03-18,2,transition,1.6185978766999695e-14,0.9999999999999716,9.650697207484926e-37,2014-02-28,2128
2014-03-19,2,transition,2.1082982740755227e-15,1.0,2.731060813890967e-34,2014-02-28,2128
2014-03-20,2,transition,7.634645897963784e-15,1.0,3.5504675268306067e-34,2014-02-28,2128
2014-03-21,2,transition,6.017550105314665e-15,1.0,3.858434194473922e-34,2014-02-28,2128
2014-03-24,2,transition,2.750582526944797e-14,0.9999999999999716,2.9939526409271132e-34,2014-02-28,2128
2014-03-25,2,transition,1.9341904408901564e-13,0.999999999999801,1.3484876330975872e-32,2014-02-28,2128
2014-03-26,2,transition,7.425711859994657e-14,0.9999999999999147,1.1433944594554727e-32,2014-02-28,2128
2014-03-27,2,transition,8.919720307043196e-13,0.9999999999991189,1.1665774794173197e-32,2014-02-28,2128
2014-03-28,2,transition,5.622949660643978e-13,0.9999999999994316,3.171596079693289e-31,2014-02-28,2128
2014-03-31,2,transition,2.422937887721076e-10,0.9999999997577049,1.4012518246787135e-28,2014-02-28,2128
2014-04-01,0,risk_on,1.0,0.0,2.871281041590049e-88,2014-03-31,2149
2014-04-02,2,transition,1.3961248336186296e-08,0.9999999860379775,7.836575997296718e-13,2014-03-31,2149
2014-04-03,2,transition,4.017375284705575e-17,1.0,5.829681569805434e-17,2014-03-31,2149
2014-04-04,2,transition,9.306747481081402e-27,1.0,2.5255798300428415e-17,2014-03-31,2149
2014-04-07,2,transition,1.9146850818833572e-30,1.0,1.4010317922288652e-18,2014-03-31,2149
2014-04-08,2,transition,5.498080580784973e-31,1.0,8.066935573181762e-18,2014-03-31,2149
2014-04-09,2,transition,1.1159597018795517e-29,1.0,2.300112083272374e-17,2014-03-31,2149
2014-04-10,2,transition,1.2258515954752113e-32,1.0,3.237897158609344e-19,2014-03-31,2149
2014-04-11,2,transition,4.2509921827715274e-35,1.0,1.1102720234468763e-19,2014-03-31,2149
2014-04-14,2,transition,7.413968541858902e-34,1.0,1.1997174265577063e-18,2014-03-31,2149
2014-04-15,2,transition,2.1218624588850366e-31,1.0,4.527161721286923e-18,2014-03-31,2149
2014-04-16,2,transition,9.821868718766739e-29,1.0,1.055101633317661e-16,2014-03-31,2149
2014-04-17,2,transition,8.6163295147091e-26,1.0,3.278213956360512e-16,2014-03-31,2149
2014-04-18,2,transition,4.6879054393021337e-26,1.0,1.4039961226806843e-16,2014-03-31,2149
2014-04-21,2,transition,3.5510049883292875e-26,1.0,1.8760829523847257e-16,2014-03-31,2149
2014-04-22,2,transition,1.1131183939235628e-25,1.0,3.369061428421956e-16,2014-03-31,2149
2014-04-23,2,transition,2.465819728095348e-24,1.0,2.342151323675145e-15,2014-03-31,2149
2014-04-24,2,transition,2.4589341087620165e-23,1.0,2.7534905821288216e-15,2014-03-31,2149
2014-04-25,2,transition,4.153604428284678e-24,1.0,7.205067553064194e-16,2014-03-31,2149
2014-04-28,2,transition,4.628491596326604e-25,1.0,4.2097264841425516e-16,2014-03-31,2149
2014-04-29,2,transition,2.5694718677785277e-25,1.0,6.128134422143763e-16,2014-03-31,2149
2014-04-30,2,transition,1.1020895149157158e-21,0.9999999999991189,8.7437877974032e-13,2014-03-31,2149
2014-05-01,2,transition,0.0,1.0,0.0,2014-04-30,2171
2014-05-02,0,stress,0.0,3.7843792278855717e-28,1.0,2014-04-30,2171
2014-05-05,1,risk_on,0.999475680915747,1.0118058400441604e-55,0.0005243190842556522,2014-04-30,2171
2014-05-06,1,risk_on,0.9999988196679939,4.194506128795079e-84,1.1803320085728033e-06,2014-04-30,2171
2014-05-07,1,risk_on,0.9999999265856898,2.1245786182779074e-112,7.341430732034132e-08,2014-04-30,2171
2014-05-08,1,risk_on,0.9999999486204856,7.874996872350827e-142,5.1379512527975314e-08,2014-04-30,2171
2014-05-09,1,risk_on,0.9999999570358833,2.487197183476376e-170,4.296411887984082e-08,2014-04-30,2171
2014-05-12,1,risk_on,0.9999999307952716,3.060768625734567e-184,6.92047298748201e-08,2014-04-30,2171
2014-05-13,1,risk_on,0.999999927799652,1.3184610393635825e-184,7.220034247476211e-08,2014-04-30,2171
2014-05-14,1,risk_on,0.9999999277142022,7.148387602964177e-185,7.228579192131722e-08,2014-04-30,2171
2014-05-15,1,risk_on,0.999999925712234,5.193770802399806e-187,7.428776039427858e-08,2014-04-30,2171
2014-05-16,1,risk_on,0.9999999577241434,8.765123869556039e-186,4.2275852041172604e-08,2014-04-30,2171
2014-05-19,1,risk_on,0.999999943657629,9.081743597580759e-186,5.634237347690782e-08,2014-04-30,2171
2014-05-20,1,risk_on,0.9999999423490794,2.4234686234379702e-186,5.765091825363254e-08,2014-04-30,2171
2014-05-21,1,risk_on,0.9999999252181936,6.610788390001628e-185,7.478181178552721e-08,2014-04-30,2171
2014-05-22,1,risk_on,0.9999999589744428,2.944688832631324e-185,4.1025552513598403e-08,2014-04-30,2171
2014-05-23,1,risk_on,0.9999999245322073,1.856294821684156e-184,7.546779840828073e-08,2014-04-30,2171
2014-05-26,1,risk_on,0.9999999314666917,3.854677972585418e-184,6.853331035242873e-08,2014-04-30,2171
2014-05-27,1,risk_on,0.9999999217818671,2.1597636622835317e-185,7.821812775352356e-08,2014-04-30,2171
2014-05-28,1,risk_on,0.9999999350877168,8.566186365440057e-186,6.491228174160399e-08,2014-04-30,2171
2014-05-29,1,risk_on,0.9999999591624809,4.916190959622135e-184,4.0837512130097916e-08,2014-04-30,2171
2014-05-30,1,risk_on,0.9999977898399645,1.3961066370624028e-177,2.210160038495686e-06,2014-04-30,2171
2014-06-02,1,risk_on,1.0,0.0,1.476518772882775e-62,2014-05-31,2193
2014-06-03,2,transition,0.0010844283548407609,0.9989155716451734,3.0738355490026944e-19,2014-05-31,2193
2014-06-04,2,transition,8.644972329210964e-07,0.9999991355027802,3.488358194822225e-22,2014-05-31,2193
2014-06-05,2,transition,1.007872139237787e-09,0.9999999989921378,4.554183434364966e-25,2014-05-31,2193
2014-06-06,2,transition,1.791113137348007e-09,0.9999999982088923,6.060925254246865e-27,2014-05-31,2193
2014-06-09,2,transition,2.5246706886033197e-09,0.999999997475328,6.328118423935597e-27,2014-05-31,2193
2014-06-10,2,transition,1.119866648077608e-09,0.9999999988801278,2.451311705640122e-26,2014-05-31,2193
2014-06-11,2,transition,7.012977808742808e-10,0.9999999992986943,2.4344464322476814e-27,2014-05-31,2193
2014-06-12,2,transition,5.902012300620448e-10,0.9999999994097948,1.0596826271415035e-28,2014-05-31,2193
2014-06-13,2,transition,1.77646825916475e-09,0.9999999982235295,3.1315940917227906e-28,2014-05-31,2193
2014-06-16,2,transition,2.3848365969147523e-09,0.9999999976151628,3.259726291364186e-28,2014-05-31,2193
2014-06-17,2,transition,1.077337298328464e-09,0.9999999989226751,3.4346709793832236e-27,2014-05-31,2193
2014-06-18,2,transition,2.63266404313376e-10,0.9999999997367297,1.4526522577778642e-26,2014-05-31,2193
2014-06-19,2,transition,1.7057283870930683e-09,0.9999999982942711,2.452448687153e-27,2014-05-31,2193
2014-06-20,2,transition,2.610604961720868e-09,0.9999999973894091,8.024134816627393e-27,2014-05-31,2193
2014-06-23,2,transition,3.0312810023767606e-09,0.999999996968711,1.0553924133967144e-26,2014-05-31,2193
2014-06-24,2,transition,3.188108146567111e-09,0.99999999681188,4.008117856621952e-28,2014-05-31,2193
2014-06-25,2,transition,2.910171221901529e-08,0.9999999708983016,1.87318878834821e-27,2014-05-31,2193
2014-06-26,2,transition,8.28104602160743e-08,0.9999999171895445,6.17822731391417e-27,2014-05-31,2193
2014-06-27,2,transition,1.1355754744644313e-06,0.9999988644245175,1.7067928052247437e-26,2014-05-31,2193
2014-06-30,2,transition,2.9815926251490856e-05,0.999970184073748,2.5804238368483185e-24,2014-05-31,2193
2014-07-01,0,transition,0.0,1.0,0.0,2014-06-30,2214
2014-07-02,1,stress,8.147312107792102e-86,2.4887784030632005e-29,1.0,2014-06-30,2214
2014-07-03,2,risk_on,0.999478290385112,2.0707688294568264e-46,0.0005217096148915022,2014-06-30,2214
2014-07-04,2,risk_on,0.9999996793333085,1.5445018874760653e-49,3.206666774004558e-07,2014-06-30,2214
2014-07-07,2,risk_on,0.9999999274948008,4.532984560405064e-54,7.25052083497841e-08,2014-06-30,2214
2014-07-08,2,risk_on,0.9999998642179925,1.2780964094765429e-55,1.3578201272823865e-07,2014-06-30,2214
2014-07-09,2,risk_on,0.9999999475685413,1.2629389480656158e-55,5.243145167224234e-08,2014-06-30,2214
2014-07-10,2,risk_on,0.9999998831341441,7.873493216133007e-58,1.168658417595029e-07,2014-06-30,2214
2014-07-11,2,risk_on,0.9999999312795206,3.056712006263845e-57,6.872049138703247e-08,2014-06-30,2214
2014-07-14,2,risk_on,0.9999999400581334,6.021855396500646e-57,5.994187714464289e-08,2014-06-30,2214
2014-07-15,2,risk_on,0.9999999258244286,6.599563957737107e-57,7.41755728087211e-08,2014-06-30,2214
2014-07-16,2,risk_on,0.9999999202448496,1.2192332971169203e-52,7.975515372105535e-08,2014-06-30,2214
2014-07-17,2,risk_on,0.999948525963772,2.0077912523978113e-59,5.147403623455682e-05,2014-06-30,2214
2014-07-18,2,risk_on,0.9999997126833322,3.609125070781601e-53,2.8731667128522225e-07,2014-06-30,2214
2014-07-21,2,risk_on,0.9999996349593046,3.071211509713826e-56,3.650406976344582e-07,2014-06-30,2214
2014-07-22,2,risk_on,0.9999998879787376,6.131195063426535e-57,1.120212686023004e-07,2014-06-30,2214
2014-07-23,2,risk_on,0.9999999622786226,6.254268554636639e-56,3.7721376438640636e-08,2014-06-30,2214
2014-07-24,2,risk_on,0.9999998851568884,3.8021673157491887e-56,1.1484311113791401e-07,2014-06-30,2214
2014-07-25,2,risk_on,0.9999995139834015,4.0290052524665186e-54,4.860165856216829e-07,2014-06-30,2214
2014-07-28,2,risk_on,0.9999540559677961,6.444656345167332e-51,4.5944032190747686e-05,2014-06-30,2214
2014-07-29,2,risk_on,0.9868827917590584,4.176419439036289e-49,0.013117208240938795,2014-06-30,2214
2014-07-30,2,risk_on,0.7737849362337064,1.6749188932865326e-46,0.2262150637662935,2014-06-30,2214
2014-07-31,1,stress,0.0004878963649004447,8.744761362187304e-48,0.9995121036351104,2014-06-30,2214
2014-08-01,2,transition,0.0,1.0,0.0,2014-07-31,2237
2014-08-04,0,stress,0.0,4.797009744210818e-32,1.0,2014-07-31,2237
2014-08-05,0,stress,1.1950417096345825e-07,9.545039318833406e-66,0.9999998804958423,2014-07-31,2237
2014-08-06,0,stress,2.543069981293212e-06,6.7424930430409174e-99,0.9999974569300256,2014-07-31,2237
2014-08-07,0,stress,0.00016278448229934363,1.6992081364848485e-133,0.9998372155176923,2014-07-31,2237
2014-08-08,0,stress,0.025172208626893275,1.273744930821008e-137,0.9748277913731077,2014-07-31,2237
2014-08-11,1,risk_on,0.9720395625796397,3.503779358390747e-136,0.02796043742036483,2014-07-31,2237
2014-08-12,1,risk_on,0.9994029248068586,7.505388452229288e-139,0.0005970751931525077,2014-07-31,2237
2014-08-13,1,risk_on,0.9999980812362358,1.566092881076818e-140,1.9187637581817447e-06,2014-07-31,2237
2014-08-14,1,risk_on,0.9999998520880918,3.7050826431876606e-143,1.47911895846335e-07,2014-07-31,2237
2014-08-15,1,risk_on,0.9999996457149566,8.807313462272735e-146,3.5428505117112683e-07,2014-07-31,2237
2014-08-18,1,risk_on,0.9999998896819936,2.696706763061773e-144,1.1031799810544646e-07,2014-07-31,2237
2014-08-19,1,risk_on,0.99999986779512,1.4597616467294378e-144,1.322048683888235e-07,2014-07-31,2237
2014-08-20,1,risk_on,0.9999998968703263,7.247703926476005e-143,1.0312966295717532e-07,2014-07-31,2237
2014-08-21,1,risk_on,0.9999998951749146,5.865054447625614e-143,1.0482509041340181e-07,2014-07-31,2237
2014-08-22,1,risk_on,0.9999998927424145,4.269312897562972e-142,1.0725757312347983e-07,2014-07-31,2237
2014-08-25,1,risk_on,0.9999998432414098,2.7017716210904944e-142,1.56758581370018e-07,2014-07-31,2237
2014-08-26,1,risk_on,0.9999999033971154,6.0164261960328866e-142,9.660289493505923e-08,2014-07-31,2237
2014-08-27,1,risk_on,0.9999998207689932,3.74466280577624e-142,1.7923099616713134e-07,2014-07-31,2237
2014-08-28,1,risk_on,0.9999998221205304,9.485391044452326e-142,1.7787947569239115e-07,2014-07-31,2237
2014-08-29,1,risk_on,0.9999918269771266,1.0916267752312156e-136,8.17302288157378e-06,2014-07-31,2237
2014-09-01,2,transition,0.0,1.0,0.0,2014-08-31,2258
2014-09-02,0,stress,0.0,3.082376663873308e-32,1.0,2014-08-31,2258
2014-09-03,1,risk_on,0.9941936075958063,6.640562457599832e-63,0.005806392404182179,2014-08-31,2258
2014-09-04,1,risk_on,0.9998469286004763,1.2780011363000173e-94,0.00015307139951654142,2014-08-31,2258
2014-09-05,1,risk_on,0.9999980074321925,1.526828969731457e-125,1.9925678010775e-06,2014-08-31,2258
2014-09-08,1,risk_on,0.999996750281036,8.538720869378773e-139,3.249718959098521e-06,2014-08-31,2258
2014-09-09,1,risk_on,0.9999614130277518,1.215452344506705e-138,3.858697224873797e-05,2014-08-31,2258
2014-09-10,1,risk_on,0.9999882170597651,4.755963886322569e-137,1.178294024005326e-05,2014-08-31,2258
2014-09-11,1,risk_on,0.9999930965896736,6.821195369359838e-137,6.9034103261566785e-06,2014-08-31,2258
2014-09-12,1,risk_on,0.9999504089711981,1.865874127964013e-136,4.959102881047919e-05,2014-08-31,2258
2014-09-15,1,risk_on,0.9998570093476893,3.147012386041785e-138,0.0001429906523191828,2014-08-31,2258
2014-09-16,1,risk_on,0.9999896007972635,3.933829895372723e-137,1.0399202733798314e-05,2014-08-31,2258
2014-09-17,1,risk_on,0.9999940837677957,1.9788956429911883e-136,5.916232202386987e-06,2014-08-31,2258
2014-09-18,1,risk_on,0.9999377907426332,1.8215309846733141e-134,6.22092573536659e-05,2014-08-31,2258
2014-09-19,1,risk_on,0.9940058202790684,1.5533894241373458e-133,0.005994179720927359,2014-08-31,2258
2014-09-22,1,risk_on,0.6748043528767186,2.165132015503398e-134,0.3251956471232867,2014-08-31,2258
2014-09-23,0,stress,0.12087888149657651,1.160475363007889e-134,0.8791211185034105,2014-08-31,2258
2014-09-24,0,stress,0.0908030466193432,1.515321238855176e-130,0.909196953380671,2014-08-31,2258
2014-09-25,0,stress,6.16342438471481e-05,8.693769997666122e-135,0.9999383657561393,2014-08-31,2258
2014-09-26,0,stress,9.5291429779352e-07,2.3746620005871066e-133,0.9999990470857077,2014-08-31,2258
2014-09-29,0,stress,3.916924418702971e-09,5.77533867539372e-136,0.9999999960830621,2014-08-31,2258
2014-09-30,0,stress,8.964247263469271e-08,5.353709650593762e-134,0.9999999103575345,2014-08-31,2258
2014-10-01,2,transition,0.0,1.0,0.0,2014-09-30,2280
2014-10-02,0,stress,0.0,2.4576000660536274e-37,1.0,2014-09-30,2280
2014-10-03,0,stress,4.7460984903244335e-06,9.187442920699499e-70,0.9999952539014962,2014-09-30,2280
2014-10-06,0,stress,1.578542268433251e-06,2.7445056985778556e-104,0.999998421457742,2014-09-30,2280
2014-10-07,0,stress,1.18421029550226e-10,5.3314507468685316e-130,0.9999999998815952,2014-09-30,2280
2014-10-08,0,stress,4.12451399550947e-07,5.31474759752875e-128,0.9999995875486147,2014-09-30,2280
2014-10-09,0,stress,2.8329193298130136e-15,8.691776469043182e-135,1.0,2014-09-30,2280
2014-10-10,0,stress,3.2370398215859233e-21,3.48280613334823e-138,1.0,2014-09-30,2280
2014-10-13,0,stress,3.440683993628073e-32,3.788213863632728e-141,1.0,2014-09-30,2280
2014-10-14,0,stress,1.7385503445475673e-23,5.172767447375412e-138,1.0,2014-09-30,2280
2014-10-15,0,stress,2.410700150341603e-30,9.256367098597024e-141,1.0,2014-09-30,2280
2014-10-16,0,stress,6.099855347869941e-25,1.6905128597696164e-136,1.0,2014-09-30,2280
2014-10-17,0,stress,6.735869380791781e-17,1.030241218237566e-131,1.0,2014-09-30,2280
2014-10-20,0,stress,2.686314633150978e-09,2.6371079199182895e-129,0.9999999973136937,2014-09-30,2280
2014-10-21,0,stress,1.9438666603920784e-07,6.155971148006479e-128,0.9999998056133184,2014-09-30,2280
2014-10-22,0,stress,1.5174996621499654e-09,2.6932738902385243e-129,0.9999999984825081,2014-09-30,2280
2014-10-23,0,stress,2.465134621202097e-08,8.252739634060041e-128,0.999999975348658,2014-09-30,2280
2014-10-24,0,stress,4.0163448598479496e-07,8.524819335609529e-127,0.999999598365515,2014-09-30,2280
2014-10-27,0,stress,6.901307384367173e-06,4.372963227044794e-126,0.9999930986926383,2014-09-30,2280
2014-10-28,0,stress,0.0001753736585130664,5.634575861419988e-124,0.9998246263415108,2014-09-30,2280
2014-10-29,0,stress,0.00011162210414841011,2.6128006451682327e-123,0.9998883778958444,2014-09-30,2280
2014-10-30,0,stress,0.001704002352406856,1.28082076531291e-122,0.9982959976475847,2014-09-30,2280
2014-10-31,0,stress,0.0071035311727185866,2.985691122190747e-119,0.9928964688272793,2014-09-30,2280
2014-11-03,0,transition,0.0,1.0,0.0,2014-10-31,2303
2014-11-04,1,stress,4.121242665386686e-243,3.689089207042256e-32,1.0,2014-10-31,2303
2014-11-05,1,stress,0.10038750069517692,2.517254885462183e-63,0.8996124993048155,2014-10-31,2303
2014-11-06,2,risk_on,0.5679488301984982,8.79376799533206e-64,0.43205116980151603,2014-10-31,2303
2014-11-07,2,risk_on,0.9525155040432869,6.686392555654429e-66,0.04748449595670863,2014-10-31,2303
2014-11-10,2,risk_on,0.9982372196417211,9.83758371778453e-67,0.0017627803582811886,2014-10-31,2303
2014-11-11,2,risk_on,0.9999111699344582,3.922395237710256e-68,8.883006554474178e-05,2014-10-31,2303
2014-11-12,2,risk_on,0.9999885691066114,6.459547282915655e-69,1.1430893389677731e-05,2014-10-31,2303
2014-11-13,2,risk_on,0.9999815528806445,6.191253634368199e-71,1.8447119369214767e-05,2014-10-31,2303
2014-11-14,2,risk_on,0.9999923131965566,1.0647310183521282e-70,7.686803455116868e-06,2014-10-31,2303
2014-11-17,2,risk_on,0.9999759488800486,7.384297204265939e-71,2.4051119948335936e-05,2014-10-31,2303
2014-11-18,2,risk_on,0.9999552895482753,1.5594358591635835e-71,4.4710451732272123e-05,2014-10-31,2303
2014-11-19,2,risk_on,0.9999350335051417,2.1872729765488752e-71,6.496649484942552e-05,2014-10-31,2303
2014-11-20,2,risk_on,0.9999739786201499,2.6226055767302516e-72,2.6021379838805937e-05,2014-10-31,2303
2014-11-21,2,risk_on,0.9999901713361641,1.3384739996218987e-73,9.828663829418733e-06,2014-10-31,2303
2014-11-24,2,risk_on,0.9999960500837083,2.246745360790939e-74,3.949916298283014e-06,2014-10-31,2303
2014-11-25,2,risk_on,0.9999953218730299,1.6519769167324874e-74,4.678126976551902e-06,2014-10-31,2303
2014-11-26,2,risk_on,0.9999943394918682,4.99052628384866e-74,5.660508126303592e-06,2014-10-31,2303
2014-11-27,2,risk_on,0.9999404198796656,1.6492786505201378e-72,5.958012033353303e-05,2014-10-31,2303
2014-11-28,2,risk_on,0.9975136276473411,2.8036237282394508e-71,0.002486372352667737,2014-10-31,2303
2014-12-01,1,risk_on,1.0,0.0,1.2505583281818553e-101,2014-11-30,2323
2014-12-02,0,stress,0.047136048512215346,4.562839255300651e-13,0.952863951487338,2014-11-30,2323
2014-12-03,0,stress,0.004953332662076131,1.8225283908956824e-07,0.9950464850850707,2014-11-30,2323
2014-12-04,0,stress,0.0010013621130617704,2.5132707454204485e-07,0.9989983865598777,2014-11-30,2323
2014-12-05,0,stress,0.0005758441984514539,4.2104607081845044e-08,0.9994241136969338,2014-11-30,2323
2014-12-08,0,stress,5.576271822822171e-06,9.291116872973295e-10,0.9999944227990685,2014-11-30,2323
2014-12-09,0,stress,1.6558684288036125e-07,6.606145403078065e-10,0.9999998337525393,2014-11-30,2323
2014-12-10,0,stress,2.348249310961971e-11,3.788767502972404e-12,0.9999999999727152,2014-11-30,2323
2014-12-11,0,stress,8.104015319250828e-15,8.835128431744464e-14,0.9999999999999147,2014-11-30,2323
2014-12-12,0,stress,6.2044851588301146e-15,5.256738727918606e-14,0.9999999999999432,2014-11-30,2323
2014-12-15,0,stress,4.665146781995966e-12,2.7870771121122764e-13,0.9999999999950546,2014-11-30,2323
2014-12-16,0,stress,3.1861690434503047e-18,1.0008808394729923e-15,1.0,2014-11-30,2323
2014-12-17,0,stress,6.608970556745233e-13,3.9202503032630055e-12,0.9999999999954241,2014-11-30,2323
2014-12-18,0,stress,8.297486095757759e-10,1.2206300953688898e-10,0.9999999990481854,2014-11-30,2323
2014-12-19,0,stress,8.751073302425217e-08,6.977351539116305e-11,0.999999912419501,2014-11-30,2323
2014-12-22,0,stress,1.3092690707727525e-06,3.756018439437249e-10,0.9999986903553171,2014-11-30,2323
2014-12-23,0,stress,5.978599497871362e-06,1.0949089049762526e-10,0.9999940212909972,2014-11-30,2323
2014-12-24,0,stress,0.0036527509601478915,2.1160376004659552e-11,0.996347249018692,2014-11-30,2323
2014-12-26,0,stress,0.008882155006472867,7.016020676349365e-12,0.9911178449865189,2014-11-30,2323
2014-12-29,0,stress,0.008990763575241801,1.2252092544230275e-11,0.9910092364124932,2014-11-30,2323
2014-12-30,0,stress,0.00736550252410241,1.435027192322962e-11,0.9926344974615419,2014-11-30,2323
2014-12-31,0,stress,0.0016659325158914751,5.763345578495664e-11,0.9983340674264769,2014-11-30,2323
2015-01-02,2,transition,0.0,1.0,0.0,2014-12-31,2345
2015-01-05,0,stress,0.0,3.796919924820674e-35,1.0,2014-12-31,2345
2015-01-06,0,stress,5.408427410866995e-16,3.890746050423339e-72,1.0,2014-12-31,2345
2015-01-07,0,stress,2.387880628378288e-13,3.2343744401583376e-109,0.9999999999997726,2014-12-31,2345
2015-01-08,0,stress,2.2702867215737623e-10,1.219028182231357e-125,0.9999999997729674,2014-12-31,2345
2015-01-09,0,stress,6.172501662568864e-09,2.724794856434807e-126,0.9999999938274868,2014-12-31,2345
2015-01-12,0,stress,1.1333329875050757e-11,1.3889091153576172e-128,0.9999999999886882,2014-12-31,2345
2015-01-13,0,stress,5.453111054244026e-13,1.2071647424544364e-129,0.9999999999994316,2014-12-31,2345
2015-01-14,0,stress,3.483738215545316e-13,8.082410675529013e-130,0.9999999999996589,2014-12-31,2345
2015-01-15,0,stress,9.733751059464153e-14,1.4004682571295665e-132,0.9999999999998863,2014-12-31,2345
2015-01-16,0,stress,7.241356332079525e-13,9.810193437715934e-132,0.999999999999261,2014-12-31,2345
2015-01-19,0,stress,2.0070229524323842e-11,4.12585508067391e-131,0.9999999999799343,2014-12-31,2345
2015-01-20,0,stress,3.4138241378600406e-10,1.4567689056964372e-131,0.9999999996585984,2014-12-31,2345
2015-01-21,0,stress,3.9655385748577004e-09,1.1529879485481876e-130,0.9999999960344894,2014-12-31,2345
2015-01-22,0,stress,4.4880778282584226e-08,9.950706716897451e-131,0.9999999551192228,2014-12-31,2345
2015-01-23,0,stress,8.456584334791245e-07,5.354441102259997e-131,0.9999991543415542,2014-12-31,2345
2015-01-26,0,stress,1.3618633948246204e-05,1.7615272390397602e-130,0.9999863813660796,2014-12-31,2345
2015-01-27,0,stress,1.4271584609947872e-07,3.430896227793073e-130,0.999999857284148,2014-12-31,2345
2015-01-28,0,stress,7.158872366714868e-11,1.4333204833210084e-132,0.9999999999284341,2014-12-31,2345
2015-01-29,0,stress,1.3160647464268732e-09,9.570246051658155e-132,0.9999999986839612,2014-12-31,2345
2015-01-30,0,stress,2.6875709980997233e-09,2.4774982765493657e-131,0.9999999973124432,2014-12-31,2345
2015-02-02,0,risk_on,1.0,0.0,1.449467936010563e-58,2015-01-31,2366
2015-02-03,1,stress,1.5207072836540303e-05,1.188834065709194e-10,0.9999847928082882,2015-01-31,2366
2015-02-04,1,stress,4.315069552572442e-09,2.640789961970959e-10,0.9999999954208647,2015-01-31,2366
2015-02-05,1,stress,7.784261376112483e-08,8.019093633298639e-10,0.9999999213554847,2015-01-31,2366
2015-02-06,1,stress,4.9110853664803305e-09,9.649769226643167e-12,0.9999999950792642,2015-01-31,2366
2015-02-09,1,stress,5.1455703080333144e-06,2.499082556500185e-13,0.9999948544294395,2015-01-31,2366
2015-02-10,1,stress,0.0005375063643852134,7.980392556502769e-12,0.9994624936276477,2015-01-31,2366
2015-02-11,1,stress,0.028176536345871934,1.9677010514101943e-11,0.9718234636344552,2015-01-31,2366
2015-02-12,1,stress,0.13415679015640752,1.894173826204794e-09,0.8658432079494128,2015-01-31,2366
2015-02-13,0,risk_on,0.5707115992800784,3.0579727907569726e-09,0.42928839766195603,2015-01-31,2366
2015-02-16,0,risk_on,0.7553988746274864,1.246933125347933e-09,0.24460112412557214,2015-01-31,2366
2015-02-17,0,risk_on,0.8667950281822111,7.137044600010866e-10,0.13320497110409657,2015-01-31,2366
2015-02-18,0,risk_on,0.94814235389988,1.5847552078095325e-09,0.051857644515363746,2015-01-31,2366
2015-02-19,0,risk_on,0.9986113863653362,6.551547471387598e-11,0.0013886135691564606,2015-01-31,2366
2015-02-20,0,risk_on,0.9999438830164111,1.4447112788702318e-12,5.611698215406524e-05,2015-01-31,2366
2015-02-23,0,risk_on,0.9999872467225351,2.619796670882711e-13,1.275327719651704e-05,2015-01-31,2366
2015-02-24,0,risk_on,0.9999714759216454,3.80726784164209e-12,2.8524074551907667e-05,2015-01-31,2366
2015-02-25,0,risk_on,0.9999968641265297,1.612991324866709e-13,3.1358733095477398e-06,2015-01-31,2366
2015-02-26,0,risk_on,0.9999939780890928,1.2367024555516867e-14,6.02191090372189e-06,2015-01-31,2366
2015-02-27,0,risk_on,0.9998067572776462,1.685448359545715e-11,0.0001932427054977086,2015-01-31,2366
2015-03-02,1,transition,0.0,1.0,0.0,2015-02-28,2386
2015-03-03,0,stress,8.437006898412523e-143,1.2634902756636597e-34,1.0,2015-02-28,2386
2015-03-04,0,stress,6.1468188621163436e-06,1.028039822757603e-60,0.9999938531811579,2015-02-28,2386
2015-03-05,0,stress,1.1452811523912212e-05,1.8120308357888738e-61,0.9999885471884662,2015-02-28,2386
2015-03-06,0,stress,1.3497264992558722e-09,1.7149882707704818e-59,0.999999998650253,2015-02-28,2386
2015-03-09,0,stress,1.5697879347117746e-07,1.560453781332319e-58,0.9999998430212268,2015-02-28,2386
2015-03-10,0,stress,6.885494147508165e-09,3.1676157852979957e-59,0.9999999931144998,2015-02-28,2386
2015-03-11,0,stress,6.5208701606366395e-09,7.478433934448069e-60,0.9999999934791504,2015-02-28,2386
2015-03-12,0,stress,3.778211851704028e-08,1.4521964144240103e-60,0.9999999622178855,2015-02-28,2386
2015-03-13,0,stress,2.4000433385635844e-07,3.093662627568364e-60,0.9999997599956888,2015-02-28,2386
2015-03-16,0,stress,2.2910564410188244e-08,1.1953755351645355e-61,0.9999999770894308,2015-02-28,2386
2015-03-17,0,stress,5.136324631112646e-08,2.791416333407528e-62,0.9999999486367428,2015-02-28,2386
2015-03-18,0,stress,1.1964381587251035e-07,4.302449715128581e-67,0.9999998803562065,2015-02-28,2386
2015-03-19,0,stress,3.690052172720506e-06,2.484870138550208e-64,0.9999963099478334,2015-02-28,2386
2015-03-20,0,stress,1.4719580292118738e-05,1.5288949182641517e-65,0.9999852804196981,2015-02-28,2386
2015-03-23,0,stress,4.7081395604864614e-05,6.134950735014053e-65,0.9999529186044095,2015-02-28,2386
2015-03-24,0,stress,3.817300825727524e-05,8.483541137804687e-66,0.9999618269917394,2015-02-28,2386
2015-03-25,0,stress,7.093756561791311e-08,1.6880361669116607e-64,0.9999999290624285,2015-02-28,2386
2015-03-26,0,stress,1.7323819375916317e-07,1.752079793143471e-62,0.9999998267617948,2015-02-28,2386
2015-03-27,0,stress,6.863804593695857e-07,1.3528355002561973e-62,0.999999313619534,2015-02-28,2386
2015-03-30,0,stress,3.584252617467261e-06,1.6684538722233428e-63,0.9999964157473756,2015-02-28,2386
2015-03-31,0,stress,0.0004300793640332246,9.54846437795432e-61,0.9995699206359437,2015-02-28,2386
2015-04-01,2,transition,0.0,1.0,0.0,2015-03-31,2408
2015-04-02,0,stress,0.0,5.036489271950334e-39,1.0,2015-03-31,2408
2015-04-03,0,stress,2.6625387920241976e-05,1.1508830581474495e-78,0.9999733746120546,2015-03-31,2408
2015-04-06,0,stress,2.728139055810336e-05,2.5107517776631757e-117,0.999972718609446,2015-03-31,2408
2015-04-07,0,stress,6.109679094481148e-05,3.230537780400344e-132,0.9999389032090307,2015-03-31,2408
2015-04-08,0,stress,0.0003130794351695093,3.963417897234377e-132,0.9996869205648344,2015-03-31,2408
2015-04-09,0,stress,0.0013022959005581016,6.786652016539384e-131,0.9986977040994612,2015-03-31,2408
2015-04-10,0,stress,0.003111919153196168,8.103083573273507e-131,0.9968880808467829,2015-03-31,2408
2015-04-13,0,stress,0.006865084321324373,3.7537159496181075e-131,0.9931349156786511,2015-03-31,2408
2015-04-14,0,stress,0.018686861309716495,4.1202193766300434e-132,0.9813131386902979,2015-03-31,2408
2015-04-15,0,stress,0.03619029901700891,8.108169866692643e-133,0.9638097009830174,2015-03-31,2408
2015-04-16,0,stress,0.041757529474226535,2.0989578881896985e-132,0.9582424705257951,2015-03-31,2408
2015-04-17,0,stress,0.03618354240633326,2.1804762577760636e-132,0.9638164575936387,2015-03-31,2408
2015-04-20,0,stress,0.03617841997267588,1.7169712709738276e-132,0.9638215800273322,2015-03-31,2408
2015-04-21,0,stress,0.03983225103161712,1.0551927095496727e-131,0.960167748968402,2015-03-31,2408
2015-04-22,0,stress,0.041819330019156116,1.7310593018834665e-130,0.958180669980861,2015-03-31,2408
2015-04-23,0,stress,0.04470693611466316,1.741211562299684e-130,0.9552930638853554,2015-03-31,2408
2015-04-24,0,stress,0.04315900690676883,2.3523016954493983e-132,0.9568409930932491,2015-03-31,2408
2015-04-27,0,stress,0.03566911655359662,5.767571220590542e-132,0.9643308834463834,2015-03-31,2408
2015-04-28,0,stress,0.02684754877372392,6.932391346978559e-131,0.973152451226271,2015-03-31,2408
2015-04-29,0,stress,0.02097145066414974,2.5542381084406662e-129,0.9790285493358759,2015-03-31,2408
2015-04-30,0,stress,0.01924168858350964,1.6742554460412856e-125,0.9807583114164904,2015-03-31,2408
2015-05-01,1,transition,0.0,1.0,0.0,2015-04-30,2430
2015-05-04,0,stress,0.0,2.797818757737404e-34,1.0,2015-04-30,2430
2015-05-05,0,stress,5.757372771484205e-05,1.9526087075954688e-66,0.9999424262722885,2015-04-30,2430
2015-05-06,0,stress,0.00022616516161225902,2.681833299160158e-97,0.9997738348383787,2015-04-30,2430
2015-05-07,0,stress,0.002193576662959589,5.346129986459723e-125,0.9978064233370487,2015-04-30,2430
2015-05-08,0,stress,0.048209375366948984,4.2011220645067435e-126,0.9517906246330466,2015-04-30,2430
2015-05-11,0,stress,0.0975545899489059,1.1460044705321589e-124,0.9024454100510938,2015-04-30,2430
2015-05-12,2,risk_on,0.7654369657513854,7.946438493334055e-125,0.23456303424862546,2015-04-30,2430
2015-05-13,2,risk_on,0.961552064159005,1.8241088476297536e-125,0.038447935841000674,2015-04-30,2430
2015-05-14,2,risk_on,0.9913899517594327,1.3064852426671347e-127,0.008610048240571976,2015-04-30,2430
2015-05-15,2,risk_on,0.9990844660781384,3.279009510642288e-129,0.0009155339218705689,2015-04-30,2430
2015-05-18,2,risk_on,0.999835828434295,2.8125489869136806e-129,0.00016417156570442478,2015-04-30,2430
2015-05-19,2,risk_on,0.9999112025560452,1.6121292387643582e-128,8.879744395052341e-05,2015-04-30,2430
2015-05-20,2,risk_on,0.9999489420110863,9.682732418799878e-129,5.105798891252772e-05,2015-04-30,2430
2015-05-21,2,risk_on,0.9998477309858699,6.93653283837836e-129,0.00015226901414205487,2015-04-30,2430
2015-05-22,2,risk_on,0.9987131970708708,1.897145564402224e-127,0.001286802929119836,2015-04-30,2430
2015-05-25,2,risk_on,0.9918560536012522,2.88723429614903e-126,0.008143946398745739,2015-04-30,2430
2015-05-26,2,risk_on,0.9453687952139609,2.824987464767555e-126,0.054631204786044135,2015-04-30,2430
2015-05-27,2,risk_on,0.9270216911007156,3.9611032657123784e-126,0.07297830889928646,2015-04-30,2430
2015-05-28,2,risk_on,0.9255105255721519,7.483581080661556e-126,0.07448947442785213,2015-04-30,2430
2015-05-29,2,risk_on,0.9220733298689512,2.055394917467083e-123,0.07792667013105527,2015-04-30,2430
2015-06-01,0,risk_on,1.0,0.0,7.222313262361081e-197,2015-05-31,2451
2015-06-02,0,risk_on,0.9999999999972573,2.741054504945295e-12,3.351213593655756e-37,2015-05-31,2451
2015-06-03,0,risk_on,0.9999999999823217,1.7682129122653778e-11,1.2621594787768832e-33,2015-05-31,2451
2015-06-04,0,risk_on,0.9999999999983515,1.6549083857788667e-12,3.301102851865282e-34,2015-05-31,2451
2015-06-05,0,risk_on,0.9999999999912603,8.744195940391169e-12,4.424670694553968e-32,2015-05-31,2451
2015-06-08,0,risk_on,0.999999999997371,2.626239531568367e-12,2.7856713520519173e-31,2015-05-31,2451
2015-06-09,0,risk_on,0.9999999999940599,5.945078554008922e-12,2.5170126717943924e-30,2015-05-31,2451
2015-06-10,0,risk_on,0.9999999999548805,4.5118473290700185e-11,4.465770679017917e-28,2015-05-31,2451
2015-06-11,0,risk_on,0.9999999999933777,6.626891842401061e-12,4.8494444275892644e-30,2015-05-31,2451
2015-06-12,0,risk_on,0.9999999999993037,6.95421856333235e-13,1.851185961619122e-32,2015-05-31,2451
2015-06-15,0,risk_on,0.9999999999995595,4.4273154541309055e-13,9.649504059656284e-32,2015-05-31,2451
2015-06-16,0,risk_on,0.999999999999261,7.376942482771172e-13,1.1663580603321623e-32,2015-05-31,2451
2015-06-17,0,risk_on,0.9999999999977547,2.249492226466476e-12,9.546368059423428e-34,2015-05-31,2451
2015-06-18,0,risk_on,0.999999999970413,2.959207050310186e-11,1.20395770697278e-32,2015-05-31,2451
2015-06-19,0,risk_on,0.9999999999897113,1.0284597816186158e-11,1.4135875045664866e-34,2015-05-31,2451
2015-06-22,0,risk_on,0.9999999999076152,9.238139758828425e-11,1.7806714755933355e-32,2015-05-31,2451
2015-06-23,0,risk_on,0.9999999999767084,2.3289435861652225e-11,2.823014836469758e-31,2015-05-31,2451
2015-06-24,0,risk_on,0.9999999999934772,6.521995941536929e-12,8.977139877686637e-32,2015-05-31,2451
2015-06-25,0,risk_on,0.9999999999906919,9.307119071058151e-12,2.955014234827169e-31,2015-05-31,2451
2015-06-26,0,risk_on,0.9999999999860307,1.3966039643181912e-11,4.018882591951219e-29,2015-05-31,2451
2015-06-29,0,risk_on,0.999999999858602,1.4140078814877157e-10,1.3240063405911852e-28,2015-05-31,2451
2015-06-30,0,risk_on,0.9999999884948779,1.150512068004491e-08,3.2432349419577743e-28,2015-05-31,2451
2015-07-01,2,transition,0.0,1.0,0.0,2015-06-30,2473
2015-07-02,0,stress,0.0,6.027797719579057e-27,1.0,2015-06-30,2473
2015-07-03,0,stress,0.46216750369592613,4.8650105630765225e-53,0.5378324963040679,2015-06-30,2473
2015-07-06,0,stress,0.4809158475351723,1.6035886456607357e-81,0.5190841524648238,2015-06-30,2473
2015-07-07,0,stress,0.4779544728082017,1.505817993535843e-110,0.5220455271917933,2015-06-30,2473
2015-07-08,0,stress,0.31123813554842755,1.0510501855089393e-129,0.6887618644515818,2015-06-30,2473
2015-07-09,0,stress,0.30402828607980387,2.9196548703199563e-129,0.695971713920184,2015-06-30,2473
2015-07-10,1,risk_on,0.7925318393607204,9.635944152221788e-128,0.20746816063926682,2015-06-30,2473
2015-07-13,1,risk_on,0.997354689659265,4.3108910030311237e-128,0.0026453103407257077,2015-06-30,2473
2015-07-14,1,risk_on,0.9999832924749444,3.4110196327806605e-130,1.670752506958133e-05,2015-06-30,2473
2015-07-15,1,risk_on,0.9999965804746497,1.5790044157934808e-133,3.4195253606511694e-06,2015-06-30,2473
2015-07-16,1,risk_on,0.999997292002661,1.3400495525146562e-134,2.707997332290274e-06,2015-06-30,2473
2015-07-17,1,risk_on,0.9999988729576997,2.229546025090724e-134,1.127042295933151e-06,2015-06-30,2473
2015-07-20,1,risk_on,0.9999989745028444,1.0281325994792124e-133,1.0254971666125046e-06,2015-06-30,2473
2015-07-21,1,risk_on,0.9999988735729437,4.762108142399261e-134,1.1264270659518964e-06,2015-06-30,2473
2015-07-22,1,risk_on,0.9999989750838688,1.0755423356899027e-133,1.0249161451384858e-06,2015-06-30,2473
2015-07-23,1,risk_on,0.9999978287298443,1.3618618335262994e-133,2.1712701440956364e-06,2015-06-30,2473
2015-07-24,1,risk_on,0.9999928819971822,1.1339001539925955e-133,7.118002805228608e-06,2015-06-30,2473
2015-07-27,1,risk_on,0.9999947957169433,1.2414054659323755e-134,5.2042830662345405e-06,2015-06-30,2473
2015-07-28,1,risk_on,0.999993750378852,5.402827444834172e-135,6.2496211420713906e-06,2015-06-30,2473
2015-07-29,1,risk_on,0.999998656723015,1.7765596929037616e-134,1.34327699889228e-06,2015-06-30,2473
2015-07-30,1,risk_on,0.9999989302799613,9.877062560198897e-134,1.0697200287711652e-06,2015-06-30,2473
2015-07-31,1,risk_on,0.9999590705491979,1.0329935611662485e-130,4.0929450802375674e-05,2015-06-30,2473
2015-08-03,0,transition,0.0,1.0,0.0,2015-07-31,2496
2015-08-04,1,stress,2.383587343334363e-106,2.8916169250697e-31,1.0,2015-07-31,2496
2015-08-05,2,risk_on,0.9996388670961719,1.363271807008218e-53,0.00036113290384711235,2015-07-31,2496
2015-08-06,2,risk_on,0.9999998431104141,1.5372039650595809e-57,1.568895793049234e-07,2015-07-31,2496
2015-08-07,2,risk_on,0.9999999708501268,1.789031888425234e-61,2.914990000467717e-08,2015-07-31,2496
2015-08-10,2,risk_on,0.9999999061338416,4.3138488894838446e-62,9.386617221910956e-08,2015-07-31,2496
2015-08-11,2,risk_on,0.9999999640074868,1.8355411632961799e-63,3.599252034694835e-08,2015-07-31,2496
2015-08-12,2,risk_on,0.9999999841500654,4.0645538222327116e-64,1.5849943740374897e-08,2015-07-31,2496
2015-08-13,2,risk_on,0.9999999735300097,5.5469329436266415e-64,2.6469978935868702e-08,2015-07-31,2496
2015-08-14,2,risk_on,0.9999999814363607,3.145752717193055e-63,1.856364549138865e-08,2015-07-31,2496
2015-08-17,2,risk_on,0.9999999765101963,2.558784167292043e-63,2.348980520729243e-08,2015-07-31,2496
2015-08-18,2,risk_on,0.9999999669699952,7.949342394849692e-61,3.302999623970906e-08,2015-07-31,2496
2015-08-19,2,risk_on,0.9999827139989949,1.7914920746730155e-58,1.7286000993181516e-05,2015-07-31,2496
2015-08-20,2,risk_on,0.9518229904571994,7.195605676524474e-57,0.04817700954279052,2015-07-31,2496
2015-08-21,1,stress,3.216840675657658e-08,1.0949580871329519e-56,0.9999999678315709,2015-07-31,2496
2015-08-24,1,stress,2.058035949604041e-29,1.6661367543005123e-54,1.0,2015-07-31,2496
2015-08-25,1,stress,9.753008665014747e-22,1.085779213166524e-49,1.0,2015-07-31,2496
2015-08-26,1,stress,6.318922076991215e-24,4.692878938354028e-49,1.0,2015-07-31,2496
2015-08-27,1,stress,6.463929503851222e-12,9.336102049741696e-44,0.9999999999935199,2015-07-31,2496
2015-08-28,1,stress,5.252946364349147e-08,3.302379101383227e-42,0.9999999474705432,2015-07-31,2496
2015-08-31,1,stress,5.937971184127312e-11,1.7941351256005566e-41,0.9999999999405986,2015-07-31,2496
2015-09-01,0,transition,0.0,1.0,5.051057321139987e-33,2015-08-31,2517
2015-09-02,1,stress,1.7350428035270002e-12,1.1235361048549915e-12,0.9999999999971578,2015-08-31,2517
2015-09-03,1,stress,1.2205398742543495e-13,6.5374662170305635e-15,0.9999999999998863,2015-08-31,2517
2015-09-04,1,stress,7.0762002273155506e-15,1.1492114835455396e-18,1.0,2015-08-31,2517
2015-09-07,1,stress,1.9410724748262083e-14,9.279636073651655e-18,1.0,2015-08-31,2517
2015-09-08,1,stress,3.0433550495703403e-13,1.746354587956936e-17,0.9999999999997158,2015-08-31,2517
2015-09-09,1,stress,5.71087735881701e-14,2.407157598787055e-17,0.9999999999999432,2015-08-31,2517
2015-09-10,1,stress,5.53688668074895e-13,2.3331909981025814e-15,0.9999999999994316,2015-08-31,2517
2015-09-11,1,stress,5.158232358639806e-12,1.4120610640719904e-13,0.9999999999947136,2015-08-31,2517
2015-09-14,1,stress,8.489823051511706e-13,2.055229633878994e-14,0.9999999999991473,2015-08-31,2517
2015-09-15,1,stress,4.97807752489714e-14,1.0826129905798198e-15,0.9999999999999432,2015-08-31,2517
2015-09-16,1,stress,2.1840175042765324e-13,2.425259130635976e-13,0.9999999999995453,2015-08-31,2517
2015-09-17,1,stress,4.8154825880887786e-11,5.173970603574877e-13,0.999999999951342,2015-08-31,2517
2015-09-18,1,stress,1.174305802650419e-11,6.043159136425396e-13,0.999999999987665,2015-08-31,2517
2015-09-21,1,stress,9.261096110371074e-12,5.175544408513283e-08,0.9999999482353146,2015-08-31,2517
2015-09-22,1,stress,5.523989412762258e-12,1.609592448174208e-10,0.9999999998335056,2015-08-31,2517
2015-09-23,1,stress,3.143863754173325e-12,2.9711750718041583e-08,0.9999999702851032,2015-08-31,2517
2015-09-24,1,stress,3.0552516512173535e-12,8.117383563783089e-09,0.9999999918795766,2015-08-31,2517
2015-09-25,1,stress,4.241608711711438e-12,9.001368139566814e-09,0.9999999909944108,2015-08-31,2517
2015-09-28,1,stress,6.63689057033998e-13,2.7476433390263773e-17,0.9999999999993179,2015-08-31,2517
2015-09-29,1,stress,7.213512993679945e-12,1.4588750018735145e-13,0.9999999999926672,2015-08-31,2517
2015-09-30,1,stress,8.355925275310478e-08,1.060235696074442e-09,0.9999999153805028,2015-08-31,2517
2015-10-01,2,transition,0.0,1.0,0.0,2015-09-30,2539
2015-10-02,0,stress,0.0,4.053680352272249e-27,1.0,2015-09-30,2539
2015-10-05,0,stress,1.4543989058967684e-07,1.276763224514497e-56,0.999999854560098,2015-09-30,2539
2015-10-06,0,stress,0.00010248049229628437,2.613870541401402e-86,0.9998975195077032,2015-09-30,2539
2015-10-07,0,stress,0.0504182344234986,8.27833929467053e-115,0.94958176557651,2015-09-30,2539
2015-10-08,0,stress,0.18734356953279785,3.121228710344864e-144,0.8126564304672047,2015-09-30,2539
2015-10-09,1,risk_on,0.8146244742646676,1.338004403092817e-147,0.18537552573534033,2015-09-30,2539
2015-10-12,1,risk_on,0.9958246341938689,2.0162539539810827e-148,0.004175365806130743,2015-09-30,2539
2015-10-13,1,risk_on,0.9997557815954704,7.589123014914626e-150,0.0002442184045240914,2015-09-30,2539
2015-10-14,1,risk_on,0.9999893952878389,1.2230948092527719e-151,1.0604712168978392e-05,2015-09-30,2539
2015-10-15,1,risk_on,0.999978272737449,7.172288156508415e-155,2.1727262548477466e-05,2015-09-30,2539
2015-10-16,1,risk_on,0.9999982240742749,9.180774154386285e-156,1.775925724909287e-06,2015-09-30,2539
2015-10-19,1,risk_on,0.9999986375761027,9.778041733814857e-157,1.362423908037293e-06,2015-09-30,2539
2015-10-20,1,risk_on,0.999997176142423,2.2152131509740784e-155,2.8238575815707434e-06,2015-09-30,2539
2015-10-21,1,risk_on,0.9999954252608113,5.887184733004809e-154,4.574739190076113e-06,2015-09-30,2539
2015-10-22,1,risk_on,0.9999851312953834,3.435903443375397e-156,1.486870461553718e-05,2015-09-30,2539
2015-10-23,1,risk_on,0.9999940845636557,1.4459667572034331e-155,5.9154363327957614e-06,2015-09-30,2539
2015-10-26,1,risk_on,0.999998521498283,2.3555678555979157e-156,1.4785017179243102e-06,2015-09-30,2539
2015-10-27,1,risk_on,0.9999986475285192,2.2337478739737076e-156,1.3524714873383265e-06,2015-09-30,2539
2015-10-28,1,risk_on,0.9999856231230594,5.282370656111314e-157,1.43768769428726e-05,2015-09-30,2539
2015-10-29,1,risk_on,0.9999956452081341,1.9200656867103152e-152,4.354791863010104e-06,2015-09-30,2539
2015-10-30,1,risk_on,0.9999584711287114,7.315783521787926e-147,4.152887128093411e-05,2015-09-30,2539
2015-11-02,0,risk_on,1.0,0.0,1.9843190791960764e-247,2015-10-31,2561
2015-11-03,1,stress,7.778564987273873e-05,9.466279608436651e-13,0.9999222143491816,2015-10-31,2561
2015-11-04,1,stress,9.421875249106012e-12,7.464515037794848e-16,0.9999999999905782,2015-10-31,2561
2015-11-05,1,stress,1.1605113961131604e-10,3.1062059032749856e-16,0.9999999998839542,2015-10-31,2561
2015-11-06,1,stress,2.168768270632433e-08,2.375491805586987e-16,0.9999999783123175,2015-10-31,2561
2015-11-09,1,stress,3.067387233486164e-16,5.247044384714532e-16,1.0,2015-10-31,2561
2015-11-10,1,stress,5.0145544823063776e-11,2.801896860287727e-16,0.9999999999498499,2015-10-31,2561
2015-11-11,1,stress,4.169305603298895e-14,4.644905559654872e-16,0.9999999999999574,2015-10-31,2561
2015-11-12,1,stress,1.0452086476019647e-28,1.0117453950923927e-15,1.0,2015-10-31,2561
2015-11-13,1,stress,1.490252461057501e-43,3.253126539728374e-15,1.0,2015-10-31,2561
2015-11-16,1,stress,1.80690884048266e-28,2.8790506301186892e-15,1.0,2015-10-31,2561
2015-11-17,1,stress,3.217088189777138e-32,7.379967659218001e-16,1.0,2015-10-31,2561
2015-11-18,1,stress,4.587820320404552e-20,3.2219942502703544e-16,1.0,2015-10-31,2561
2015-11-19,1,stress,7.517893208653334e-21,7.470862403750949e-17,1.0,2015-10-31,2561
2015-11-20,1,stress,2.0659486272204203e-14,3.079707800893189e-17,0.9999999999999858,2015-10-31,2561
2015-11-23,1,stress,3.532347107399431e-14,2.848579951277219e-18,0.9999999999999716,2015-10-31,2561
2015-11-24,1,stress,6.046930381300617e-16,3.376911040989621e-18,1.0,2015-10-31,2561
2015-11-25,1,stress,2.053818578447723e-12,4.2029019103454373e-19,0.9999999999979394,2015-10-31,2561
2015-11-26,1,stress,1.7472578865121238e-12,4.590236024255412e-19,0.9999999999982521,2015-10-31,2561
2015-11-27,1,stress,2.7566803563922843e-12,4.0834658259454374e-19,0.9999999999972431,2015-10-31,2561
2015-11-30,1,stress,4.4094757522992124e-15,3.4009567904965896e-16,1.0,2015-10-31,2561
2015-12-01,2,transition,0.0,1.0,0.0,2015-11-30,2582
2015-12-02,0,stress,0.0,1.1553416556277043e-23,1.0,2015-11-30,2582
2015-12-03,0,stress,0.12357442786037598,2.1741341823232772e-44,0.8764255721396006,2015-11-30,2582
2015-12-04,0,stress,0.54174438126653,1.148420131779635e-68,0.45825561873345694,2015-11-30,2582
2015-12-07,1,risk_on,0.9983635076811357,1.4053665047548322e-91,0.0016364923188409135,2015-11-30,2582
2015-12-08,1,risk_on,0.9999841602544246,5.520100213369035e-113,1.5839745585828403e-05,2015-11-30,2582
2015-12-09,1,risk_on,0.9999943728326189,1.622990342441932e-124,5.627167398154089e-06,2015-11-30,2582
2015-12-10,1,risk_on,0.9998636069135642,8.600511530073442e-124,0.00013639308643908463,2015-11-30,2582
2015-12-11,1,risk_on,0.9888319021673834,3.808208832882695e-121,0.011168097832610606,2015-11-30,2582
2015-12-14,1,risk_on,0.9895416301143045,3.6701557714943496e-120,0.01045836988570897,2015-11-30,2582
2015-12-15,1,risk_on,0.9973930342570407,1.567663077247949e-120,0.002606965742986375,2015-11-30,2582
2015-12-16,1,risk_on,0.9998589382665699,7.825417290627316e-123,0.00014106173340831273,2015-11-30,2582
2015-12-17,1,risk_on,0.9999810196609281,8.469033504066361e-123,1.8980339091241124e-05,2015-11-30,2582
2015-12-18,1,risk_on,0.9999234091648014,1.6666761510759448e-124,7.659083517885977e-05,2015-11-30,2582
2015-12-21,1,risk_on,0.9999930105885089,1.5066146315426704e-125,6.989411490331549e-06,2015-11-30,2582
2015-12-22,1,risk_on,0.9999930892020129,2.7578636724330965e-126,6.91079796637545e-06,2015-11-30,2582
2015-12-23,1,risk_on,0.9999652554681538,9.515307536500937e-127,3.4744531853133425e-05,2015-11-30,2582
2015-12-24,1,risk_on,0.9999960903082555,1.3163477136679945e-126,3.909691747099246e-06,2015-11-30,2582
2015-12-28,1,risk_on,0.9999908611584738,5.455969301232611e-127,9.138841506470208e-06,2015-11-30,2582
2015-12-29,1,risk_on,0.9999720310955784,5.908745669134521e-125,2.796890443839791e-05,2015-11-30,2582
2015-12-30,1,risk_on,0.999960314430082,8.19063619800826e-122,3.968556990218363e-05,2015-11-30,2582
2015-12-31,1,risk_on,0.9994851561958975,2.2822427209444178e-117,0.000514843804104409,2015-11-30,2582
2016-01-04,2,transition,0.0,1.0,0.0,2015-12-31,2604
2016-01-05,0,stress,0.0,1.0572031341862354e-17,1.0,2015-12-31,2604
2016-01-06,0,stress,0.007086125683742586,2.769983898210241e-35,0.9929138743162429,2015-12-31,2604
2016-01-07,0,stress,0.0001957868504812846,7.527271858711954e-53,0.9998042131495124,2015-12-31,2604
2016-01-08,0,stress,8.894982823427523e-06,2.294682516549427e-70,0.9999911050171566,2015-12-31,2604
2016-01-11,0,stress,9.141164964462959e-05,4.935767585003294e-88,0.9999085883503325,2015-12-31,2604
2016-01-12,0,stress,0.00018722528298102065,2.5904437102143114e-107,0.9998127747170222,2015-12-31,2604
2016-01-13,0,stress,2.131321723753088e-05,3.5234709649592873e-126,0.9999786867827374,2015-12-31,2604
2016-01-14,0,stress,0.0001166600431149337,3.922153801355955e-146,0.9998833399568705,2015-12-31,2604
2016-01-15,0,stress,0.0002983189677375833,4.6663149501004825e-157,0.9997016810322655,2015-12-31,2604
2016-01-18,0,stress,0.0032752844349764536,4.269168778200652e-157,0.9967247155650018,2015-12-31,2604
2016-01-19,0,stress,0.012873172679031352,1.0595321556544842e-156,0.9871268273209504,2015-12-31,2604
2016-01-20,0,stress,0.02510661415458958,4.315616281248403e-158,0.9748933858454364,2015-12-31,2604
2016-01-21,0,stress,0.08226593417562383,3.674469895336801e-158,0.9177340658243945,2015-12-31,2604
2016-01-22,1,risk_on,0.5086907205298973,1.7024833093794155e-160,0.49130927947007635,2015-12-31,2604
2016-01-25,1,risk_on,0.8942548676367886,1.1156723956281615e-159,0.10574513236321052,2015-12-31,2604
2016-01-26,1,risk_on,0.9573856302364778,2.4076903118181615e-161,0.042614369763519136,2015-12-31,2604
2016-01-27,1,risk_on,0.9679008127920926,1.930484935853587e-161,0.032099187207903807,2015-12-31,2604
2016-01-28,1,risk_on,0.9653570631507943,1.5836035313870197e-161,0.03464293684922488,2015-12-31,2604
2016-01-29,1,risk_on,0.8226465747309077,1.0689786051430194e-162,0.17735342526908807,2015-12-31,2604
2016-02-01,2,transition,0.0,1.0,0.0,2016-01-31,2624
2016-02-02,1,stress,0.0,7.286318420784502e-28,1.0,2016-01-31,2624
2016-02-03,1,stress,0.0023772825707459484,2.2776225063432973e-55,0.9976227174292603,2016-01-31,2624
2016-02-04,1,stress,0.003118481774958553,4.75620992667543e-83,0.9968815182250463,2016-01-31,2624
2016-02-05,1,stress,0.0003217746932530986,7.346600971412401e-103,0.999678225306734,2016-01-31,2624
2016-02-08,1,stress,6.387890791193119e-06,2.585337566406554e-103,0.9999936121092178,2016-01-31,2624
2016-02-09,1,stress,1.1955203638650344e-05,1.4446491638797356e-104,0.9999880447963511,2016-01-31,2624
2016-02-10,1,stress,1.5818105268705404e-05,3.9868835715464377e-106,0.9999841818947127,2016-01-31,2624
2016-02-11,1,stress,1.5999513048458461e-06,7.28822979757932e-106,0.9999984000486687,2016-01-31,2624
2016-02-12,1,stress,1.0574669980208133e-06,2.05678352501837e-106,0.999998942533002,2016-01-31,2624
2016-02-15,1,stress,9.103839414576063e-05,2.1469249117690863e-105,0.999908961605874,2016-01-31,2624
2016-02-16,1,stress,1.4009620146398759e-05,3.210951048738538e-106,0.999985990379879,2016-01-31,2624
2016-02-17,1,stress,0.00015938856277393,8.314622286094806e-107,0.9998406114372059,2016-01-31,2624
2016-02-18,1,stress,0.005128167429052224,5.128991787821625e-110,0.9948718325709434,2016-01-31,2624
2016-02-19,0,risk_on,0.7801828870507064,4.1573238015946103e-109,0.21981711294930348,2016-01-31,2624
2016-02-22,0,risk_on,0.8783853510699255,1.1745648232004165e-111,0.121614648930061,2016-01-31,2624
2016-02-23,0,risk_on,0.9845151843940283,2.1359817549019275e-111,0.015484815605946702,2016-01-31,2624
2016-02-24,0,risk_on,0.9997300840798977,2.330372873405883e-111,0.00026991592008723895,2016-01-31,2624
2016-02-25,0,risk_on,0.9999754961678828,2.0356090275641356e-115,2.4503832126160487e-05,2016-01-31,2624
2016-02-26,0,risk_on,0.9999946229834971,1.5728764883655549e-114,5.37701650718581e-06,2016-01-31,2624
2016-02-29,0,risk_on,0.9999241419314562,5.969125209837401e-109,7.585806856000185e-05,2016-01-31,2624
2016-03-01,2,transition,0.0,1.0,0.0,2016-02-29,2645
2016-03-02,0,stress,2.158556824120575e-270,1.4851957661944867e-32,1.0,2016-02-29,2645
2016-03-03,0,stress,0.0056267463372845486,3.9050373993977295e-64,0.9943732536627337,2016-02-29,2645
2016-03-04,0,stress,0.011230059315506693,2.9428377992834587e-95,0.9887699406844752,2016-02-29,2645
2016-03-07,0,stress,0.017771586413704438,1.529739852846656e-109,0.9822284135862819,2016-02-29,2645
2016-03-08,0,stress,0.08100836076728526,8.520014324165463e-108,0.9189916392327379,2016-02-29,2645
2016-03-09,0,stress,0.18370224573870042,1.1300646580273206e-107,0.816297754261326,2016-02-29,2645
2016-03-10,0,stress,0.26199958187594413,2.482001823234547e-106,0.738000418124038,2016-02-29,2645
2016-03-11,0,stress,0.31933289245042834,7.838854087895494e-107,0.680667107549574,2016-02-29,2645
2016-03-14,1,risk_on,0.5736923651169631,3.012308140390333e-106,0.42630763488305057,2016-02-29,2645
2016-03-15,1,risk_on,0.7325699038494656,1.3145832439363433e-107,0.2674300961505513,2016-02-29,2645
2016-03-16,1,risk_on,0.9251648734687901,6.944730483385719e-111,0.07483512653121252,2016-02-29,2645
2016-03-17,1,risk_on,0.9820246543395494,1.6420841939131246e-113,0.017975345660441584,2016-02-29,2645
2016-03-18,1,risk_on,0.9983160843085037,1.4414510376476549e-114,0.0016839156915196384,2016-02-29,2645
2016-03-21,1,risk_on,0.9997321282634029,4.1135814034975665e-115,0.0002678717366006693,2016-02-29,2645
2016-03-22,1,risk_on,0.999918923158466,4.516268870733855e-115,8.107684151606901e-05,2016-02-29,2645
2016-03-23,1,risk_on,0.9999602394780768,9.940404877194603e-116,3.9760521915996477e-05,2016-02-29,2645
2016-03-24,1,risk_on,0.9999790443504118,4.362272517939048e-116,2.0955649593047757e-05,2016-02-29,2645
2016-03-28,1,risk_on,0.999975476632245,1.3778909461610687e-115,2.452336775319882e-05,2016-02-29,2645
2016-03-29,1,risk_on,0.99993670382612,2.6000825579900084e-119,6.329617388417916e-05,2016-02-29,2645
2016-03-30,1,risk_on,0.9999728878940362,2.7789948784068076e-119,2.7112105960565782e-05,2016-02-29,2645
2016-03-31,1,risk_on,0.9995322368740822,9.726859452524684e-117,0.0004677631259386797,2016-02-29,2645
2016-04-01,0,transition,0.0,1.0,0.0,2016-03-31,2667
2016-04-04,1,stress,3.1713330814367456e-94,3.559237005057754e-40,1.0,2016-03-31,2667
2016-04-05,2,risk_on,0.9999702273943047,3.2648199027071553e-71,2.9772605706649878e-05,2016-03-31,2667
2016-04-06,2,risk_on,0.9999999913920021,8.062948763899517e-77,8.607990078798972e-09,2016-03-31,2667
2016-04-07,2,risk_on,0.9999999951195662,1.7660409443826596e-79,4.880445579129829e-09,2016-03-31,2667
2016-04-08,2,risk_on,0.9999999964281585,5.023440334015402e-80,3.5718531911138113e-09,2016-03-31,2667
2016-04-11,2,risk_on,0.9999999941549618,2.404942391925856e-79,5.8450359697101004e-09,2016-03-31,2667
2016-04-12,2,risk_on,0.9999999901251044,5.424769377084947e-80,9.874895313106705e-09,2016-03-31,2667
2016-04-13,2,risk_on,0.9999999951043606,8.442300522288685e-80,4.8956406842516475e-09,2016-03-31,2667
2016-04-14,2,risk_on,0.9999999939848578,1.4861391318828651e-80,6.015156118081104e-09,2016-03-31,2667
2016-04-15,2,risk_on,0.9999999960718071,8.312386742759738e-81,3.928200078776056e-09,2016-03-31,2667
2016-04-18,2,risk_on,0.9999999927436534,6.59495202991596e-82,7.256336254201338e-09,2016-03-31,2667
2016-04-19,2,risk_on,0.9999999961398771,1.46727011500633e-80,3.860120753099427e-09,2016-03-31,2667
2016-04-20,2,risk_on,0.999999994494658,1.0896817865844395e-78,5.505348856555199e-09,2016-03-31,2667
2016-04-21,2,risk_on,0.9999999943527769,7.477387285859438e-77,5.647224914037124e-09,2016-03-31,2667
2016-04-22,2,risk_on,0.9999999958138517,1.395002420433199e-76,4.186149542514765e-09,2016-03-31,2667
2016-04-25,2,risk_on,0.9999999949068012,7.459164379719563e-75,5.093204616074003e-09,2016-03-31,2667
2016-04-26,2,risk_on,0.9999999945274283,4.089803096130849e-74,5.472563517440309e-09,2016-03-31,2667
2016-04-27,2,risk_on,0.9999999930092258,9.96670719393343e-76,6.990783862204132e-09,2016-03-31,2667
2016-04-28,2,risk_on,0.9999999950265135,5.864957913424396e-74,4.973492806220903e-09,2016-03-31,2667
2016-04-29,2,risk_on,0.9999997426872416,1.3193243166892057e-66,2.5731275842791063e-07,2016-03-31,2667
2016-05-02,2,transition,0.0,1.0,0.0,2016-04-30,2688
2016-05-03,1,stress,3.659201963888452e-281,1.0692376190090056e-34,1.0,2016-04-30,2688
2016-05-04,0,risk_on,0.9978078745849519,2.831039953717914e-69,0.0021921254150390162,2016-04-30,2688
2016-05-05,0,risk_on,0.9999940299073564,7.8438655893535e-106,5.970092634094703e-06,2016-04-30,2688
2016-05-06,0,risk_on,0.9999995489159965,4.748224105368163e-118,4.510840009076618e-07,2016-04-30,2688
2016-05-09,0,risk_on,0.999999550142819,9.712045080048597e-119,4.4985717637730236e-07,2016-04-30,2688
2016-05-10,0,risk_on,0.9999989135531213,1.5615260356105176e-120,1.0864468713805526e-06,2016-04-30,2688
2016-05-11,0,risk_on,0.9999991825718483,4.95261998933577e-120,8.174281592400056e-07,2016-04-30,2688
2016-05-12,0,risk_on,0.9999996894390704,4.2216708968096085e-120,3.10560941764864e-07,2016-04-30,2688
2016-05-13,0,risk_on,0.9999995907395471,8.68174240979147e-120,4.092604509540829e-07,2016-04-30,2688
2016-05-16,0,risk_on,0.9999993446615052,2.511281822463337e-119,6.553385090678735e-07,2016-04-30,2688
2016-05-17,0,risk_on,0.9999991824767493,3.5820919310697034e-116,8.175232442402821e-07,2016-04-30,2688
2016-05-18,0,risk_on,0.9999987247823472,1.0125610962597148e-114,1.2752176401183823e-06,2016-04-30,2688
2016-05-19,0,risk_on,0.9999994595484093,7.537523160616539e-114,5.404516003399744e-07,2016-04-30,2688
2016-05-20,0,risk_on,0.999999523380552,7.873685047828933e-116,4.7661945965994813e-07,2016-04-30,2688
2016-05-23,0,risk_on,0.9999996091568928,1.3078384793559103e-114,3.9084309681305605e-07,2016-04-30,2688
2016-05-24,0,risk_on,0.9999989127759874,5.617192626636816e-116,1.087224010562434e-06,2016-04-30,2688
2016-05-25,0,risk_on,0.9999995461708302,1.227290008637859e-115,4.538291789010112e-07,2016-04-30,2688
2016-05-26,0,risk_on,0.9999992597955907,9.601401639273481e-118,7.402044058676148e-07,2016-04-30,2688
2016-05-27,0,risk_on,0.9999995838717282,2.1283242914740893e-117,4.161282772147556e-07,2016-04-30,2688
2016-05-30,0,risk_on,0.999999329513881,2.2179986322774255e-116,6.704861286823481e-07,2016-04-30,2688
2016-05-31,0,risk_on,0.9999901149181775,3.1237504439532233e-109,9.885081810380913e-06,2016-04-30,2688
2016-06-01,2,transition,0.0,1.0,0.0,2016-05-31,2710
2016-06-02,0,stress,8.036301698240469e-261,7.558450308904032e-37,1.0,2016-05-31,2710
2016-06-03,1,risk_on,0.998971141939088,6.729245940586703e-76,0.0010288580609199966,2016-05-31,2710
2016-06-06,1,risk_on,0.9999994687879327,6.273145722691796e-115,5.312120680424111e-07,2016-05-31,2710
2016-06-07,1,risk_on,0.9999998343642598,6.115470372466712e-132,1.6563574505654338e-07,2016-05-31,2710
2016-06-08,1,risk_on,0.9999997423987329,3.2053440722730475e-133,2.576012403283426e-07,2016-05-31,2710
2016-06-09,1,risk_on,0.9999997691701008,2.39521626891054e-132,2.3082991268778698e-07,2016-05-31,2710
2016-06-10,1,risk_on,0.9999986802933063,6.112129899188833e-130,1.3197066885211622e-06,2016-05-31,2710
2016-06-13,1,risk_on,0.9999519587903286,2.043672979781793e-127,4.804120964295329e-05,2016-05-31,2710
2016-06-14,1,risk_on,0.9999477558748322,1.4243548131978854e-126,5.22441251550389e-05,2016-05-31,2710
2016-06-15,1,risk_on,0.9999611639148598,4.248773305979884e-127,3.883608514906839e-05,2016-05-31,2710
2016-06-16,1,risk_on,0.9999637701486704,1.7370096451477204e-127,3.6229851320566154e-05,2016-05-31,2710
2016-06-17,1,risk_on,0.9997467164420296,3.908199236523512e-126,0.00025328355795900304,2016-05-31,2710
2016-06-20,1,risk_on,0.9943688796796943,2.699146213096601e-124,0.0056311203202803,2016-05-31,2710
2016-06-21,1,risk_on,0.8734812331961621,1.3803234704471165e-122,0.12651876680382548,2016-05-31,2710
2016-06-22,0,stress,0.18236894755784974,1.27104478586172e-121,0.8176310524421332,2016-05-31,2710
2016-06-23,0,stress,0.159526694381507,7.366682298942545e-120,0.8404733056184684,2016-05-31,2710
2016-06-24,0,stress,0.0023363228981481024,3.551713485203261e-118,0.997663677101835,2016-05-31,2710
2016-06-27,0,stress,0.23448998975456609,2.200182386287026e-120,0.7655100102454069,2016-05-31,2710
2016-06-28,0,stress,0.554064741630212,7.904808385141852e-125,0.445935258369812,2016-05-31,2710
2016-06-29,1,risk_on,0.9449740111070605,7.845644932942791e-125,0.05502598889294506,2016-05-31,2710
2016-06-30,1,risk_on,0.9627111078403352,2.033099348288614e-123,0.0372888921596921,2016-05-31,2710
2016-07-01,2,transition,0.0,1.0,0.0,2016-06-30,2732
2016-07-04,1,stress,7.590226006905948e-234,1.3981915611494537e-49,1.0,2016-06-30,2732
2016-07-05,0,risk_on,0.9855207230073355,5.74592346185193e-99,0.014479276992657372,2016-06-30,2732
2016-07-06,0,risk_on,0.999981527396846,4.909094914227618e-121,1.8472603168202076e-05,2016-06-30,2732
2016-07-07,0,risk_on,0.9999990596129339,4.150167832155041e-122,9.403870611194334e-07,2016-06-30,2732
2016-07-08,0,risk_on,0.9999915046588412,2.8799436103775374e-126,8.495341145781823e-06,2016-06-30,2732
2016-07-11,0,risk_on,0.9999984828184693,6.564509660206233e-124,1.5171815206593615e-06,2016-06-30,2732
2016-07-12,0,risk_on,0.9999975388103213,2.051169370059865e-122,2.4611896904222666e-06,2016-06-30,2732
2016-07-13,0,risk_on,0.9999974557732649,2.016836219460397e-122,2.544226743315082e-06,2016-06-30,2732
2016-07-14,0,risk_on,0.999996317910487,2.199196355884817e-121,3.6820895397397043e-06,2016-06-30,2732
2016-07-15,0,risk_on,0.99999659793632,1.6782736141488028e-119,3.40206369790302e-06,2016-06-30,2732
2016-07-18,0,risk_on,0.9999967167947157,1.9702594564419261e-118,3.283205293280285e-06,2016-06-30,2732
2016-07-19,0,risk_on,0.9999909144536387,8.245264243287226e-119,9.085546346081732e-06,2016-06-30,2732
2016-07-20,0,risk_on,0.9999933757006821,1.6943630454956518e-118,6.624299292147713e-06,2016-06-30,2732
2016-07-21,0,risk_on,0.9999948292653004,1.7835857514734118e-119,5.170734717533552e-06,2016-06-30,2732
2016-07-22,0,risk_on,0.9999998713232768,1.3013106000254912e-121,1.2867673451593335e-07,2016-06-30,2732
2016-07-25,0,risk_on,0.9999999021601459,2.4318572898846145e-122,9.783985776927628e-08,2016-06-30,2732
2016-07-26,0,risk_on,0.9999999091936657,1.6779728558622822e-122,9.080631065222831e-08,2016-06-30,2732
2016-07-27,0,risk_on,0.999999811070854,4.2612084079756005e-124,1.8892915507643002e-07,2016-06-30,2732
2016-07-28,0,risk_on,0.9999998242272609,2.6555923507690098e-123,1.7577272365705195e-07,2016-06-30,2732
2016-07-29,0,risk_on,0.9999918633775079,4.5474611390761403e-119,8.136622483535664e-06,2016-06-30,2732
2016-08-01,2,transition,0.0,1.0,0.0,2016-07-31,2753
2016-08-02,1,stress,0.0,6.736121207751235e-47,1.0,2016-07-31,2753
2016-08-03,0,risk_on,0.9999041617299468,1.7872783034738425e-93,9.583827007068821e-05,2016-07-31,2753
2016-08-04,0,risk_on,0.9999999665720912,1.0050179647498207e-140,3.342791132154884e-08,2016-07-31,2753
2016-08-05,0,risk_on,0.9999998777054276,2.2243961497889804e-173,1.2229457120702494e-07,2016-07-31,2753
2016-08-08,0,risk_on,0.9999999535801873,1.4244634723294627e-171,4.641982987064294e-08,2016-07-31,2753
2016-08-09,0,risk_on,0.9999998702010742,1.741274907538937e-173,1.2979894140525085e-07,2016-07-31,2753
2016-08-10,0,risk_on,0.9999999252307844,7.376081640561759e-174,7.476919151663033e-08,2016-07-31,2753
2016-08-11,0,risk_on,0.9999999193829044,6.532473378792678e-174,8.061711265644383e-08,2016-07-31,2753
2016-08-12,0,risk_on,0.9999999409911329,4.200926585068769e-174,5.9008847357967343e-08,2016-07-31,2753
2016-08-15,0,risk_on,0.9999999376982506,1.7577851263675866e-173,6.230175245349334e-08,2016-07-31,2753
2016-08-16,0,risk_on,0.9999999373167177,1.7668517979861551e-171,6.268327982608607e-08,2016-07-31,2753
2016-08-17,0,risk_on,0.9999999425838854,9.837005366451743e-173,5.7416112676101366e-08,2016-07-31,2753
2016-08-18,0,risk_on,0.999999955126783,1.438994947102767e-173,4.4873242085298195e-08,2016-07-31,2753
2016-08-19,0,risk_on,0.9999999383880455,9.416426690037785e-173,6.16119386904893e-08,2016-07-31,2753
2016-08-22,0,risk_on,0.9999999357432919,1.7090215836137715e-172,6.425672539331641e-08,2016-07-31,2753
2016-08-23,0,risk_on,0.9999999324082888,2.6254261785790386e-173,6.759172282048662e-08,2016-07-31,2753
2016-08-24,0,risk_on,0.9999999189674929,4.3337039227461904e-172,8.103248983331384e-08,2016-07-31,2753
2016-08-25,0,risk_on,0.9999999372976183,4.186921115439495e-171,6.270236997995878e-08,2016-07-31,2753
2016-08-26,0,risk_on,0.9999999097970017,1.2659833987803777e-169,9.02030171181136e-08,2016-07-31,2753
2016-08-29,0,risk_on,0.9999998523221729,2.4970709246557127e-171,1.4767781910966836e-07,2016-07-31,2753
2016-08-30,0,risk_on,0.9999999463772739,5.2757085726941816e-170,5.3622750240044276e-08,2016-07-31,2753
2016-08-31,0,risk_on,0.9999972863728188,7.590550154983848e-164,2.7136271556356123e-06,2016-07-31,2753
2016-09-01,0,risk_on,1.0,0.0,1.3648871033363155e-229,2016-08-31,2776
2016-09-02,1,stress,0.00015289427392763493,7.1114337001449855e-22,0.9998471057260604,2016-08-31,2776
2016-09-05,1,stress,9.073520115516594e-08,1.0327545649829434e-24,0.9999999092648052,2016-08-31,2776
2016-09-06,1,stress,3.857734964792341e-09,1.4072174598644498e-23,0.9999999961422645,2016-08-31,2776
2016-09-07,1,stress,4.589058349310479e-09,5.53985723449526e-24,0.9999999954109455,2016-08-31,2776
2016-09-08,1,stress,3.0714792787283222e-09,2.4105226435116085e-23,0.9999999969285227,2016-08-31,2776
2016-09-09,1,stress,4.9387972308949735e-21,6.773516284653899e-20,1.0,2016-08-31,2776
2016-09-12,1,stress,1.5263048789125878e-13,1.9749226177851197e-22,0.9999999999998579,2016-08-31,2776
2016-09-13,1,stress,2.309425419396332e-21,4.831249570946003e-21,1.0,2016-08-31,2776
2016-09-14,1,stress,1.1053158014585883e-23,3.2356280838291306e-21,1.0,2016-08-31,2776
2016-09-15,1,stress,5.891397152441355e-16,6.124569912682101e-21,1.0,2016-08-31,2776
2016-09-16,1,stress,3.2083652787001514e-12,2.407428988162742e-22,0.9999999999967883,2016-08-31,2776
2016-09-19,1,stress,1.736642562820838e-12,1.1881408481312735e-22,0.9999999999982663,2016-08-31,2776
2016-09-20,1,stress,8.255163295764534e-14,2.7958813418446775e-22,0.9999999999999147,2016-08-31,2776
2016-09-21,1,stress,6.722797715491244e-09,1.6809147484870522e-23,0.9999999932772141,2016-08-31,2776
2016-09-22,1,stress,4.702175410504361e-08,4.813664357075474e-25,0.999999952978244,2016-08-31,2776
2016-09-23,1,stress,2.5690304975734347e-08,1.474856508999093e-24,0.9999999743097024,2016-08-31,2776
2016-09-26,1,stress,8.411225706294494e-11,1.0821854697640427e-23,0.9999999999159002,2016-08-31,2776
2016-09-27,1,stress,5.965381206659474e-09,9.91556596308508e-25,0.9999999940346243,2016-08-31,2776
2016-09-28,1,stress,1.1924498803327468e-08,1.4707776825129905e-25,0.9999999880755014,2016-08-31,2776
2016-09-29,1,stress,2.2315463877372034e-10,1.0071467703141874e-24,0.9999999997768327,2016-08-31,2776
2016-09-30,1,stress,2.9397403447375294e-07,5.620242176588361e-22,0.999999706025975,2016-08-31,2776
2016-10-03,2,transition,0.0,1.0,0.0,2016-09-30,2798
2016-10-04,1,stress,0.0,2.598800768408046e-43,1.0,2016-09-30,2798
2016-10-05,0,risk_on,0.9999626274072229,3.3231989060329307e-85,3.737259279076818e-05,2016-09-30,2798
2016-10-06,0,risk_on,0.9999999925602765,1.0661718490774333e-126,7.439714026052312e-09,2016-09-30,2798
2016-10-07,0,risk_on,0.9999999943885882,3.6284359785999515e-149,5.611407754734063e-09,2016-09-30,2798
2016-10-10,0,risk_on,0.9999999940074815,6.2885270766636076e-149,5.992526012169205e-09,2016-09-30,2798
2016-10-11,0,risk_on,0.999999918805347,4.80955811126247e-147,8.119464315604847e-08,2016-09-30,2798
2016-10-12,0,risk_on,0.9999999780291946,3.546966721118822e-145,2.197080811088828e-08,2016-09-30,2798
2016-10-13,0,risk_on,0.9999999574923217,8.645965531234491e-146,4.250768671674845e-08,2016-09-30,2798
2016-10-14,0,risk_on,0.9999999445662426,7.698053701122241e-145,5.543375881081501e-08,2016-09-30,2798
2016-10-17,0,risk_on,0.999999951947957,1.5018174486702664e-144,4.805203364337469e-08,2016-09-30,2798
2016-10-18,0,risk_on,0.9999999557352349,3.1833935994887463e-147,4.4264764337303744e-08,2016-09-30,2798
2016-10-19,0,risk_on,0.9999999843920478,2.835576032973048e-148,1.5607953520791628e-08,2016-09-30,2798
2016-10-20,0,risk_on,0.999999987984353,6.221738148268686e-149,1.2015643589953902e-08,2016-09-30,2798
2016-10-21,0,risk_on,0.9999999899526699,2.975290327344527e-149,1.0047324777983795e-08,2016-09-30,2798
2016-10-24,0,risk_on,0.9999999832518257,1.9571370786722383e-149,1.6748187816671977e-08,2016-09-30,2798
2016-10-25,0,risk_on,0.9999999875992672,2.6904259333607125e-148,1.2400734351737334e-08,2016-09-30,2798
2016-10-26,0,risk_on,0.9999999796661998,1.145923005925599e-146,2.0333813719078554e-08,2016-09-30,2798
2016-10-27,0,risk_on,0.999999898641567,4.5525947174259285e-144,1.013584284615666e-07,2016-09-30,2798
2016-10-28,0,risk_on,0.9999997901904514,1.4296857708588726e-140,2.098095441992014e-07,2016-09-30,2798
2016-10-31,0,risk_on,0.9999784954380162,1.0363660938849285e-134,2.1504561991777387e-05,2016-09-30,2798
2016-11-01,0,risk_on,1.0,0.0,0.0,2016-10-31,2819
2016-11-02,1,stress,1.635183827706824e-25,9.573801155565186e-18,1.0,2016-10-31,2819
2016-11-03,1,stress,3.0993412248091326e-49,3.0810322102074798e-18,1.0,2016-10-31,2819
2016-11-04,1,stress,7.973141457534595e-54,6.639026555367905e-18,1.0,2016-10-31,2819
2016-11-07,1,stress,6.159779795066482e-28,5.106220870187608e-19,1.0,2016-10-31,2819
2016-11-08,1,stress,1.9759227283647318e-26,4.85822377396948e-20,1.0,2016-10-31,2819
2016-11-09,1,stress,3.800839618893498e-11,2.30796220430767e-18,0.9999999999620002,2016-10-31,2819
2016-11-10,1,stress,1.8293974925556877e-10,8.5673390348094395e-19,0.9999999998170495,2016-10-31,2819
2016-11-11,1,stress,5.619294521063214e-09,2.7423763954564496e-19,0.9999999943807154,2016-10-31,2819
2016-11-14,1,stress,9.578913042567837e-06,1.2054535571114962e-19,0.9999904210869542,2016-10-31,2819
2016-11-15,1,stress,0.0036328601268123635,2.2308085735995927e-20,0.9963671398731856,2016-10-31,2819
2016-11-16,1,stress,0.02459662188699121,2.8123517166343994e-20,0.9754033781130119,2016-10-31,2819
2016-11-17,1,stress,0.20087806726012936,2.6803259940609544e-19,0.799121932739866,2016-10-31,2819
2016-11-18,0,risk_on,0.723149866543572,4.479362512090781e-20,0.2768501334564204,2016-10-31,2819
2016-11-21,0,risk_on,0.9044381279178455,3.1218130419313064e-21,0.09556187208216653,2016-10-31,2819
2016-11-22,0,risk_on,0.962065556930532,7.125040567549865e-23,0.03793444306945737,2016-10-31,2819
2016-11-23,0,risk_on,0.9790810518623951,1.6672131584965357e-23,0.020918948137595622,2016-10-31,2819
2016-11-24,0,risk_on,0.9841886845884134,3.9020268199599995e-24,0.01581131541158197,2016-10-31,2819
2016-11-25,0,risk_on,0.9846884040957619,1.3913686159114796e-23,0.015311595904238022,2016-10-31,2819
2016-11-28,0,risk_on,0.982461075724633,3.6961070379631064e-23,0.017538924275367487,2016-10-31,2819
2016-11-29,0,risk_on,0.9807921053560188,2.166866233677044e-23,0.01920789464397023,2016-10-31,2819
2016-11-30,0,risk_on,0.9771325924459026,2.8670861293307757e-19,0.022867407554097937,2016-10-31,2819
2016-12-01,1,transition,0.0,1.0,0.0,2016-11-30,2841
2016-12-02,0,stress,2.114242315841752e-206,4.9143398867317374e-24,1.0,2016-11-30,2841
2016-12-05,2,risk_on,0.9999944890331929,5.81903249404056e-50,5.510966814913948e-06,2016-11-30,2841
2016-12-06,2,risk_on,0.9999999994743689,5.67423255814292e-75,5.256214576762223e-10,2016-11-30,2841
2016-12-07,2,risk_on,0.9999999922394522,1.085096110288141e-84,7.76055005045692e-09,2016-11-30,2841
2016-12-08,2,risk_on,0.9999999933756669,4.575146442116517e-83,6.624321904445986e-09,2016-11-30,2841
2016-12-09,2,risk_on,0.999999991009588,1.1467601791289131e-82,8.990410041177102e-09,2016-11-30,2841
2016-12-12,2,risk_on,0.9999999939759618,2.4323057924053734e-81,6.024025519535628e-09,2016-11-30,2841
2016-12-13,2,risk_on,0.9999999923194309,2.6798116002958255e-81,7.680582282297056e-09,2016-11-30,2841
2016-12-14,2,risk_on,0.9999999895797771,1.4921603560839984e-78,1.0420215230230598e-08,2016-11-30,2841
2016-12-15,2,risk_on,0.9999999986975467,2.105566930199122e-78,1.3024412654609402e-09,2016-11-30,2841
2016-12-16,2,risk_on,0.9999999991627817,3.829932881471421e-79,8.372316634762306e-10,2016-11-30,2841
2016-12-19,2,risk_on,0.9999999989561559,9.06068462737935e-81,1.0438560086990033e-09,2016-11-30,2841
2016-12-20,2,risk_on,0.9999999990834283,4.682907860350128e-81,9.165657869803163e-10,2016-11-30,2841
2016-12-21,2,risk_on,0.999999999169745,8.051048890044621e-82,8.302528922012576e-10,2016-11-30,2841
2016-12-22,2,risk_on,0.9999999990549782,1.1702538344048422e-81,9.450104086557008e-10,2016-11-30,2841
2016-12-23,2,risk_on,0.9999999992714095,9.234654222869285e-82,7.28578659439572e-10,2016-11-30,2841
2016-12-26,2,risk_on,0.9999999992424478,6.043682962209419e-82,7.575440506503992e-10,2016-11-30,2841
2016-12-27,2,risk_on,0.9999999991022719,2.3227532894781546e-81,8.97723102053406e-10,2016-11-30,2841
2016-12-28,2,risk_on,0.9999999994859365,1.6656091454493961e-80,5.14065160210612e-10,2016-11-30,2841
2016-12-29,2,risk_on,0.9999999995396536,3.2417287201726964e-80,4.6036011008549767e-10,2016-11-30,2841
2016-12-30,2,risk_on,0.9999999763039401,4.692456802465526e-72,2.3696060844213362e-08,2016-11-30,2841
2017-01-02,0,risk_on,1.0,0.0,5.360254971244249e-242,2016-12-31,2863
2017-01-03,0,risk_on,0.9999944045782397,3.6247256755374656e-25,5.5954217568021575e-06,2016-12-31,2863
2017-01-04,0,risk_on,0.9999950209642243,2.1145948360481403e-25,4.979035771990514e-06,2016-12-31,2863
2017-01-05,0,risk_on,0.999987876052512,5.916039072721383e-25,1.2123947493596295e-05,2016-12-31,2863
2017-01-06,0,risk_on,0.9999658865065449,1.4812874649204286e-24,3.411349345756102e-05,2016-12-31,2863
2017-01-09,0,risk_on,0.9999788971403504,4.0437153730571674e-25,2.1102859644188935e-05,2016-12-31,2863
2017-01-10,0,risk_on,0.9999909597754237,1.0056855253636696e-25,9.040224577287039e-06,2016-12-31,2863
2017-01-11,0,risk_on,0.9999888154337726,1.546736529362697e-25,1.1184566228139161e-05,2016-12-31,2863
2017-01-12,0,risk_on,0.9999911040237557,2.0197274092223616e-25,8.895976237363223e-06,2016-12-31,2863
2017-01-13,0,risk_on,0.9999891809566381,2.6146041673926576e-25,1.081904336878813e-05,2016-12-31,2863
2017-01-16,0,risk_on,0.9999898469494608,2.0725733731699514e-25,1.0153050533952483e-05,2016-12-31,2863
2017-01-17,0,risk_on,0.9999868500228104,8.570599641464504e-25,1.3149977186310868e-05,2016-12-31,2863
2017-01-18,0,risk_on,0.9999885288218433,1.1675758255844909e-24,1.1471178152948191e-05,2016-12-31,2863
2017-01-19,0,risk_on,0.999996385643522,8.2072103819376745e-25,3.614356484774834e-06,2016-12-31,2863
2017-01-20,0,risk_on,0.9999960835096529,2.8048525280633193e-24,3.916490341437248e-06,2016-12-31,2863
2017-01-23,0,risk_on,0.9999936013482164,1.2031374818183181e-23,6.398651784566592e-06,2016-12-31,2863
2017-01-24,0,risk_on,0.9999731010552213,1.4564066167462364e-23,2.6898944779642404e-05,2016-12-31,2863
2017-01-25,0,risk_on,0.9999583880512168,6.133302168682638e-24,4.161194878508941e-05,2016-12-31,2863
2017-01-26,0,risk_on,0.9999707097979328,6.5560716812489834e-24,2.9290202065774404e-05,2016-12-31,2863
2017-01-27,0,risk_on,0.9999746018886321,3.2241190241840372e-24,2.539811136905166e-05,2016-12-31,2863
2017-01-30,0,risk_on,0.9999651624919831,2.7431514278356224e-24,3.48375080142562e-05,2016-12-31,2863
2017-01-31,0,risk_on,0.9996124800522458,2.1353976456369976e-22,0.00038751994775891504,2016-12-31,2863
2017-02-01,1,transition,0.0,1.0,0.0,2017-01-31,2885
2017-02-02,0,stress,3.0962837125331463e-216,1.0726665999866421e-26,1.0,2017-01-31,2885
2017-02-03,2,risk_on,0.9996111555377508,1.2373618823556703e-52,0.00038884446225782003,2017-01-31,2885
2017-02-06,2,risk_on,0.9999997877878511,3.809586374921242e-80,2.1221215713535913e-07,2017-01-31,2885
2017-02-07,2,risk_on,0.9999999489770075,1.6572646728675092e-94,5.102299351435652e-08,2017-01-31,2885
2017-02-08,2,risk_on,0.9999999236910952,1.673861217450159e-96,7.630889837928239e-08,2017-01-31,2885
2017-02-09,2,risk_on,0.9999999389322928,1.4772527551266535e-95,6.106769436200853e-08,2017-01-31,2885
2017-02-10,2,risk_on,0.9999999595709149,9.761165812836063e-95,4.042909608158491e-08,2017-01-31,2885
2017-02-13,2,risk_on,0.9999999322649865,1.1691537653337253e-94,6.773502300530685e-08,2017-01-31,2885
2017-02-14,2,risk_on,0.9999999114936639,6.5379595432210825e-93,8.850634703605023e-08,2017-01-31,2885
2017-02-15,2,risk_on,0.9999996971832165,3.458749878284467e-93,3.0281677956531034e-07,2017-01-31,2885
2017-02-16,2,risk_on,0.9999997669725632,1.8950846334021597e-93,2.3302744851572207e-07,2017-01-31,2885
2017-02-17,2,risk_on,0.999999894725937,1.6950750925767892e-94,1.0527406272826227e-07,2017-01-31,2885
2017-02-20,2,risk_on,0.9999999375428124,8.277375632762733e-95,6.245719892886327e-08,2017-01-31,2885
2017-02-21,2,risk_on,0.9999999078117738,4.5929575693186835e-95,9.218823872824742e-08,2017-01-31,2885
2017-02-22,2,risk_on,0.9999999365038568,7.603880730108846e-95,6.349615312128268e-08,2017-01-31,2885
2017-02-23,2,risk_on,0.9999999143653647,7.61733712636547e-96,8.56346250962087e-08,2017-01-31,2885
2017-02-24,2,risk_on,0.9999998978541152,8.66109438683368e-97,1.0214587231028322e-07,2017-01-31,2885
2017-02-27,2,risk_on,0.9999998553831906,1.752479344287937e-95,1.4461681604200018e-07,2017-01-31,2885
2017-02-28,2,risk_on,0.9999950719535559,5.812106682741071e-88,4.928046442424624e-06,2017-01-31,2885
2017-03-01,0,risk_on,1.0,0.0,1.1715685005853288e-234,2017-02-28,2905
2017-03-02,0,risk_on,0.9999972951084632,3.6993211459166973e-28,2.704891531867885e-06,2017-02-28,2905
2017-03-03,0,risk_on,0.9999976766225974,1.8926393975659316e-28,2.323377403050287e-06,2017-02-28,2905
2017-03-06,0,risk_on,0.9999980521400927,3.5429435690108557e-28,1.9478599021864138e-06,2017-02-28,2905
2017-03-07,0,risk_on,0.9999984198580286,1.01777024896295e-28,1.580141973222921e-06,2017-02-28,2905
2017-03-08,0,risk_on,0.9999984618254308,4.989645271752524e-29,1.5381745695769054e-06,2017-02-28,2905
2017-03-09,0,risk_on,0.9999991438730943,7.136574788502608e-29,8.561269015599123e-07,2017-02-28,2905
2017-03-10,0,risk_on,0.99999889931963,1.0043286033331496e-28,1.1006803748283648e-06,2017-02-28,2905
2017-03-13,0,risk_on,0.9999989391454931,2.260213402005365e-28,1.0608545032134463e-06,2017-02-28,2905
2017-03-14,0,risk_on,0.9999991585604123,3.135904362190731e-29,8.41439594122921e-07,2017-02-28,2905
2017-03-15,0,risk_on,0.9999981536603421,6.145466625230536e-27,1.8463396625847556e-06,2017-02-28,2905
2017-03-16,0,risk_on,0.9999974009061202,2.5795288131432846e-28,2.599093876397149e-06,2017-02-28,2905
2017-03-17,0,risk_on,0.9999973332220295,1.0036909550883551e-28,2.666777965005542e-06,2017-02-28,2905
2017-03-20,0,risk_on,0.9999957911379095,2.433861065919925e-28,4.2088620855539384e-06,2017-02-28,2905
2017-03-21,0,risk_on,0.9999860143912973,1.2429911194583712e-27,1.3985608698555709e-05,2017-02-28,2905
2017-03-22,0,risk_on,0.9999937814254396,1.0738401227834297e-27,6.2185745616521845e-06,2017-02-28,2905
2017-03-23,0,risk_on,0.9999967985165146,9.754541475296191e-28,3.201483490051469e-06,2017-02-28,2905
2017-03-24,0,risk_on,0.9999963483859369,6.897799755195444e-28,3.651614067513386e-06,2017-02-28,2905
2017-03-27,0,risk_on,0.9999909257560825,2.0580288953872577e-28,9.074243916392885e-06,2017-02-28,2905
2017-03-28,0,risk_on,0.9999701611273696,5.689373603774071e-29,2.9838872625055695e-05,2017-02-28,2905
2017-03-29,0,risk_on,0.9999388066954182,1.0065726948961027e-28,6.119330457524208e-05,2017-02-28,2905
2017-03-30,0,risk_on,0.9996825635799057,5.8270576959040635e-28,0.00031743642008799845,2017-02-28,2905
2017-03-31,0,risk_on,0.9985189843731177,2.0833052533313654e-25,0.0014810156268760916,2017-02-28,2905
2017-04-03,2,transition,0.0,1.0,0.0,2017-03-31,2928
2017-04-04,1,stress,0.0,1.804952702239188e-29,1.0,2017-03-31,2928
2017-04-05,0,risk_on,0.999977279238857,2.443356156220222e-59,2.2720761129494103e-05,2017-03-31,2928
2017-04-06,0,risk_on,0.9999999952354415,7.918515537031137e-89,4.764559289679166e-09,2017-03-31,2928
2017-04-07,0,risk_on,0.9999999950496203,3.1085924394703846e-117,4.9503740347353105e-09,2017-03-31,2928
2017-04-10,0,risk_on,0.9999999807255338,2.962966408926408e-132,1.9274459081774144e-08,2017-03-31,2928
2017-04-11,0,risk_on,0.9999998249282254,1.5978190320342002e-132,1.7507176999566915e-07,2017-03-31,2928
2017-04-12,0,risk_on,0.9999992474438092,8.33136710570684e-134,7.525562049107742e-07,2017-03-31,2928
2017-04-13,0,risk_on,0.9999996606156011,1.9177618899057e-133,3.393843988687126e-07,2017-03-31,2928
2017-04-14,0,risk_on,0.9999995948215566,2.6006213378571687e-134,4.0517845731256516e-07,2017-03-31,2928
2017-04-17,0,risk_on,0.9999998551048,1.2078653857855112e-133,1.4489520900852387e-07,2017-03-31,2928
2017-04-18,0,risk_on,0.9999999046114328,1.551245829601504e-135,9.538857409892736e-08,2017-03-31,2928
2017-04-19,0,risk_on,0.9999998476782084,4.685246079769938e-136,1.5232179809806382e-07,2017-03-31,2928
2017-04-20,0,risk_on,0.9999998390586727,6.28006063995285e-135,1.6094133032762987e-07,2017-03-31,2928
2017-04-21,0,risk_on,0.999999835740865,2.505426644189699e-136,1.642591310597883e-07,2017-03-31,2928
2017-04-24,0,risk_on,0.9999999956178556,2.3218974681339406e-133,4.382139427286014e-09,2017-03-31,2928
2017-04-25,0,risk_on,0.999999996310521,5.537052718490192e-134,3.689481157575679e-09,2017-03-31,2928
2017-04-26,0,risk_on,0.9999999956506542,1.6213705947208025e-134,4.349348949805462e-09,2017-03-31,2928
2017-04-27,0,risk_on,0.999999998322977,1.2190878461474031e-132,1.6770191673381693e-09,2017-03-31,2928
2017-04-28,0,risk_on,0.9999999169558044,1.2674116944178417e-125,8.30442025573978e-08,2017-03-31,2928
2017-05-01,0,risk_on,1.0,0.0,2.5956571411058615e-237,2017-04-30,2948
2017-05-02,0,risk_on,0.9235541259458201,1.8310221791252863e-29,0.07644587405417073,2017-04-30,2948
2017-05-03,0,risk_on,0.8115743674300904,8.418094814128396e-30,0.18842563256992254,2017-04-30,2948
2017-05-04,0,risk_on,0.6400160488439401,1.275064210943856e-29,0.3599839511560736,2017-04-30,2948
2017-05-05,0,risk_on,0.43978460284976006,1.2499345492409909e-29,0.5602153971502479,2017-04-30,2948
2017-05-08,1,stress,0.18943830084962784,9.110951122798371e-30,0.8105616991503841,2017-04-30,2948
2017-05-09,1,stress,0.11257493233711634,1.1098757036791963e-30,0.8874250676628771,2017-04-30,2948
2017-05-10,1,stress,0.07968196658033502,4.575553898237763e-31,0.920318033419675,2017-04-30,2948
2017-05-11,1,stress,0.05577431326871622,9.155374975390736e-31,0.9442256867312762,2017-04-30,2948
2017-05-12,1,stress,0.02561527238840598,3.0214773297183792e-30,0.9743847276116062,2017-04-30,2948
2017-05-15,1,stress,0.01208104446628855,1.965535964403757e-30,0.9879189555337178,2017-04-30,2948
2017-05-16,1,stress,0.005639268394517167,3.8795513147534437e-31,0.9943607316054898,2017-04-30,2948
2017-05-17,1,stress,0.0001738939583757142,1.3161647928245558e-30,0.9998261060416299,2017-04-30,2948
2017-05-18,1,stress,0.00013192301776715625,6.285178200876806e-32,0.9998680769822316,2017-04-30,2948
2017-05-19,1,stress,7.309978384932151e-05,1.6134076586460362e-32,0.9999269002161614,2017-04-30,2948
2017-05-22,1,stress,2.400203537459001e-05,8.686784711941327e-33,0.9999759979646393,2017-04-30,2948
2017-05-23,1,stress,1.7915410525587764e-05,3.104217203970963e-33,0.9999820845894615,2017-04-30,2948
2017-05-24,1,stress,3.0216910210232203e-06,1.9913196546128678e-32,0.9999969783089747,2017-04-30,2948
2017-05-25,1,stress,1.4624421380640716e-06,5.3245959381511665e-33,0.9999985375578611,2017-04-30,2948
2017-05-26,1,stress,1.2171696650755421e-06,1.6607871490755023e-33,0.9999987828303478,2017-04-30,2948
2017-05-29,1,stress,1.4436913670653727e-06,1.109131419827711e-33,0.9999985563086303,2017-04-30,2948
2017-05-30,1,stress,1.881922136033118e-05,6.3186288064223486e-34,0.9999811807786495,2017-04-30,2948
2017-05-31,1,stress,0.00034532077515402526,4.298462843581054e-31,0.9996546792248349,2017-04-30,2948
2017-06-01,2,transition,0.0,1.0,0.0,2017-05-31,2971
2017-06-02,0,stress,0.0,1.5087397901424931e-34,1.0,2017-05-31,2971
2017-06-05,1,risk_on,0.9999995057106417,2.448650532655765e-68,4.942893524338153e-07,2017-05-31,2971
2017-06-06,1,risk_on,0.9999999998755129,7.246820273645742e-103,1.24484070823544e-10,2017-05-31,2971
2017-06-07,1,risk_on,0.999999999898165,3.2401733657283846e-137,1.0182411094902289e-10,2017-05-31,2971
2017-06-08,1,risk_on,0.9999999999063789,3.956279608308454e-151,9.361460312193212e-11,2017-05-31,2971
2017-06-09,1,risk_on,0.9999999999100453,4.4605670185611635e-151,8.995648432400271e-11,2017-05-31,2971
2017-06-12,1,risk_on,0.9999999999160138,1.2687773678381773e-151,8.39994323314938e-11,2017-05-31,2971
2017-06-13,1,risk_on,0.9999999999364775,6.175749776472891e-150,6.352357617410699e-11,2017-05-31,2971
2017-06-14,1,risk_on,0.9999999997826308,1.3805973481810367e-152,2.173804975885558e-10,2017-05-31,2971
2017-06-15,1,risk_on,0.9999999999007798,1.979011122167553e-152,9.922135181126643e-11,2017-05-31,2971
2017-06-16,1,risk_on,0.9999999998595399,3.901821326697073e-152,1.4046133140590815e-10,2017-05-31,2971
2017-06-19,1,risk_on,0.9999999998258602,9.079701875114147e-152,1.741276120512728e-10,2017-05-31,2971
2017-06-20,1,risk_on,0.9999999998855742,1.6085061119817532e-152,1.144245469579056e-10,2017-05-31,2971
2017-06-21,1,risk_on,0.9999999999311626,5.445963134877294e-153,6.883657001367117e-11,2017-05-31,2971
2017-06-22,1,risk_on,0.9999999999313047,3.036777738243868e-153,6.87015847379644e-11,2017-05-31,2971
2017-06-23,1,risk_on,0.9999999999386091,1.0151099410153626e-152,6.140355494749266e-11,2017-05-31,2971
2017-06-26,1,risk_on,0.9999999999186286,8.936020532268723e-152,8.13650987282598e-11,2017-05-31,2971
2017-06-27,1,risk_on,0.9999999996175859,3.663387052093165e-152,3.82419410907928e-10,2017-05-31,2971
2017-06-28,1,risk_on,0.9999999997993143,3.779983685488579e-149,2.0069591955223308e-10,2017-05-31,2971
2017-06-29,1,risk_on,0.9999999995786482,6.465160344197795e-149,4.2136371808512533e-10,2017-05-31,2971
2017-06-30,1,risk_on,0.9999999920568712,1.443240665577775e-138,7.943133068426893e-09,2017-05-31,2971
2017-07-03,1,transition,0.0,1.0,0.0,2017-06-30,2993
2017-07-04,0,stress,1.2754898392549086e-181,4.226086130137043e-33,1.0,2017-06-30,2993
2017-07-05,2,risk_on,0.9999982471275375,5.92301797109701e-64,1.7528724602779418e-06,2017-06-30,2993
2017-07-06,2,risk_on,0.9999999916607862,7.021714041421014e-86,8.339220455655344e-09,2017-06-30,2993
2017-07-07,2,risk_on,0.9999999987765023,2.1237549419348053e-86,1.2235104668475052e-09,2017-06-30,2993
2017-07-10,2,risk_on,0.9999999992314201,2.334647262192765e-87,7.685755274552301e-10,2017-06-30,2993
2017-07-11,2,risk_on,0.999999999306624,2.938635140582671e-87,6.933805577749024e-10,2017-06-30,2993
2017-07-12,2,risk_on,0.9999999984263184,1.068461790447508e-87,1.5736801675192184e-09,2017-06-30,2993
2017-07-13,2,risk_on,0.999999999218204,3.620952500994977e-87,7.817912988794759e-10,2017-06-30,2993
2017-07-14,2,risk_on,0.9999999992832329,4.7989266703187e-87,7.16777439537415e-10,2017-06-30,2993
2017-07-17,2,risk_on,0.9999999994134043,4.9827635827927255e-88,5.865982887475702e-10,2017-06-30,2993
2017-07-18,2,risk_on,0.9999999992898267,1.0436713916383257e-89,7.101854423408915e-10,2017-06-30,2993
2017-07-19,2,risk_on,0.9999999995976054,8.261018680454656e-90,4.024001159579903e-10,2017-06-30,2993
2017-07-20,2,risk_on,0.9999999996472866,4.551932346821498e-90,3.527195605866289e-10,2017-06-30,2993
2017-07-21,2,risk_on,0.9999999996913402,4.1297113726848814e-90,3.086687738487109e-10,2017-06-30,2993
2017-07-24,2,risk_on,0.9999999997078248,1.5005806198426743e-89,2.9217632309307813e-10,2017-06-30,2993
2017-07-25,2,risk_on,0.9999999992993196,1.8882919834871408e-88,7.006773573778353e-10,2017-06-30,2993
2017-07-26,2,risk_on,0.9999999995495443,1.3344612034546093e-88,4.504654390769601e-10,2017-06-30,2993
2017-07-27,2,risk_on,0.9999999994296331,1.4819420756795763e-89,5.703549800164413e-10,2017-06-30,2993
2017-07-28,2,risk_on,0.9999999994133759,1.4289898068410024e-88,5.866218925577878e-10,2017-06-30,2993
2017-07-31,2,risk_on,0.9999999781850308,3.798684709667922e-80,2.1814957778696768e-08,2017-06-30,2993
2017-08-01,2,transition,0.0,1.0,0.0,2017-07-31,3014
2017-08-02,0,stress,0.0,3.6753327404166084e-34,1.0,2017-07-31,3014
2017-08-03,1,risk_on,0.9999996795562198,4.4446650113170814e-69,3.2044378422299915e-07,2017-07-31,3014
2017-08-04,1,risk_on,0.9999999998964597,1.3760676616792767e-103,1.035459706334676e-10,2017-07-31,3014
2017-08-07,1,risk_on,0.9999999999196802,1.5333344474615834e-137,8.033185671812608e-11,2017-07-31,3014
2017-08-08,1,risk_on,0.9999999998713065,1.930290284736344e-167,1.2868115923187317e-10,2017-07-31,3014
2017-08-09,1,risk_on,0.999999999767681,6.2361160722124815e-164,2.3233142872785133e-10,2017-07-31,3014
2017-08-10,1,risk_on,0.9999983440666039,4.50753271453134e-167,1.6559333966210752e-06,2017-07-31,3014
2017-08-11,1,risk_on,0.9999996181810379,1.972733030538602e-166,3.818189588473463e-07,2017-07-31,3014
2017-08-14,1,risk_on,0.999999998462556,3.9721300989421933e-165,1.5374513836392376e-09,2017-07-31,3014
2017-08-15,1,risk_on,0.9999999997622808,1.1630963957214858e-166,2.3773132109280997e-10,2017-07-31,3014
2017-08-16,1,risk_on,0.9999999997886562,4.6829091087942714e-164,2.1135799932767622e-10,2017-07-31,3014
2017-08-17,1,risk_on,0.9999989623358642,5.572204519492241e-169,1.037664122421932e-06,2017-07-31,3014
2017-08-18,1,risk_on,0.9999999953083147,4.9062107052024634e-166,4.691690618785221e-09,2017-07-31,3014
2017-08-21,1,risk_on,0.9999999988574757,7.012244761067362e-168,1.1425205875539172e-09,2017-07-31,3014
2017-08-22,1,risk_on,0.9999999995703774,1.5071034028202657e-166,4.2961341602220094e-10,2017-07-31,3014
2017-08-23,1,risk_on,0.9999999997720579,8.142198062058021e-169,2.2793646818545174e-10,2017-07-31,3014
2017-08-24,1,risk_on,0.9999999998387068,6.5747188650973655e-170,1.6129564137574016e-10,2017-07-31,3014
2017-08-25,1,risk_on,0.9999999999456861,1.56358678046005e-169,5.431030271101437e-11,2017-07-31,3014
2017-08-28,1,risk_on,0.9999999999516263,2.2580354537498947e-170,4.838384031652386e-11,2017-07-31,3014
2017-08-29,1,risk_on,0.9999999999372733,2.5234230748729765e-171,6.27309489469971e-11,2017-07-31,3014
2017-08-30,1,risk_on,0.9999999999571969,1.469251149405153e-169,4.281734604410916e-11,2017-07-31,3014
2017-08-31,1,risk_on,0.9999999984488284,8.819383615861405e-160,1.551181896532989e-09,2017-07-31,3014
2017-09-01,2,transition,0.0,1.0,0.0,2017-08-31,3037
2017-09-04,0,stress,0.0,5.83305119540402e-36,1.0,2017-08-31,3037
2017-09-05,1,risk_on,0.9999920739573777,1.4872071369478195e-77,7.926042634365617e-06,2017-08-31,3037
2017-09-06,1,risk_on,0.9999999997066027,8.111670370310595e-118,2.9339216262031127e-10,2017-08-31,3037
2017-09-07,1,risk_on,0.9999999997072848,3.152044171515691e-159,2.927123038908104e-10,2017-08-31,3037
2017-09-08,1,risk_on,0.9999999996389022,5.2166862045467866e-164,3.611099762190155e-10,2017-08-31,3037
2017-09-11,1,risk_on,0.9999999994608118,1.4993774932572724e-160,5.391985068748917e-10,2017-08-31,3037
2017-09-12,1,risk_on,0.9999999998285318,9.424834433278784e-160,1.7146022978156738e-10,2017-08-31,3037
2017-09-13,1,risk_on,0.9999999998565272,2.0481245316877258e-159,1.4347384838364848e-10,2017-08-31,3037
2017-09-14,1,risk_on,0.9999999998786677,5.425864813868466e-160,1.2134568231259414e-10,2017-08-31,3037
2017-09-15,1,risk_on,0.999999999888388,8.077041257197068e-160,1.1159891238644851e-10,2017-08-31,3037
2017-09-18,1,risk_on,0.9999999999294573,8.870540028911247e-159,7.055354699697809e-11,2017-08-31,3037
2017-09-19,1,risk_on,0.9999999999326121,5.908851922940747e-159,6.737385052978388e-11,2017-08-31,3037
2017-09-20,1,risk_on,0.9999999999530758,7.860776885805373e-158,4.691401322886148e-11,2017-08-31,3037
2017-09-21,1,risk_on,0.9999999999516263,1.3787070758006519e-157,4.8378254302389456e-11,2017-08-31,3037
2017-09-22,1,risk_on,0.9999999999616875,6.1336219609513375e-158,3.831435684672859e-11,2017-08-31,3037
2017-09-25,1,risk_on,0.9999999999592717,1.3759147113773655e-159,4.072963424501365e-11,2017-08-31,3037
2017-09-26,1,risk_on,0.999999999963137,4.886270876724931e-159,3.6857830300990426e-11,2017-08-31,3037
2017-09-27,1,risk_on,0.9999999999131148,2.553995628765307e-157,8.687200963129152e-11,2017-08-31,3037
2017-09-28,1,risk_on,0.9999999999553211,4.628758626310533e-155,4.4691046893460765e-11,2017-08-31,3037
2017-09-29,1,risk_on,0.9999999982442773,3.318431869889002e-145,1.7557150250343605e-09,2017-08-31,3037
2017-10-02,0,transition,0.0,1.0,0.0,2017-09-30,3058
2017-10-03,1,stress,4.738437262829919e-227,8.786103275020074e-35,1.0,2017-09-30,3058
2017-10-04,2,risk_on,0.9999997969344954,5.774192878358148e-69,2.030655157846369e-07,2017-09-30,3058
2017-10-05,2,risk_on,0.9999999999333227,3.5670247785949146e-90,6.668761468877538e-11,2017-09-30,3058
2017-10-06,2,risk_on,0.9999999999482156,1.3786207030572827e-93,5.178419036175837e-11,2017-09-30,3058
2017-10-09,2,risk_on,0.9999999999126885,5.110369984733361e-95,8.731885052285518e-11,2017-09-30,3058
2017-10-10,2,risk_on,0.9999999999359659,7.869110960005968e-95,6.404738914419416e-11,2017-09-30,3058
2017-10-11,2,risk_on,0.9999999999577369,7.954836785581747e-95,4.226867314616439e-11,2017-09-30,3058
2017-10-12,2,risk_on,0.9999999999703277,2.509999357141087e-95,2.968287463965093e-11,2017-09-30,3058
2017-10-13,2,risk_on,0.9999999999695035,1.849263129349446e-96,3.048727650962291e-11,2017-09-30,3058
2017-10-16,2,risk_on,0.9999999999782574,9.181020667682812e-97,2.175013586203058e-11,2017-09-30,3058
2017-10-17,2,risk_on,0.9999999999793374,2.962276521060391e-97,2.0650425875759464e-11,2017-09-30,3058
2017-10-18,2,risk_on,0.9999999999758984,6.503335642408706e-96,2.4114515428872853e-11,2017-09-30,3058
2017-10-19,2,risk_on,0.9999999999697593,5.08136120286461e-96,3.0240597888938834e-11,2017-09-30,3058
2017-10-20,2,risk_on,0.9999999999443503,1.8481981043593224e-94,5.564407052820314e-11,2017-09-30,3058
2017-10-23,2,risk_on,0.999999999925393,2.413675630675801e-95,7.460790010510862e-11,2017-09-30,3058
2017-10-24,2,risk_on,0.9999999998592557,7.777356955101827e-95,1.407482033264491e-10,2017-09-30,3058
2017-10-25,2,risk_on,0.9999999999173212,7.422226024768441e-94,8.267602883459586e-11,2017-09-30,3058
2017-10-26,2,risk_on,0.9999999999141664,5.309882535502735e-94,8.583088525998134e-11,2017-09-30,3058
2017-10-27,2,risk_on,0.9999999999556621,1.5837978533682295e-90,4.434781893500488e-11,2017-09-30,3058
2017-10-30,2,risk_on,0.9999999999763816,4.674605297866231e-93,2.360938627840848e-11,2017-09-30,3058
2017-10-31,2,risk_on,0.9999999996346958,2.6113593718884185e-82,3.653184671475114e-10,2017-09-30,3058
2017-11-01,0,risk_on,1.0,0.0,1.1377079183709826e-197,2017-10-31,3080
2017-11-02,0,risk_on,0.9999875242877928,2.2922187842727433e-39,1.247571221276841e-05,2017-10-31,3080
2017-11-03,0,risk_on,0.9999918460520449,3.759096696376285e-40,8.153947949874333e-06,2017-10-31,3080
2017-11-06,0,risk_on,0.9999916416410467,1.3265411599608256e-40,8.358358956595905e-06,2017-10-31,3080
2017-11-07,0,risk_on,0.9999622694380373,5.525372358874976e-41,3.7730561959039184e-05,2017-10-31,3080
2017-11-08,0,risk_on,0.9991366590921764,2.6852370449273453e-41,0.0008633409078280411,2017-10-31,3080
2017-11-09,0,risk_on,0.9670809372878815,4.582201154759257e-40,0.03291906271212558,2017-10-31,3080
2017-11-10,0,risk_on,0.629749993356983,1.0573481812997738e-38,0.37025000664301644,2017-10-31,3080
2017-11-13,1,stress,0.25285935801656945,2.7914059229913225e-40,0.7471406419834298,2017-10-31,3080
2017-11-14,1,stress,0.06387645440382984,1.127891082674705e-41,0.9361235455961682,2017-10-31,3080
2017-11-15,1,stress,4.9676553244442185e-05,4.3528285840625315e-43,0.9999503234467605,2017-10-31,3080
2017-11-16,1,stress,0.00719384137625176,3.7919918645118295e-42,0.9928061586237547,2017-10-31,3080
2017-11-17,1,stress,0.3737117735361943,1.7239475222995795e-43,0.6262882264638128,2017-10-31,3080
2017-11-20,0,risk_on,0.9427449343942343,5.712850191875661e-45,0.05725506560576386,2017-10-31,3080
2017-11-21,0,risk_on,0.9982051805943729,9.98443904729422e-47,0.001794819405622233,2017-10-31,3080
2017-11-22,0,risk_on,0.9998747067689246,3.8611863856896733e-45,0.00012529323108023858,2017-10-31,3080
2017-11-23,0,risk_on,0.9999858530877034,1.147280288194422e-45,1.414691229964288e-05,2017-10-31,3080
2017-11-24,0,risk_on,0.9999559283588291,5.3177465345468044e-46,4.407164116445945e-05,2017-10-31,3080
2017-11-27,0,risk_on,0.9986380110126146,4.821970704317041e-46,0.0013619889873843966,2017-10-31,3080
2017-11-28,0,risk_on,0.9602220591593157,2.110053604304123e-45,0.03977794084067815,2017-10-31,3080
2017-11-29,0,risk_on,0.742177696985114,3.117558307499339e-44,0.2578223030148919,2017-10-31,3080
2017-11-30,1,stress,0.35117856368678113,7.712371887414626e-42,0.6488214363132156,2017-10-31,3080
2017-12-01,1,stress,0.0,0.0,1.0,2017-11-30,3102
2017-12-04,0,transition,0.0,1.0,2.2842074482327425e-39,2017-11-30,3102
2017-12-05,2,risk_on,1.0,9.547173953082876e-15,5.728025527740475e-76,2017-11-30,3102
2017-12-06,2,risk_on,1.0,6.702657412806775e-19,4.606110754507309e-112,2017-11-30,3102
2017-12-07,2,risk_on,1.0,6.676022074613008e-19,8.606415733136612e-145,2017-11-30,3102
2017-12-08,2,risk_on,1.0,9.593258727813578e-19,1.5175607792877474e-174,2017-11-30,3102
2017-12-11,2,risk_on,1.0,4.3810926837086595e-19,2.4381869208721788e-173,2017-11-30,3102
2017-12-12,2,risk_on,1.0,5.649444508975009e-19,7.6877575988573e-175,2017-11-30,3102
2017-12-13,2,risk_on,1.0,3.260821365426714e-18,2.7123755344148837e-177,2017-11-30,3102
2017-12-14,2,risk_on,1.0,5.891186659338446e-19,3.51484193523844e-178,2017-11-30,3102
2017-12-15,2,risk_on,1.0,2.9379513957339816e-19,3.061523355020018e-175,2017-11-30,3102
2017-12-18,2,risk_on,1.0,5.611299396889013e-19,6.656296402389841e-175,2017-11-30,3102
2017-12-19,2,risk_on,1.0,1.5489138542673007e-18,2.7076438777784354e-174,2017-11-30,3102
2017-12-20,2,risk_on,1.0,1.0889575387726407e-18,4.8702113038869243e-172,2017-11-30,3102
2017-12-21,2,risk_on,1.0,4.735779119995946e-19,1.5918109381505498e-172,2017-11-30,3102
2017-12-22,2,risk_on,1.0,1.8187455058663967e-19,1.440865837540057e-173,2017-11-30,3102
2017-12-25,2,risk_on,1.0,1.9488924657190495e-19,5.3226819376905e-174,2017-11-30,3102
2017-12-26,2,risk_on,1.0,1.1580476045742824e-19,1.5969599533647516e-175,2017-11-30,3102
2017-12-27,2,risk_on,1.0,1.431009198372974e-19,3.780675680800501e-178,2017-11-30,3102
2017-12-28,2,risk_on,1.0,5.0846685530721833e-20,4.4774784745857643e-175,2017-11-30,3102
2017-12-29,2,risk_on,1.0,1.497097301724511e-17,1.443412827828289e-160,2017-11-30,3102
2018-01-02,1,stress,0.0,0.0,1.0,2017-12-31,3123
2018-01-03,0,transition,0.0,1.0,7.90224144805785e-30,2017-12-31,3123
2018-01-04,2,risk_on,1.0,1.1413574485971148e-16,1.5144967607216145e-58,2017-12-31,3123
2018-01-05,2,risk_on,1.0,2.4350338823203606e-20,1.100986994392355e-86,2017-12-31,3123
2018-01-08,2,risk_on,1.0,7.536969262257808e-20,7.100392460472461e-116,2017-12-31,3123
2018-01-09,2,risk_on,1.0,1.6016506698049395e-19,2.9069225877828245e-139,2017-12-31,3123
2018-01-10,2,risk_on,1.0,3.4057707963667356e-20,2.4089316032454826e-137,2017-12-31,3123
2018-01-11,2,risk_on,1.0,4.2056000695338e-20,1.0268223288672467e-138,2017-12-31,3123
2018-01-12,2,risk_on,1.0,2.2922931533074964e-20,7.816265297106635e-140,2017-12-31,3123
2018-01-15,2,risk_on,1.0,1.4642366543224803e-20,1.0426566292659162e-139,2017-12-31,3123
2018-01-16,2,risk_on,1.0,4.0472923968548887e-20,1.0944729651153473e-142,2017-12-31,3123
2018-01-17,2,risk_on,1.0,6.234725592849757e-19,5.94102069527084e-142,2017-12-31,3123
2018-01-18,2,risk_on,1.0,3.4852902867630793e-19,8.533464599629578e-142,2017-12-31,3123
2018-01-19,2,risk_on,1.0,2.6326199626838675e-20,2.426775378336795e-138,2017-12-31,3123
2018-01-22,2,risk_on,1.0,5.496566237385744e-20,3.7182815013879126e-138,2017-12-31,3123
2018-01-23,2,risk_on,1.0,1.5477423424768293e-19,1.103311815875578e-139,2017-12-31,3123
2018-01-24,2,risk_on,1.0,2.2617373829587942e-20,4.777279040135103e-140,2017-12-31,3123
2018-01-25,2,risk_on,1.0,1.6780530551823182e-20,5.68449187787668e-141,2017-12-31,3123
2018-01-26,2,risk_on,1.0,3.716374376384618e-20,3.2896720565954664e-136,2017-12-31,3123
2018-01-29,2,risk_on,1.0,1.5002357453507433e-17,1.8477312003973166e-139,2017-12-31,3123
2018-01-30,2,risk_on,1.0,2.485098506768387e-16,8.192809078500725e-138,2017-12-31,3123
2018-01-31,2,risk_on,1.0,2.3652845074352293e-17,2.650662050291328e-117,2017-12-31,3123
2018-02-01,2,stress,0.0,0.0,1.0,2018-01-31,3145
2018-02-02,0,transition,0.0,1.0,9.057570702341446e-26,2018-01-31,3145
2018-02-05,0,transition,2.168925768567226e-37,1.0,3.0925118250557467e-56,2018-01-31,3145
2018-02-06,0,transition,8.6517483337041e-19,1.0,1.1065628333192845e-73,2018-01-31,3145
2018-02-07,0,transition,2.834174264130417e-08,0.9999999716582129,2.0070976574169663e-84,2018-01-31,3145
2018-02-08,0,transition,1.6135320691493135e-22,1.0,1.2525010791329433e-92,2018-01-31,3145
2018-02-09,0,transition,6.092960661163701e-18,1.0,4.891923392266528e-99,2018-01-31,3145
2018-02-12,0,transition,2.038945516249216e-07,0.9999997961054058,1.5095281412013296e-104,2018-01-31,3145
2018-02-13,0,transition,0.01138036609828786,0.9886196339016564,1.1084157384900383e-110,2018-01-31,3145
2018-02-14,1,risk_on,0.9861144702383056,0.013885529761637708,1.3730981203979825e-115,2018-01-31,3145
2018-02-15,1,risk_on,0.9916366586690778,0.008363341330947615,2.0532825596044225e-123,2018-01-31,3145
2018-02-16,1,risk_on,0.9998826781445911,0.00011732185545307526,5.959254877627846e-132,2018-01-31,3145
2018-02-19,1,risk_on,0.9999999102442456,8.975576644229412e-08,3.080722134882708e-138,2018-01-31,3145
2018-02-20,1,risk_on,0.9999997730899652,2.2691004436770474e-07,1.6398540820924138e-139,2018-01-31,3145
2018-02-21,1,risk_on,0.9999998929186007,1.0708144195785935e-07,3.802540977473673e-138,2018-01-31,3145
2018-02-22,1,risk_on,0.999999974002549,2.5997453512254094e-08,1.2469678916635704e-139,2018-01-31,3145
2018-02-23,1,risk_on,0.9999999831255765,1.6874403063926694e-08,9.43317254774185e-145,2018-01-31,3145
2018-02-26,1,risk_on,0.9999999996306315,3.693926658521482e-10,4.7163190170805565e-145,2018-01-31,3145
2018-02-27,1,risk_on,0.9999999235427623,7.645721876682612e-08,2.509733605976792e-139,2018-01-31,3145
2018-02-28,1,risk_on,0.9999866483411816,1.3351658844761914e-05,4.0644975349033903e-131,2018-01-31,3145
2018-03-01,2,transition,0.0,1.0,0.0,2018-02-28,3165
2018-03-02,0,stress,2.298462304593754e-158,1.5306368100119906e-19,1.0,2018-02-28,3165
2018-03-05,0,stress,3.576698309639579e-11,3.1856996553678396e-22,0.9999999999642455,2018-02-28,3165
2018-03-06,0,stress,2.8955856295580133e-08,2.2787259276204466e-21,0.9999999710441334,2018-02-28,3165
2018-03-07,0,stress,1.9216071883703995e-07,7.062071054717941e-22,0.9999998078393062,2018-02-28,3165
2018-03-08,0,stress,7.119171624626796e-05,3.277246078562451e-22,0.9999288082837555,2018-02-28,3165
2018-03-09,0,stress,0.00010051462174111738,1.0287588638677812e-23,0.9998994853782817,2018-02-28,3165
2018-03-12,0,stress,0.0016439279450832897,2.718261258776397e-22,0.9983560720549399,2018-02-28,3165
2018-03-13,0,stress,0.0034287984850656194,3.1869378019972244e-22,0.9965712015149207,2018-02-28,3165
2018-03-14,0,stress,0.0063311568378543025,5.77684042734479e-22,0.9936688431621498,2018-02-28,3165
2018-03-15,0,stress,0.012346666362218863,7.799164464102848e-22,0.9876533336377856,2018-02-28,3165
2018-03-16,0,stress,0.0112933940073873,2.17888202264122e-21,0.9887066059926103,2018-02-28,3165
2018-03-19,0,stress,5.416634479366506e-05,9.907842450149383e-20,0.9999458336551815,2018-02-28,3165
2018-03-20,0,stress,1.561976600575284e-05,5.873349867441881e-19,0.9999843802339722,2018-02-28,3165
2018-03-21,0,stress,7.781713450378932e-05,4.760624395802984e-19,0.9999221828655073,2018-02-28,3165
2018-03-22,0,stress,5.143620183727832e-12,9.091346710023643e-19,0.9999999999948841,2018-02-28,3165
2018-03-23,0,stress,1.3667819339714722e-14,1.0999103396384467e-18,1.0,2018-02-28,3165
2018-03-26,0,stress,1.2798908795420294e-15,4.274222386521321e-21,1.0,2018-02-28,3165
2018-03-27,0,stress,1.042272766184182e-11,1.4436617759686716e-19,0.9999999999895977,2018-02-28,3165
2018-03-28,0,stress,7.551538608587518e-12,1.966201183026666e-19,0.9999999999924398,2018-02-28,3165
2018-03-29,0,stress,1.3422193345485101e-09,4.717099764774917e-22,0.9999999986577564,2018-02-28,3165
2018-03-30,0,stress,2.1138391987952454e-06,2.667101139468001e-20,0.9999978861607874,2018-02-28,3165
2018-04-02,2,transition,0.0,1.0,0.0,2018-03-31,3187
2018-04-03,0,stress,1.9388492301597498e-110,4.24337089831135e-17,1.0,2018-03-31,3187
2018-04-04,0,stress,1.8550348447676607e-11,1.3570624180093406e-22,0.999999999981469,2018-03-31,3187
2018-04-05,0,stress,2.620491507362568e-10,1.9891839048092756e-22,0.9999999997379518,2018-03-31,3187
2018-04-06,0,stress,2.8102263447142854e-13,4.604045340922603e-22,0.9999999999997158,2018-03-31,3187
2018-04-09,0,stress,6.574805843963996e-12,8.683390963768758e-22,0.9999999999934062,2018-03-31,3187
2018-04-10,0,stress,3.840892391724443e-13,6.953168402501879e-23,0.9999999999996021,2018-03-31,3187
2018-04-11,0,stress,2.4136017196370472e-11,1.2364472239712424e-22,0.9999999999758415,2018-03-31,3187
2018-04-12,0,stress,1.6810333870410186e-11,2.4023842306275843e-23,0.9999999999831743,2018-03-31,3187
2018-04-13,0,stress,1.298061385019502e-10,2.0106196541765318e-24,0.9999999998701696,2018-03-31,3187
2018-04-16,0,stress,3.0579390784108076e-10,5.335944934790483e-25,0.9999999996941824,2018-03-31,3187
2018-04-17,0,stress,3.0537603362785853e-10,2.0313260249471878e-26,0.9999999996946372,2018-03-31,3187
2018-04-18,0,stress,2.1715416706621312e-10,1.3362300440537645e-25,0.9999999997828581,2018-03-31,3187
2018-04-19,0,stress,1.9029333273613798e-09,4.7425084716994296e-23,0.9999999980970529,2018-03-31,3187
2018-04-20,0,stress,2.1978778999482305e-09,1.569376088130593e-20,0.9999999978021492,2018-03-31,3187
2018-04-23,0,stress,2.324638254673585e-07,8.456679107950977e-19,0.9999997675361939,2018-03-31,3187
2018-04-24,0,stress,1.5754074081288741e-09,2.4418703200422927e-17,0.9999999984245846,2018-03-31,3187
2018-04-25,0,stress,2.3968729851234933e-09,1.2156813922039222e-16,0.9999999976031404,2018-03-31,3187
2018-04-26,0,stress,1.636111692784552e-08,2.6044901312675784e-18,0.9999999836388725,2018-03-31,3187
2018-04-27,0,stress,3.0027929572415933e-06,2.9377868413741027e-19,0.999996997207024,2018-03-31,3187
2018-04-30,0,stress,0.0003164444153132188,4.962603504551107e-16,0.9996835555846717,2018-03-31,3187
2018-05-01,0,risk_on,1.0,0.0,4.72089396013553e-56,2018-04-30,3208
2018-05-02,0,risk_on,0.8913945555890026,4.972158308736442e-76,0.1086054444109935,2018-04-30,3208
2018-05-03,0,risk_on,0.8374982075191586,2.816771354879496e-76,0.16250179248084629,2018-04-30,3208
2018-05-04,0,risk_on,0.8144962637629232,4.923740745474753e-77,0.1855037362370825,2018-04-30,3208
2018-05-07,0,risk_on,0.8436347283430056,5.326246323891376e-78,0.1563652716570004,2018-04-30,3208
2018-05-08,0,risk_on,0.8487871154575927,2.62397625026552e-78,0.15121288454240828,2018-04-30,3208
2018-05-09,0,risk_on,0.8023057378926903,3.8920480456003706e-78,0.19769426210730723,2018-04-30,3208
2018-05-10,0,risk_on,0.7810608980962752,2.5411672191555126e-78,0.218939101903718,2018-04-30,3208
2018-05-11,0,risk_on,0.9022489320303114,4.862028735889486e-80,0.09775106796969443,2018-04-30,3208
2018-05-14,0,risk_on,0.9586734778690902,3.1883392881372937e-80,0.04132652213091338,2018-04-30,3208
2018-05-15,0,risk_on,0.9748337643517153,7.755998251351438e-79,0.025166235648285244,2018-04-30,3208
2018-05-16,0,risk_on,0.9988270772962592,1.78128202703686e-81,0.0011729227037405613,2018-04-30,3208
2018-05-17,0,risk_on,0.9999712400344806,1.0466449234672804e-80,2.875996552282417e-05,2018-04-30,3208
2018-05-18,0,risk_on,0.9999846697423607,1.6860512284268345e-80,1.5330257640892487e-05,2018-04-30,3208
2018-05-21,0,risk_on,0.9999698027101891,1.705402597518944e-81,3.0197289804817347e-05,2018-04-30,3208
2018-05-22,0,risk_on,0.9999916600534284,8.58676264016532e-82,8.339946573961335e-06,2018-04-30,3208
2018-05-23,0,risk_on,0.9999884482444109,4.9554822554937055e-81,1.1551755586730927e-05,2018-04-30,3208
2018-05-24,0,risk_on,0.9999933617748048,2.9898591210506447e-80,6.638225191401307e-06,2018-04-30,3208
2018-05-25,0,risk_on,0.9998069884751272,1.5418943843461733e-78,0.0001930115248703114,2018-04-30,3208
2018-05-28,0,risk_on,0.9901366563109674,3.585160926513077e-77,0.009863343689036925,2018-04-30,3208
2018-05-29,1,stress,0.1110313223105249,5.2810089704888194e-68,0.8889686776894703,2018-04-30,3208
2018-05-30,1,stress,0.11280450534272497,3.954333706827332e-72,0.8871954946572777,2018-04-30,3208
2018-05-31,1,stress,0.24766152695862143,2.2686623779550177e-72,0.7523384730413757,2018-04-30,3208
2018-06-01,2,transition,0.0,1.0,0.0,2018-05-31,3231
2018-06-04,2,transition,5.179556872745038e-179,0.9999999998546514,1.453483027023758e-10,2018-05-31,3231
2018-06-05,2,transition,1.204078791616328e-118,0.9999999997392592,2.607437986268186e-10,2018-05-31,3231
2018-06-06,2,transition,7.408282561483937e-119,0.999999999807855,1.9213913468378973e-10,2018-05-31,3231
2018-06-07,2,transition,4.152835321413054e-118,0.9999999995230553,4.769437683223613e-10,2018-05-31,3231
2018-06-08,2,transition,1.0131024067443444e-117,0.9999999998367741,1.6323161493575544e-10,2018-05-31,3231
2018-06-11,2,transition,1.4829907856552712e-120,0.9999999998966445,1.0336252978535714e-10,2018-05-31,3231
2018-06-12,2,transition,3.3475579100454955e-122,0.9999999998926938,1.07306014006827e-10,2018-05-31,3231
2018-06-13,2,transition,5.142674810359133e-125,0.9999999999187992,8.120492415862879e-11,2018-05-31,3231
2018-06-14,2,transition,6.092554479656339e-126,0.9999999999400728,5.993416551042163e-11,2018-05-31,3231
2018-06-15,2,transition,1.1124089845864337e-124,0.9999999999509726,4.902612077024857e-11,2018-05-31,3231
2018-06-18,2,transition,1.4838507549230464e-124,0.999999999943384,5.661563905504923e-11,2018-05-31,3231
2018-06-19,2,transition,9.662438107560347e-125,0.9999999999010925,9.890738674667115e-11,2018-05-31,3231
2018-06-20,2,transition,1.3950919779349334e-124,0.9999999999027409,9.725451705515146e-11,2018-05-31,3231
2018-06-21,2,transition,7.840315079091934e-124,0.9999999997545643,2.4544239729412225e-10,2018-05-31,3231
2018-06-22,2,transition,2.6882478314457177e-122,0.9999999998510418,1.4896079066965673e-10,2018-05-31,3231
2018-06-25,2,transition,3.3699915912864915e-123,0.9999999961347754,3.865220915637965e-09,2018-05-31,3231
2018-06-26,2,transition,5.611605246007217e-120,0.9999999989923083,1.0076902378220257e-09,2018-05-31,3231
2018-06-27,2,transition,4.549401067377801e-119,0.9999999855355953,1.4464398827983541e-08,2018-05-31,3231
2018-06-28,2,transition,1.2799249158996097e-116,0.999999990090231,9.909766841638923e-09,2018-05-31,3231
2018-06-29,2,transition,6.918341831211561e-111,0.9999998002671391,1.9973285977153912e-07,2018-05-31,3231
2018-07-02,0,stress,0.0,0.0,1.0,2018-06-30,3252
2018-07-03,0,stress,1.0277899559437886e-13,1.395128092263798e-78,0.9999999999998863,2018-06-30,3252
2018-07-04,0,stress,4.2670302798020585e-13,1.4759014238024677e-77,0.9999999999995737,2018-06-30,3252
2018-07-05,0,stress,9.10288688819849e-13,7.648710799575255e-78,0.9999999999990905,2018-06-30,3252
2018-07-06,0,stress,3.59070198098208e-11,1.6970054247482985e-77,0.9999999999641034,2018-06-30,3252
2018-07-09,0,stress,5.4174572237162234e-11,2.375938570365519e-78,0.9999999999458282,2018-06-30,3252
2018-07-10,0,stress,2.542362727567036e-11,1.413171759334492e-80,0.9999999999745626,2018-06-30,3252
2018-07-11,0,stress,2.272395894143701e-12,1.2831670626959911e-79,0.9999999999977263,2018-06-30,3252
2018-07-12,0,stress,1.6941327050708768e-11,4.719922908370442e-80,0.9999999999830607,2018-06-30,3252
2018-07-13,0,stress,6.958886971051315e-11,2.5175335852458514e-81,0.9999999999304237,2018-06-30,3252
2018-07-16,0,stress,1.3887917483123383e-11,3.911195545099295e-81,0.9999999999861018,2018-06-30,3252
2018-07-17,0,stress,2.3311836206921565e-11,1.666946039287908e-82,0.9999999999766942,2018-06-30,3252
2018-07-18,0,stress,2.7929994717537568e-11,1.591024089684505e-82,0.9999999999720615,2018-06-30,3252
2018-07-19,0,stress,8.397129569856747e-12,3.6209618701949926e-82,0.9999999999916156,2018-06-30,3252
2018-07-20,0,stress,5.872608261808792e-12,2.3599101253200667e-80,0.9999999999941167,2018-06-30,3252
2018-07-23,0,stress,8.818789048849888e-12,4.432516285123418e-81,0.9999999999911893,2018-06-30,3252
2018-07-24,0,stress,5.8951266565112716e-12,3.1357435891667647e-82,0.9999999999941167,2018-06-30,3252
2018-07-25,0,stress,4.363409128459701e-12,1.822665614138049e-83,0.9999999999956231,2018-06-30,3252
2018-07-26,0,stress,5.565197915763579e-12,1.072135934017213e-85,0.9999999999944293,2018-06-30,3252
2018-07-27,0,stress,4.1567192381554e-13,6.790469700726369e-87,0.9999999999995737,2018-06-30,3252
2018-07-30,0,stress,2.4437043583780553e-14,1.4966256937712126e-81,0.9999999999999716,2018-06-30,3252
2018-07-31,0,stress,1.0477067789980146e-10,5.4655819703728337e-73,0.9999999998952376,2018-06-30,3252
2018-08-01,2,transition,0.0,1.0,0.0,2018-07-31,3274
2018-08-02,2,transition,2.4055863876107683e-182,0.9999999999633218,3.668463532113345e-11,2018-07-31,3274
2018-08-03,2,transition,6.458635147115465e-132,0.9999999999670166,3.2985988798177216e-11,2018-07-31,3274
2018-08-06,2,transition,2.5448592856810708e-132,0.9999999999655387,3.446728727006323e-11,2018-07-31,3274
2018-08-07,2,transition,6.059580987381375e-134,0.9999999999747473,2.524805873939616e-11,2018-07-31,3274
2018-08-08,2,transition,2.143814952183237e-134,0.9999999999753157,2.4689287517835258e-11,2018-07-31,3274
2018-08-09,2,transition,3.3179941570294315e-132,0.9999999999694182,3.058416132433127e-11,2018-07-31,3274
2018-08-10,2,transition,2.76170192483044e-129,0.9999999998826183,1.1737648375012016e-10,2018-07-31,3274
2018-08-13,2,transition,1.6391154834309343e-129,0.9999999996475566,3.524366258184951e-10,2018-07-31,3274
2018-08-14,2,transition,4.006693244516066e-131,0.9999999998525624,1.4743554048996898e-10,2018-07-31,3274
2018-08-15,2,transition,6.566390536226646e-130,0.9999999997650093,2.3499302009271727e-10,2018-07-31,3274
2018-08-16,2,transition,8.924436634804546e-131,0.9999999998371436,1.6285407399842887e-10,2018-07-31,3274
2018-08-17,2,transition,7.29998926883979e-130,0.999999999951882,4.812197485874344e-11,2018-07-31,3274
2018-08-20,2,transition,3.464900837711834e-129,0.9999999999132712,8.672975101875839e-11,2018-07-31,3274
2018-08-21,2,transition,4.991394583963678e-130,0.9999999999271552,7.28512207751245e-11,2018-07-31,3274
2018-08-22,2,transition,1.950676144404323e-129,0.9999999999113243,8.866954707620871e-11,2018-07-31,3274
2018-08-23,2,transition,1.5284267103649417e-131,0.99999999995336,4.664413840454902e-11,2018-07-31,3274
2018-08-24,2,transition,2.400213718657217e-132,0.9999999999469367,5.306074023429677e-11,2018-07-31,3274
2018-08-27,2,transition,3.022945273869463e-133,0.9999999999027693,9.723590928173128e-11,2018-07-31,3274
2018-08-28,2,transition,1.636701623843038e-134,0.9999999999126459,8.735710065163168e-11,2018-07-31,3274
2018-08-29,2,transition,3.362121094684562e-135,0.9999999999134559,8.654123513226109e-11,2018-07-31,3274
2018-08-30,2,transition,5.958755849039572e-132,0.9999999996698818,3.3011824329471457e-10,2018-07-31,3274
2018-08-31,2,transition,1.0364504610650909e-120,0.999999994048963,5.951037802361826e-09,2018-07-31,3274
2018-09-03,0,risk_on,1.0,0.0,3.454087598195636e-51,2018-08-31,3297
2018-09-04,0,risk_on,0.9999986702803086,3.302824706898409e-91,1.3297196878530442e-06,2018-08-31,3297
2018-09-05,0,risk_on,0.9999979453106965,5.951506669096344e-91,2.0546893064160744e-06,2018-08-31,3297
2018-09-06,0,risk_on,0.9999953471000073,3.061424370231782e-90,4.652899994326048e-06,2018-08-31,3297
2018-09-07,0,risk_on,0.9999893161006408,2.1357904439874322e-92,1.0683899356058092e-05,2018-08-31,3297
2018-09-10,0,risk_on,0.9999953364977572,3.937615777237114e-94,4.663502243869816e-06,2018-08-31,3297
2018-09-11,0,risk_on,0.9999972151398476,1.4273615057744286e-95,2.784860150474644e-06,2018-08-31,3297
2018-09-12,0,risk_on,0.9999983058993817,7.239598098023558e-97,1.694100615371251e-06,2018-08-31,3297
2018-09-13,0,risk_on,0.999997115129749,6.305127516228829e-97,2.8848702530549166e-06,2018-08-31,3297
2018-09-14,0,risk_on,0.9999978817027878,2.2640894116175833e-98,2.1182972103186758e-06,2018-08-31,3297
2018-09-17,0,risk_on,0.9999946222548465,1.5173841853135967e-97,5.37774515110753e-06,2018-08-31,3297
2018-09-18,0,risk_on,0.9999954324669464,8.215439754161996e-98,4.567533054970764e-06,2018-08-31,3297
2018-09-19,0,risk_on,0.9999992320609117,3.154995698259331e-98,7.679390903518001e-07,2018-08-31,3297
2018-09-20,0,risk_on,0.9999980093722687,1.0362143778916507e-98,1.9906277326074707e-06,2018-08-31,3297
2018-09-21,0,risk_on,0.9999991964415247,7.198886094567226e-99,8.035584725787237e-07,2018-08-31,3297
2018-09-24,0,risk_on,0.9999977510791915,1.2733720174773048e-98,2.2489208096605038e-06,2018-08-31,3297
2018-09-25,0,risk_on,0.9999990727317218,1.4946062332719326e-100,9.272682789226754e-07,2018-08-31,3297
2018-09-26,0,risk_on,0.9999981998476317,5.193306213789811e-100,1.8001523713103478e-06,2018-08-31,3297
2018-09-27,0,risk_on,0.9999985874797972,1.0294073502236383e-100,1.4125202053190813e-06,2018-08-31,3297
2018-09-28,0,risk_on,0.9999655471496108,1.3022542115082276e-97,3.445285038874613e-05,2018-08-31,3297
2018-10-01,0,risk_on,1.0,0.0,1.7226789688905537e-54,2018-09-30,3317
2018-10-02,0,risk_on,0.9999992567496951,8.368785539926067e-100,7.432502963843422e-07,2018-09-30,3317
2018-10-03,0,risk_on,0.9999950376990853,2.718262037627835e-99,4.962300926336235e-06,2018-09-30,3317
2018-10-04,0,risk_on,0.9999829669750105,3.7844490921741254e-99,1.7033024993803178e-05,2018-09-30,3317
2018-10-05,0,risk_on,0.9993502894411309,2.0665205479013273e-98,0.0006497105588603567,2018-09-30,3317
2018-10-08,0,risk_on,0.9719882006187234,4.5056375705638735e-97,0.02801179938127654,2018-09-30,3317
2018-10-09,0,risk_on,0.7785015646648483,8.134108675659248e-97,0.22149843533514743,2018-09-30,3317
2018-10-10,1,stress,4.79381506866399e-12,5.94205377918055e-93,0.9999999999951967,2018-09-30,3317
2018-10-11,1,stress,9.96820126207751e-17,1.878020293357864e-94,1.0,2018-09-30,3317
2018-10-12,1,stress,6.872984798460762e-15,1.6309275394545237e-95,1.0,2018-09-30,3317
2018-10-15,1,stress,1.5813514079910413e-10,3.132365853334699e-96,0.9999999998418616,2018-09-30,3317
2018-10-16,1,stress,6.017955516188737e-13,9.19778536459632e-98,0.9999999999994031,2018-09-30,3317
2018-10-17,1,stress,1.5477366952431546e-05,1.0397677376330334e-98,0.9999845226330487,2018-09-30,3317
2018-10-18,1,stress,1.1437705978902064e-09,3.511470066112792e-97,0.9999999988562251,2018-09-30,3317
2018-10-19,1,stress,5.772812061445249e-07,2.950759040443228e-99,0.9999994227187831,2018-09-30,3317
2018-10-22,1,stress,9.607441403225478e-07,9.369117897040355e-100,0.999999039255847,2018-09-30,3317
2018-10-23,1,stress,2.9633387705967236e-08,3.123696667264937e-98,0.9999999703666167,2018-09-30,3317
2018-10-24,1,stress,4.863251165592576e-20,2.8601898203171088e-95,1.0,2018-09-30,3317
2018-10-25,1,stress,1.5445511737878706e-19,9.886319610732134e-95,1.0,2018-09-30,3317
2018-10-26,1,stress,1.1497087088801807e-15,5.690775785506894e-94,1.0,2018-09-30,3317
2018-10-29,1,stress,6.174539469190331e-16,1.0031932665638245e-93,1.0,2018-09-30,3317
2018-10-30,1,stress,1.2875498548138288e-17,4.683628205581551e-95,1.0,2018-09-30,3317
2018-10-31,1,stress,2.6070784638688175e-11,8.701205902953097e-94,0.9999999999739373,2018-09-30,3317
2018-11-01,0,stress,0.0,0.0,1.0,2018-10-31,3340
2018-11-02,0,stress,2.2052818452360374e-42,3.759083902969214e-81,1.0,2018-10-31,3340
2018-11-05,0,stress,6.407014713960922e-44,3.870834216646444e-82,1.0,2018-10-31,3340
2018-11-06,0,stress,2.29103513062067e-44,7.201018191354106e-83,1.0,2018-10-31,3340
2018-11-07,0,stress,3.582157288447227e-38,5.2901685130291356e-86,1.0,2018-10-31,3340
2018-11-08,0,stress,1.9371139988809936e-36,4.068122872755809e-87,1.0,2018-10-31,3340
2018-11-09,0,stress,7.997948223045893e-37,2.315015101906629e-85,1.0,2018-10-31,3340
2018-11-12,0,stress,9.855533447367762e-45,3.175294647502431e-83,1.0,2018-10-31,3340
2018-11-13,0,stress,3.2096947628936636e-41,2.5705533278548877e-83,1.0,2018-10-31,3340
2018-11-14,0,stress,1.505008323218954e-45,1.317124320269338e-80,1.0,2018-10-31,3340
2018-11-15,0,stress,9.45787306290594e-43,7.130756085065843e-81,1.0,2018-10-31,3340
2018-11-16,0,stress,5.252982683664586e-36,4.900702602915123e-80,1.0,2018-10-31,3340
2018-11-19,0,stress,1.6265953422042558e-39,1.2571966253500174e-77,1.0,2018-10-31,3340
2018-11-20,0,stress,1.5365144170964705e-46,3.2531083397376834e-77,1.0,2018-10-31,3340
2018-11-21,0,stress,5.49796073569258e-40,3.3849906837226186e-79,1.0,2018-10-31,3340
2018-11-22,0,stress,9.217771134485584e-40,3.4311735226341967e-79,1.0,2018-10-31,3340
2018-11-23,0,stress,8.163881276684936e-41,3.245633317087013e-79,1.0,2018-10-31,3340
2018-11-26,0,stress,5.392975898025314e-36,5.354155347314749e-81,1.0,2018-10-31,3340
2018-11-27,0,stress,1.8804497744256233e-33,2.819864982558657e-81,1.0,2018-10-31,3340
2018-11-28,0,stress,1.5042284132141058e-35,4.896668710285845e-79,1.0,2018-10-31,3340
2018-11-29,0,stress,9.287053774096022e-34,4.2591494323567944e-80,1.0,2018-10-31,3340
2018-11-30,0,stress,3.631986013503265e-30,5.844359731304219e-77,1.0,2018-10-31,3340
2018-12-03,0,risk_on,1.0,0.0,1.0662541137109066e-39,2018-11-30,3362
2018-12-04,1,stress,4.3191919437481257e-16,1.309871116775505e-95,1.0,2018-11-30,3362
2018-12-05,1,stress,4.744299869102111e-10,2.202377317739653e-97,0.9999999995255848,2018-11-30,3362
2018-12-06,1,stress,3.397206351114693e-10,5.503999519978069e-95,0.9999999996603037,2018-11-30,3362
2018-12-07,1,stress,2.2414696978353008e-17,3.541586424579691e-92,1.0,2018-11-30,3362
2018-12-10,1,stress,4.385994796863049e-18,1.3340347687680761e-92,1.0,2018-11-30,3362
2018-12-11,1,stress,1.2314966494144708e-11,1.1938939375286595e-94,0.999999999987665,2018-11-30,3362
2018-12-12,1,stress,9.492259320287564e-12,2.8986686091322535e-94,0.9999999999905071,2018-11-30,3362
2018-12-13,1,stress,6.159700192552646e-10,5.869493593763938e-94,0.9999999993840447,2018-11-30,3362
2018-12-14,1,stress,1.1093938931028132e-12,3.625804209824895e-92,0.9999999999988631,2018-11-30,3362
2018-12-17,1,stress,1.6731996033422935e-16,1.0351310893503023e-88,1.0,2018-11-30,3362
2018-12-18,1,stress,3.8660433906423695e-17,4.770900676580317e-85,1.0,2018-11-30,3362
2018-12-19,1,stress,2.4898099437135304e-19,1.3166022012780229e-86,1.0,2018-11-30,3362
2018-12-20,1,stress,7.72013753038671e-26,1.6387107616125534e-84,1.0,2018-11-30,3362
2018-12-21,1,stress,2.2428511026081135e-29,8.983440862053227e-82,1.0,2018-11-30,3362
2018-12-24,1,stress,2.202228660638515e-45,2.1225909760531902e-73,1.0,2018-11-30,3362
2018-12-25,1,stress,1.035306000114433e-49,1.2491537712725065e-71,1.0,2018-11-30,3362
2018-12-26,1,stress,1.8315832814948294e-57,1.4503294960116526e-75,1.0,2018-11-30,3362
2018-12-27,1,stress,6.378650047956666e-30,2.8662198383669825e-75,1.0,2018-11-30,3362
2018-12-28,1,stress,1.3213420021647448e-27,5.2291721817861076e-74,1.0,2018-11-30,3362
2018-12-31,1,stress,2.0565421868960014e-28,1.2072287941950046e-70,1.0,2018-11-30,3362
2019-01-01,0,transition,0.0,1.0,0.0,2018-12-31,3383
2019-01-02,0,transition,4.136812800958807e-67,0.9999999996935003,3.0647637856984744e-10,2018-12-31,3383
2019-01-03,0,transition,2.476418546004993e-26,0.9999999813804268,1.861956817644873e-08,2018-12-31,3383
2019-01-04,0,transition,1.0214959008214373e-26,0.9999998736913733,1.263085996180892e-07,2018-12-31,3383
2019-01-07,0,transition,8.422387111465524e-23,0.9999999997864393,2.1354400683554014e-10,2018-12-31,3383
2019-01-08,0,transition,1.0087855828493085e-25,0.9999999998346425,1.6537653755334106e-10,2018-12-31,3383
2019-01-09,0,transition,1.892181885066565e-25,0.9999999998404974,1.595123583176541e-10,2018-12-31,3383
2019-01-10,0,transition,3.2375773780851037e-26,0.9999999936952122,6.304778912213836e-09,2018-12-31,3383
2019-01-11,0,transition,5.48575448077509e-23,0.9999999999555484,4.4451683952720775e-11,2018-12-31,3383
2019-01-14,0,transition,5.310745394848908e-25,0.9999999999828333,1.7157117545519076e-11,2018-12-31,3383
2019-01-15,0,transition,1.0207616117772381e-25,0.999999999982208,1.7777800569082925e-11,2018-12-31,3383
2019-01-16,0,transition,3.233885665014436e-25,0.9999999999932356,6.7595866917248876e-12,2018-12-31,3383
2019-01-17,0,transition,3.178849184675192e-25,0.9999999999975557,2.458813155267108e-12,2018-12-31,3383
2019-01-18,0,transition,2.180266552965479e-25,0.9999999999988631,1.1115179418137432e-12,2018-12-31,3383
2019-01-21,0,transition,2.5870235171023905e-24,0.9999999999997158,2.9602097446974683e-13,2018-12-31,3383
2019-01-22,0,transition,1.5456344613878634e-26,0.9999999999973284,2.6449722373013905e-12,2018-12-31,3383
2019-01-23,0,transition,9.961340509602084e-22,0.9999999999998863,9.992875724353463e-14,2018-12-31,3383
2019-01-24,0,transition,4.7200703006219373e-23,0.9999999999999432,4.1006611522719126e-14,2018-12-31,3383
2019-01-25,0,transition,7.291572468045479e-24,1.0,9.975076121224532e-15,2018-12-31,3383
2019-01-28,0,transition,6.385036503886876e-25,1.0,1.5424300719854854e-14,2018-12-31,3383
2019-01-29,0,transition,4.124374295321333e-24,0.9999999999999432,4.2582361055235325e-14,2018-12-31,3383
2019-01-30,0,transition,7.532731812451137e-24,0.9999999999997726,2.4308640350495946e-13,2018-12-31,3383
2019-01-31,0,transition,1.2394802839627226e-17,0.9999999999509441,4.9071909286191265e-11,2018-12-31,3383
2019-02-01,2,transition,0.0,1.0,0.0,2019-01-31,3406
2019-02-04,2,transition,2.2667611687028404e-212,0.967008596117166,0.032991403882835,2019-01-31,3406
2019-02-05,2,transition,3.082508669838277e-120,0.9623962052518285,0.03760379474815835,2019-01-31,3406
2019-02-06,2,transition,8.289219689796102e-120,0.9947141009306797,0.005285899069317497,2019-01-31,3406
2019-02-07,2,transition,4.203947542053778e-118,0.9987086153989495,0.0012913846010488975,2019-01-31,3406
2019-02-08,2,transition,6.220431617037522e-118,0.9999566227154508,4.337728454107002e-05,2019-01-31,3406
2019-02-11,2,transition,7.13585693327466e-120,0.9999850722487122,1.4927751286272644e-05,2019-01-31,3406
2019-02-12,2,transition,7.833377628559885e-122,0.9999146731692904,8.532683071227252e-05,2019-01-31,3406
2019-02-13,2,transition,2.292936075840129e-123,0.9999836066931148,1.6393306897870815e-05,2019-01-31,3406
2019-02-14,2,transition,2.0091991599661084e-121,0.9998637551929395,0.00013624480706357007,2019-01-31,3406
2019-02-15,2,transition,8.317540464851486e-123,0.9998677632804561,0.00013223671955039603,2019-01-31,3406
2019-02-18,2,transition,1.0843787085914373e-123,0.9999472760663852,5.2723933622055056e-05,2019-01-31,3406
2019-02-19,2,transition,4.408751514627786e-123,0.99999402560641,5.974393595718444e-06,2019-01-31,3406
2019-02-20,2,transition,1.4576732297136365e-124,0.9999989011805395,1.0988194552306203e-06,2019-01-31,3406
2019-02-21,2,transition,1.657764030792343e-127,0.99999676497379,3.235026220716992e-06,2019-01-31,3406
2019-02-22,2,transition,2.860611869951014e-125,0.9999991797616257,8.202383786351035e-07,2019-01-31,3406
2019-02-25,2,transition,1.0442328594097137e-125,0.9999976237512935,2.3762487145250682e-06,2019-01-31,3406
2019-02-26,2,transition,2.462459253044642e-123,0.9999960704415016,3.929558489283086e-06,2019-01-31,3406
2019-02-27,2,transition,1.573876367906393e-121,0.9999955995757731,4.4004242178196055e-06,2019-01-31,3406
2019-02-28,2,transition,1.2600504044408123e-118,0.999839243438425,0.0001607565615685787,2019-01-31,3406
2019-03-01,0,risk_on,1.0,0.0,5.884441712795562e-56,2019-02-28,3426
2019-03-04,0,risk_on,0.999996032212265,8.366072958363707e-114,3.967787740928645e-06,2019-02-28,3426
2019-03-05,0,risk_on,0.9999962522051391,3.608292871525931e-114,3.7477948633143297e-06,2019-02-28,3426
2019-03-06,0,risk_on,0.9999710068341967,1.0912004809160007e-111,2.8993165801084147e-05,2019-02-28,3426
2019-03-07,0,risk_on,0.9997546461315304,9.604102419487483e-109,0.0002453538684630335,2019-02-28,3426
2019-03-08,0,risk_on,0.9996516641283473,7.653532681755702e-108,0.00034833587165543665,2019-02-28,3426
2019-03-11,0,risk_on,0.9994093835302676,2.5028097911603005e-108,0.0005906164697390764,2019-02-28,3426
2019-03-12,0,risk_on,0.9999938247893808,6.035399519252686e-110,6.175210618481882e-06,2019-02-28,3426
2019-03-13,0,risk_on,0.9999959260053113,7.836963126655532e-110,4.073994692824162e-06,2019-02-28,3426
2019-03-14,0,risk_on,0.9999907519081183,1.8744315911780662e-109,9.248091874722885e-06,2019-02-28,3426
2019-03-15,0,risk_on,0.9999754596009108,1.1229761027309721e-108,2.4540399088737554e-05,2019-02-28,3426
2019-03-18,0,risk_on,0.9999968158693623,5.542338994590473e-110,3.184130631584078e-06,2019-02-28,3426
2019-03-19,0,risk_on,0.999996826861324,1.707594635099204e-111,3.1731386724801727e-06,2019-02-28,3426
2019-03-20,0,risk_on,0.9999696422832082,2.9634548938873076e-108,3.035771678823198e-05,2019-02-28,3426
2019-03-21,0,risk_on,0.9986932678236426,1.4307895775122023e-106,0.0013067321763591362,2019-02-28,3426
2019-03-22,0,risk_on,0.9700033589795524,1.28343555118743e-100,0.029996641020441004,2019-02-28,3426
2019-03-25,0,risk_on,0.9951335576817169,1.4505645140007958e-96,0.004866442318286631,2019-02-28,3426
2019-03-26,0,risk_on,0.9994274539496703,4.480596334759611e-98,0.0005725460503263599,2019-02-28,3426
2019-03-27,0,risk_on,0.999928120078204,3.502175323879069e-95,7.187992179166422e-05,2019-02-28,3426
2019-03-28,0,risk_on,0.9998119128440355,3.852135174885154e-96,0.00018808715595967682,2019-02-28,3426
2019-03-29,0,risk_on,0.9994421006157417,3.373122430675043e-96,0.0005578993842547996,2019-02-28,3426
2019-04-01,0,risk_on,1.0,0.0,1.55019671589721e-52,2019-03-31,3447
2019-04-02,0,risk_on,0.9999901129939758,3.534631418700821e-101,9.887006017514387e-06,2019-03-31,3447
2019-04-03,0,risk_on,0.9999736586657756,2.0080980376643145e-101,2.634133422364731e-05,2019-03-31,3447
2019-04-04,0,risk_on,0.9999908033430793,6.875426263100162e-103,9.196656918082077e-06,2019-03-31,3447
2019-04-05,0,risk_on,0.9999947162325539,4.8944245030306337e-104,5.283767450544572e-06,2019-03-31,3447
2019-04-08,0,risk_on,0.9999983372142265,6.308476328479502e-105,1.6627857669831812e-06,2019-03-31,3447
2019-04-09,0,risk_on,0.9999956867515405,1.4791888054588592e-104,4.313248454848279e-06,2019-03-31,3447
2019-04-10,0,risk_on,0.9999979053914582,7.045084217183349e-104,2.0946085470722595e-06,2019-03-31,3447
2019-04-11,0,risk_on,0.9999977973098128,6.218102521616371e-106,2.2026901828508936e-06,2019-03-31,3447
2019-04-12,0,risk_on,0.999993130815642,2.011121232382384e-106,6.869184353477082e-06,2019-03-31,3447
2019-04-15,0,risk_on,0.9999977966483842,8.599656684693524e-108,2.2033516145867804e-06,2019-03-31,3447
2019-04-16,0,risk_on,0.999997530988672,4.795132618660906e-108,2.469011325588278e-06,2019-03-31,3447
2019-04-17,0,risk_on,0.999998041039419,2.415083571295075e-107,1.958960584501311e-06,2019-03-31,3447
2019-04-18,0,risk_on,0.9999985636893113,1.6803772619345316e-106,1.4363106918078319e-06,2019-03-31,3447
2019-04-19,0,risk_on,0.9999993809606946,6.327881876954377e-106,6.190393030073975e-07,2019-03-31,3447
2019-04-22,0,risk_on,0.9999993210407214,2.6354853957077215e-105,6.78959276550274e-07,2019-03-31,3447
2019-04-23,0,risk_on,0.9999980413946044,1.463803031504721e-103,1.9586053965539196e-06,2019-03-31,3447
2019-04-24,0,risk_on,0.9999980982386951,1.8307159157609584e-101,1.9017613071132247e-06,2019-03-31,3447
2019-04-25,0,risk_on,0.9999988535283855,1.1085176316707922e-101,1.1464716152063112e-06,2019-03-31,3447
2019-04-26,0,risk_on,0.9999983191423838,7.473399990943323e-99,1.6808576094207223e-06,2019-03-31,3447
2019-04-29,0,risk_on,0.9999961760028313,8.500695103330538e-98,3.823997167089721e-06,2019-03-31,3447
2019-04-30,0,risk_on,0.9999272196227491,1.9053940500664807e-93,7.278037725090016e-05,2019-03-31,3447
2019-05-01,2,transition,0.0,1.0,0.0,2019-04-30,3469
2019-05-02,2,transition,2.9423392837488835e-193,0.9999992621908853,7.378091007678102e-07,2019-04-30,3469
2019-05-03,2,transition,2.3329332341260444e-110,0.999987307675384,1.2692324614501086e-05,2019-04-30,3469
2019-05-06,2,transition,1.5704854911693494e-106,0.99293550900573,0.007064490994271899,2019-04-30,3469
2019-05-07,0,stress,8.039737635832406e-105,0.01569717374361852,0.9843028262563919,2019-04-30,3469
2019-05-08,0,stress,3.0101967436533827e-103,0.0017834485779673487,0.9982165514220374,2019-04-30,3469
2019-05-09,0,stress,1.3300492985634963e-100,0.0015317504139309055,0.9984682495860582,2019-04-30,3469
2019-05-10,0,stress,6.11785221657453e-99,0.0037722110655656208,0.9962277889344349,2019-04-30,3469
2019-05-13,0,stress,2.776957566857555e-96,0.00010578666079716614,0.9998942133392129,2019-04-30,3469
2019-05-14,0,stress,1.4772576282706232e-96,0.3159669400013184,0.6840330599986773,2019-04-30,3469
2019-05-15,2,transition,2.5191629955527985e-95,0.9693404777350447,0.03065952226494782,2019-04-30,3469
2019-05-16,2,transition,4.360636121256192e-99,0.9995473742084173,0.0004526257915922478,2019-04-30,3469
2019-05-17,2,transition,4.970815219501886e-101,0.999990404395698,9.595604294104272e-06,2019-04-30,3469
2019-05-20,2,transition,9.498788026763126e-105,0.9999920715871397,7.92841285052653e-06,2019-04-30,3469
2019-05-21,2,transition,3.1103118487987978e-108,0.9999979063120497,2.093687956685998e-06,2019-04-30,3469
2019-05-22,2,transition,4.424866154062707e-105,0.9999962720211355,3.727978876680957e-06,2019-04-30,3469
2019-05-23,2,transition,7.515320554556138e-99,0.999800952045276,0.00019904795472312808,2019-04-30,3469
2019-05-24,2,transition,8.42833048057999e-98,0.9999511889625425,4.881103745988829e-05,2019-04-30,3469
2019-05-27,2,transition,2.7096809478534053e-97,0.9994889469904631,0.0005110530095347905,2019-04-30,3469
2019-05-28,2,transition,1.493283426624356e-94,0.9655735313849806,0.03442646861501534,2019-04-30,3469
2019-05-29,2,transition,5.423765320374417e-91,0.9270278536447132,0.07297214635528103,2019-04-30,3469
2019-05-30,2,transition,1.0451475424173595e-87,0.8960006159280154,0.10399938407198801,2019-04-30,3469
2019-05-31,2,transition,9.314539589992139e-75,0.7159770900696454,0.28402290993036805,2019-04-30,3469
2019-06-03,0,risk_on,1.0,0.0,3.1666021525750504e-47,2019-05-31,3492
2019-06-04,1,stress,0.0003235783828713027,1.8142423584098876e-71,0.9996764216171404,2019-05-31,3492
2019-06-05,1,stress,0.0010827292400647677,3.987254744943968e-71,0.9989172707599328,2019-05-31,3492
2019-06-06,1,stress,0.0009758001630193919,1.587508916226043e-73,0.9990241998369701,2019-05-31,3492
2019-06-07,1,stress,1.9101769358970505e-06,8.496995802839585e-72,0.9999980898230715,2019-05-31,3492
2019-06-10,1,stress,5.6650583504943305e-05,3.8572588473118097e-72,0.9999433494164843,2019-05-31,3492
2019-06-11,1,stress,0.3456528405310838,5.583796709498895e-75,0.6543471594689259,2019-05-31,3492
2019-06-12,0,risk_on,0.8849423325020048,4.349833198262338e-73,0.1150576674979939,2019-05-31,3492
2019-06-13,0,risk_on,0.9893760153214632,4.579354693649734e-71,0.01062398467853717,2019-05-31,3492
2019-06-14,0,risk_on,0.9996890621647856,8.550669714394773e-74,0.00031093783521412443,2019-05-31,3492
2019-06-17,0,risk_on,0.9999786344332258,9.950712344315302e-76,2.136556677690818e-05,2019-05-31,3492
2019-06-18,0,risk_on,0.9999428392813735,1.2976299338106098e-75,5.716071862903391e-05,2019-05-31,3492
2019-06-19,0,risk_on,0.999983362711406,7.876239925596594e-68,1.6637288595588247e-05,2019-05-31,3492
2019-06-20,0,risk_on,0.9999423570238556,1.657619547981108e-69,5.764297614063883e-05,2019-05-31,3492
2019-06-21,0,risk_on,0.9999233845830428,5.818707383485207e-68,7.661541695157876e-05,2019-05-31,3492
2019-06-24,0,risk_on,0.9999500806460209,3.7215090384553285e-67,4.9919353972028725e-05,2019-05-31,3492
2019-06-25,0,risk_on,0.9999256501694622,4.815529254174277e-68,7.434983054648943e-05,2019-05-31,3492
2019-06-26,0,risk_on,0.9999631761961739,8.751443161620618e-69,3.682380382378262e-05,2019-05-31,3492
2019-06-27,0,risk_on,0.9998956982143818,3.3066795245356493e-68,0.00010430178560650557,2019-05-31,3492
2019-06-28,0,risk_on,0.99946971469502,2.463501936379734e-66,0.0005302853049760761,2019-05-31,3492
2019-07-01,0,transition,0.0,1.0,2.126955184517495e-210,2019-06-30,3512
2019-07-02,2,risk_on,0.9999174985958483,2.698947340949648e-35,8.250140416022437e-05,2019-06-30,3512
2019-07-03,2,risk_on,0.9999973827010112,1.817884098763981e-42,2.6172989760745474e-06,2019-06-30,3512
2019-07-04,2,risk_on,0.9999990494705712,9.17587927351022e-43,9.505294157922997e-07,2019-06-30,3512
2019-07-05,2,risk_on,0.9999977013315503,5.016029084708732e-41,2.298668435876725e-06,2019-06-30,3512
2019-07-08,2,risk_on,0.9999995876812589,6.6409867481148565e-40,4.123187492961398e-07,2019-06-30,3512
2019-07-09,2,risk_on,0.9999996940968471,1.7851722338827223e-39,3.0590314629825744e-07,2019-06-30,3512
2019-07-10,2,risk_on,0.9999997270860862,7.972467705111188e-39,2.729139006726497e-07,2019-06-30,3512
2019-07-11,2,risk_on,0.9999994009463169,2.7146985199439405e-37,5.990536901793223e-07,2019-06-30,3512
2019-07-12,2,risk_on,0.9999997427203529,2.5835537291709647e-37,2.572796409677867e-07,2019-06-30,3512
2019-07-15,2,risk_on,0.9999996636134652,2.684632642360589e-38,3.363865448677497e-07,2019-06-30,3512
2019-07-16,2,risk_on,0.999999642734913,2.766396737124221e-38,3.5726507952555336e-07,2019-06-30,3512
2019-07-17,2,risk_on,0.9999994973444883,1.692166980944906e-38,5.026555061545549e-07,2019-06-30,3512
2019-07-18,2,risk_on,0.999999687320261,1.4508117286722652e-39,3.126797484732343e-07,2019-06-30,3512
2019-07-19,2,risk_on,0.9999991931051242,1.3690595267513842e-38,8.068948653388964e-07,2019-06-30,3512
2019-07-22,2,risk_on,0.999999592847613,1.1379129242265385e-38,4.0715239120534475e-07,2019-06-30,3512
2019-07-23,2,risk_on,0.999999608561515,7.849589566095135e-39,3.914384774561105e-07,2019-06-30,3512
2019-07-24,2,risk_on,0.9999996629783539,1.3820665413630195e-39,3.3702164887169307e-07,2019-06-30,3512
2019-07-25,2,risk_on,0.9999995270589447,1.0161653050749188e-38,4.729410533149169e-07,2019-06-30,3512
2019-07-26,2,risk_on,0.99999954795486,4.32314395225043e-39,4.5204512812906774e-07,2019-06-30,3512
2019-07-29,2,risk_on,0.9999996397858206,2.4367457177023804e-39,3.6021418765336624e-07,2019-06-30,3512
2019-07-30,2,risk_on,0.9999995939927231,3.69993883538434e-39,4.060072888691408e-07,2019-06-30,3512
2019-07-31,2,risk_on,0.9999198610315013,1.8389314266024738e-36,8.013896851075933e-05,2019-06-30,3512
2019-08-01,2,transition,0.0,1.0,0.0,2019-07-31,3535
2019-08-02,2,transition,6.37121066354135e-143,0.8273816823712701,0.17261831762873728,2019-07-31,3535
2019-08-05,0,stress,3.977080360765289e-63,2.7527520452698705e-10,0.9999999997247073,2019-07-31,3535
2019-08-06,0,stress,5.3065945801555625e-61,2.5163775944805513e-09,0.9999999974835987,2019-07-31,3535
2019-08-07,0,stress,7.68393560382962e-59,0.00020209989798565685,0.9997979001020257,2019-07-31,3535
2019-08-08,0,stress,1.802121660092141e-60,0.0005970737779684071,0.9994029262220111,2019-07-31,3535
2019-08-09,0,stress,3.911519472354203e-61,0.005817660099131592,0.9941823399008528,2019-07-31,3535
2019-08-12,0,stress,8.085045527872897e-61,2.706647681648079e-05,0.9999729335231724,2019-07-31,3535
2019-08-13,0,stress,2.231758951226675e-64,0.0001094125169516793,0.99989058748307,2019-07-31,3535
2019-08-14,0,stress,4.030263005915942e-64,3.991936866077097e-11,0.9999999999600959,2019-07-31,3535
2019-08-15,0,stress,7.540359159692018e-56,1.283483260832882e-07,0.9999998716516612,2019-07-31,3535
2019-08-16,0,stress,1.3213526879632155e-54,1.492120640471247e-07,0.9999998507879124,2019-07-31,3535
2019-08-19,0,stress,6.972617474047733e-58,4.3095882288124285e-06,0.9999956904117862,2019-07-31,3535
2019-08-20,0,stress,5.640359335734132e-56,7.617660251796008e-07,0.9999992382339601,2019-07-31,3535
2019-08-21,0,stress,1.2599305907000569e-59,1.8557706585843925e-06,0.99999814422934,2019-07-31,3535
2019-08-22,0,stress,2.015456810648603e-62,2.9614659095501316e-06,0.9999970385341126,2019-07-31,3535
2019-08-23,0,stress,5.9213497401845306e-61,8.186302567585514e-12,0.9999999999918145,2019-07-31,3535
2019-08-26,0,stress,5.614597130751478e-61,7.049950462652312e-09,0.9999999929500518,2019-07-31,3535
2019-08-27,0,stress,2.601709695604795e-60,1.8046838697514588e-07,0.9999998195315974,2019-07-31,3535
2019-08-28,0,stress,2.695593674434823e-58,5.260674440704608e-08,0.9999999473932362,2019-07-31,3535
2019-08-29,0,stress,2.7815980440517196e-59,1.567444873534223e-08,0.999999984325541,2019-07-31,3535
2019-08-30,0,stress,8.744556502691574e-56,2.0547108278883606e-05,0.9999794528917287,2019-07-31,3535
2019-09-02,0,transition,0.0,1.0,4.595537625211256e-151,2019-08-31,3557
2019-09-03,2,risk_on,0.9555916864434149,3.358765762294126e-46,0.04440831355655982,2019-08-31,3557
2019-09-04,2,risk_on,0.9847699255250825,6.394589835852355e-52,0.015230074474932203,2019-08-31,3557
2019-09-05,2,risk_on,0.9943671714157156,1.618940526475373e-50,0.005632828584298768,2019-08-31,3557
2019-09-06,2,risk_on,0.9994200486800291,8.228784966163361e-51,0.0005799513199932743,2019-08-31,3557
2019-09-09,2,risk_on,0.9997851464844818,5.647846424000777e-49,0.00021485351551510056,2019-08-31,3557
2019-09-10,2,risk_on,0.999830325262162,2.0996913789403086e-46,0.0001696747378185313,2019-08-31,3557
2019-09-11,2,risk_on,0.9999967814129673,1.70013965672048e-46,3.2185870401000964e-06,2019-08-31,3557
2019-09-12,2,risk_on,0.9999985968220425,1.1084962277913862e-45,1.4031779572996309e-06,2019-08-31,3557
2019-09-13,2,risk_on,0.9999821485352031,2.5765516903994383e-42,1.7851464788067167e-05,2019-08-31,3557
2019-09-16,2,risk_on,0.9999983522932826,1.3007547857162468e-42,1.6477067106976592e-06,2019-08-31,3557
2019-09-17,2,risk_on,0.9999991961584944,3.026225767313179e-44,8.03841500849335e-07,2019-08-31,3557
2019-09-18,2,risk_on,0.9999992727742126,8.661283410320475e-45,7.27225770125776e-07,2019-08-31,3557
2019-09-19,2,risk_on,0.9999992063788193,5.929870132550017e-45,7.936211866159779e-07,2019-08-31,3557
2019-09-20,2,risk_on,0.9999991821078927,2.4813997987927144e-47,8.17892095724491e-07,2019-08-31,3557
2019-09-23,2,risk_on,0.9999995845113584,2.0908888188497186e-48,4.1548866940654396e-07,2019-08-31,3557
2019-09-24,2,risk_on,0.9999967683032119,9.326550444640183e-49,3.231696795238349e-06,2019-08-31,3557
2019-09-25,2,risk_on,0.9999958360301385,6.326700274160659e-48,4.163969859539105e-06,2019-08-31,3557
2019-09-26,2,risk_on,0.9999988962735367,2.772720625397655e-48,1.1037264484763547e-06,2019-08-31,3557
2019-09-27,2,risk_on,0.9999971811341706,7.474952878887969e-49,2.8188658450119177e-06,2019-08-31,3557
2019-09-30,2,risk_on,0.9999258761406038,8.014535021610662e-47,7.412385937270621e-05,2019-08-31,3557
2019-10-01,2,transition,0.0,1.0,0.0,2019-09-30,3578
2019-10-02,2,transition,1.3696396532301002e-130,0.752200265021886,0.24779973497810384,2019-09-30,3578
2019-10-03,2,transition,1.4985487766092408e-47,0.7527173174950164,0.24728268250499202,2019-09-30,3578
2019-10-04,2,transition,9.301220391048307e-48,0.9094942844934235,0.09050571550656582,2019-09-30,3578
2019-10-07,2,transition,6.656301475504183e-51,0.9821705504459501,0.01782944955404062,2019-09-30,3578
2019-10-08,2,transition,4.001375656884553e-51,0.9823333229077167,0.017666677092283638,2019-09-30,3578
2019-10-09,2,transition,5.064274204899967e-53,0.989448320689652,0.0105516793103441,2019-09-30,3578
2019-10-10,2,transition,2.8295029008613613e-57,0.9983757577332362,0.0016242422667547833,2019-09-30,3578
2019-10-11,2,transition,6.252893055767895e-61,0.9999035162291895,9.648377080432925e-05,2019-09-30,3578
2019-10-14,2,transition,3.532909936391811e-61,0.9999974176196621,2.5823803512013944e-06,2019-09-30,3578
2019-10-15,2,transition,8.196130005655192e-64,0.99995894755267,4.10524473172344e-05,2019-09-30,3578
2019-10-16,2,transition,9.53607601943291e-62,0.9999846244112117,1.5375588791738544e-05,2019-09-30,3578
2019-10-17,2,transition,6.789956270554758e-63,0.9999958754652105,4.1245347885005055e-06,2019-09-30,3578
2019-10-18,2,transition,4.537392923002658e-62,0.9999955850693681,4.4149306371543175e-06,2019-09-30,3578
2019-10-21,2,transition,1.5472691288207856e-64,0.999994546099864,5.453900125774476e-06,2019-09-30,3578
2019-10-22,2,transition,4.860422986825599e-64,0.999995827671718,4.172328270430679e-06,2019-09-30,3578
2019-10-23,2,transition,2.979991898241386e-63,0.9999979626371391,2.0373628701235334e-06,2019-09-30,3578
2019-10-24,2,transition,1.637833818129206e-62,0.999997374967399,2.625032612275009e-06,2019-09-30,3578
2019-10-25,2,transition,2.138473583492627e-64,0.999994569949357,5.430050638491651e-06,2019-09-30,3578
2019-10-28,2,transition,7.415965603744903e-66,0.999995549793863,4.450206132925242e-06,2019-09-30,3578
2019-10-29,2,transition,1.9679162779168053e-66,0.999998599649146,1.4003508636829825e-06,2019-09-30,3578
2019-10-30,2,transition,4.703640790444935e-63,0.9999991979361856,8.02063815736734e-07,2019-09-30,3578
2019-10-31,2,transition,6.177014379168673e-55,0.9999235078512637,7.649214873736802e-05,2019-09-30,3578
2019-11-01,0,risk_on,1.0,0.0,9.98589898782366e-39,2019-10-31,3601
2019-11-04,0,risk_on,0.9999923178846531,3.6091371746995863e-63,7.682115350916546e-06,2019-10-31,3601
2019-11-05,0,risk_on,0.9999912375504677,9.920956245443423e-63,8.762449526414632e-06,2019-10-31,3601
2019-11-06,0,risk_on,0.9999970690631166,3.841832469079359e-64,2.9309368793306273e-06,2019-10-31,3601
2019-11-07,0,risk_on,0.999984531510006,1.6095439831444644e-64,1.5468489992376733e-05,2019-10-31,3601
2019-11-08,0,risk_on,0.9999973335166766,7.650397198431103e-66,2.666483324321071e-06,2019-10-31,3601
2019-11-11,0,risk_on,0.9999974469755462,4.470322990994267e-66,2.553024458486849e-06,2019-10-31,3601
2019-11-12,0,risk_on,0.9999967539633264,5.818882240736391e-65,3.2460366749208364e-06,2019-10-31,3601
2019-11-13,0,risk_on,0.9999953557688157,1.1782425571552016e-64,4.644231190094184e-06,2019-10-31,3601
2019-11-14,0,risk_on,0.9999924080970563,2.082987583771556e-62,7.591902949780169e-06,2019-10-31,3601
2019-11-15,0,risk_on,0.9999915221744805,2.703150094564919e-63,8.477825519690863e-06,2019-10-31,3601
2019-11-18,0,risk_on,0.9999940036634327,2.6255029284956776e-63,5.996336567813386e-06,2019-10-31,3601
2019-11-19,0,risk_on,0.9999916427508767,7.224514780312189e-64,8.357249117079195e-06,2019-10-31,3601
2019-11-20,0,risk_on,0.9999920658247405,6.225442640081132e-64,7.934175259139335e-06,2019-10-31,3601
2019-11-21,0,risk_on,0.9999942024270839,1.1129471726919777e-64,5.797572921921745e-06,2019-10-31,3601
2019-11-22,0,risk_on,0.9999937972896287,1.9633871935743786e-66,6.202710376268417e-06,2019-10-31,3601
2019-11-25,0,risk_on,0.9999898240459028,1.0845578135952898e-65,1.0175954100300798e-05,2019-10-31,3601
2019-11-26,0,risk_on,0.999995373136446,1.0659276712833893e-64,4.626863548962302e-06,2019-10-31,3601
2019-11-27,0,risk_on,0.9999924444800362,6.525888047244261e-66,7.555519964037941e-06,2019-10-31,3601
2019-11-28,0,risk_on,0.9999831008535851,5.634621938781001e-66,1.6899146414516614e-05,2019-10-31,3601
2019-11-29,0,risk_on,0.9995561433455327,1.7139089768526332e-61,0.0004438566544643635,2019-10-31,3601
2019-12-02,2,transition,0.0,1.0,0.0,2019-11-30,3622
2019-12-03,2,transition,4.6327625952144145e-133,0.9999938978178897,6.102182108979241e-06,2019-11-30,3622
2019-12-04,2,transition,1.082100344112299e-63,0.9999971884039686,2.8115960355159824e-06,2019-11-30,3622
2019-12-05,2,transition,4.862984848197916e-65,0.9999996728972429,3.271027508336269e-07,2019-11-30,3622
2019-12-06,2,transition,1.5034481182144305e-66,0.9999996262232701,3.737767257438686e-07,2019-11-30,3622
2019-12-09,2,transition,4.33525544958174e-68,0.9999987977339921,1.2022660075170649e-06,2019-11-30,3622
2019-12-10,2,transition,4.9037114246961255e-70,0.9999979356252161,2.0643747787882458e-06,2019-11-30,3622
2019-12-11,2,transition,2.2441010234544797e-67,0.9999992945690438,7.054309584985091e-07,2019-11-30,3622
2019-12-12,2,transition,1.1934515341881931e-68,0.9999967509382859,3.249061709345541e-06,2019-11-30,3622
2019-12-13,2,transition,4.301395595680757e-65,0.9999998954272141,1.0457278976372952e-07,2019-11-30,3622
2019-12-16,2,transition,3.006035984822658e-66,0.9999998845549878,1.1544501727280964e-07,2019-11-30,3622
2019-12-17,2,transition,6.346661162249343e-66,0.9999999149828832,8.501712260902797e-08,2019-11-30,3622
2019-12-18,2,transition,2.622802650388598e-66,0.9999998910672817,1.0893271629568001e-07,2019-11-30,3622
2019-12-19,2,transition,4.0951751653221207e-66,0.9999999533641539,4.6635851519952714e-08,2019-11-30,3622
2019-12-20,2,transition,1.2839666231571046e-66,0.9999999315774227,6.842258034733477e-08,2019-11-30,3622
2019-12-23,2,transition,1.323632897516815e-67,0.9999999569762119,4.3023784732210715e-08,2019-11-30,3622
2019-12-24,2,transition,8.677914166038704e-67,0.9999999515736574,4.8426345183714015e-08,2019-11-30,3622
2019-12-25,2,transition,1.3674029605479863e-66,0.9999999553391642,4.466082965073441e-08,2019-11-30,3622
2019-12-26,2,transition,1.8644261893202282e-67,0.9999999455832566,5.441674559153779e-08,2019-11-30,3622
2019-12-27,2,transition,8.533314043944528e-65,0.9999999408986913,5.910130502284774e-08,2019-11-30,3622
2019-12-30,2,transition,3.2332865102214616e-64,0.999999700001967,2.999980347778833e-07,2019-11-30,3622
2019-12-31,2,transition,1.1161230902825802e-55,0.999991486666688,8.513333308840624e-06,2019-11-30,3622
2020-01-01,2,transition,0.0,1.0,0.0,2019-12-31,3644
2020-01-02,2,transition,1.4620389250452262e-121,0.999999864312651,1.3568735505396498e-07,2019-12-31,3644
2020-01-03,2,transition,2.0824049482021054e-63,0.9999995239902542,4.760097391787482e-07,2019-12-31,3644
2020-01-06,2,transition,5.276585606838458e-64,0.999999848742985,1.5125700846734854e-07,2019-12-31,3644
2020-01-07,2,transition,1.3870365222812217e-63,0.9999999216592133,7.834078087446384e-08,2019-12-31,3644
2020-01-08,2,transition,1.2957218834551083e-65,0.9999997979786093,2.020213892455362e-07,2019-12-31,3644
2020-01-09,2,transition,5.087605899072804e-64,0.9999999298185738,7.018142753965998e-08,2019-12-31,3644
2020-01-10,2,transition,2.6624023193815352e-64,0.9999999323817003,6.76183013406985e-08,2019-12-31,3644
2020-01-13,2,transition,2.1093886319905883e-64,0.9999999208109105,7.91890934795626e-08,2019-12-31,3644
2020-01-14,2,transition,2.7422507266105308e-64,0.9999999162378579,8.376214136328664e-08,2019-12-31,3644
2020-01-15,2,transition,5.9350227683645786e-64,0.9999999512926377,4.870736914772365e-08,2019-12-31,3644
2020-01-16,2,transition,6.889195818179017e-64,0.9999999124487896,8.755121547867805e-08,2019-12-31,3644
2020-01-17,2,transition,2.7294844323980313e-63,0.9999999211805206,7.88194755276304e-08,2019-12-31,3644
2020-01-20,2,transition,4.297019938653741e-63,0.9999999593902381,4.060976862439026e-08,2019-12-31,3644
2020-01-21,2,transition,1.052777271405251e-63,0.999999884814947,1.1518505901759748e-07,2019-12-31,3644
2020-01-22,2,transition,3.588205131160228e-63,0.9999999492926164,5.070738085906909e-08,2019-12-31,3644
2020-01-23,2,transition,2.42658368483815e-61,0.9999999421927174,5.780728674113231e-08,2019-12-31,3644
2020-01-24,2,transition,1.6008621108856048e-60,0.9999949240018474,5.075998152075282e-06,2019-12-31,3644
2020-01-27,2,transition,4.117109178980146e-65,0.9975226505878861,0.0024773494121105256,2019-12-31,3644
2020-01-28,2,transition,1.5617468399852666e-58,0.9991152666063663,0.0008847333936352378,2019-12-31,3644
2020-01-29,2,transition,4.357368389772928e-56,0.9996546665732313,0.0003453334267650678,2019-12-31,3644
2020-01-30,2,transition,2.8587333502291716e-53,0.9975493683419026,0.0024506316580964436,2019-12-31,3644
2020-01-31,2,transition,1.8221626576623502e-54,0.6162495529410886,0.3837504470589118,2019-12-31,3644
2020-02-03,2,transition,0.0,1.0,0.0,2020-01-31,3667
2020-02-04,2,transition,4.220806429259417e-130,0.9997527106442929,0.0002472893557068719,2020-01-31,3667
2020-02-05,2,transition,4.987442974667212e-58,0.999980091344123,1.9908655876927364e-05,2020-01-31,3667
2020-02-06,2,transition,1.1955337787940526e-57,0.9999946027454447,5.397254565097632e-06,2020-01-31,3667
2020-02-07,2,transition,1.4642785910540614e-57,0.9995217079250379,0.0004782920749595394,2020-01-31,3667
2020-02-10,2,transition,4.132439021287456e-55,0.9999292071029733,7.079289703397044e-05,2020-01-31,3667
2020-02-11,2,transition,1.3541251539195492e-58,0.9999956447732555,4.355226745501115e-06,2020-01-31,3667
2020-02-12,2,transition,5.1891291737670875e-58,0.999998731282867,1.2687171301731567e-06,2020-01-31,3667
2020-02-13,2,transition,8.735989909644819e-60,0.9999990753441649,9.246558364211546e-07,2020-01-31,3667
2020-02-14,2,transition,1.3363206073475134e-58,0.9999990103992282,9.896007766149333e-07,2020-01-31,3667
2020-02-17,2,transition,4.131362103999121e-58,0.9999991102202139,8.897797756385429e-07,2020-01-31,3667
2020-02-18,2,transition,1.1702823608772923e-58,0.9999985193364742,1.4806635366831712e-06,2020-01-31,3667
2020-02-19,2,transition,4.803964274079977e-56,0.9999818998176568,1.810018234724412e-05,2020-01-31,3667
2020-02-20,2,transition,7.333583698397684e-55,0.9971288880561332,0.0028711119438756486,2020-01-31,3667
2020-02-21,2,transition,2.3767132400205808e-54,0.8000217567420305,0.19997824325796837,2020-01-31,3667
2020-02-24,1,stress,3.906303500386081e-72,1.4708442518769038e-13,0.9999999999998579,2020-01-31,3667
2020-02-25,1,stress,7.348725202163465e-77,7.228543123090071e-21,1.0,2020-01-31,3667
2020-02-26,1,stress,7.246030887350434e-69,1.6526347650088048e-21,1.0,2020-01-31,3667
2020-02-27,1,stress,3.4350539294976066e-91,6.7766596209486775e-43,1.0,2020-01-31,3667
2020-02-28,1,stress,7.584350376543907e-72,2.208281227257145e-43,1.0,2020-01-31,3667
2020-03-02,0,risk_on,0.9962864653183927,0.0,0.003713534681611702,2020-02-29,3687
2020-03-03,1,stress,4.820898207476668e-44,2.3156540491231322e-17,1.0,2020-02-29,3687
2020-03-04,1,stress,1.0996616183996417e-55,2.7002846347005984e-16,1.0,2020-02-29,3687
2020-03-05,1,stress,4.111392373596298e-64,1.4783168200787323e-10,0.9999999998522071,2020-02-29,3687
2020-03-06,1,stress,2.0311283067486605e-63,0.0003190895948697834,0.9996809104051553,2020-02-29,3687
2020-03-09,2,transition,6.417937120091258e-146,0.9999837406137105,1.6259386287549614e-05,2020-02-29,3687
2020-03-10,2,transition,3.5516362998369564e-138,0.9999999999145075,8.547937750332508e-11,2020-02-29,3687
2020-03-11,2,transition,3.7556357472730975e-151,1.0,3.214238112835441e-17,2020-02-29,3687
2020-03-12,2,transition,0.0,1.0,1.7213434673209503e-45,2020-02-29,3687
2020-03-13,2,transition,0.0,1.0,1.3017393084084652e-34,2020-02-29,3687
2020-03-16,2,transition,0.0,1.0,6.452104097389789e-67,2020-02-29,3687
2020-03-17,2,transition,0.0,1.0,1.3667121692182929e-61,2020-02-29,3687
2020-03-18,2,transition,0.0,1.0,1.8439282047317364e-60,2020-02-29,3687
2020-03-19,2,transition,0.0,1.0,1.4143481536467615e-53,2020-02-29,3687
2020-03-20,2,transition,0.0,1.0,3.1954454623693137e-41,2020-02-29,3687
2020-03-23,2,transition,1.0368766599539136e-278,1.0,3.5752148208861652e-37,2020-02-29,3687
2020-03-24,2,transition,0.0,1.0,7.176165375984034e-50,2020-02-29,3687
2020-03-25,2,transition,4.075942e-317,1.0,1.7214330809761463e-48,2020-02-29,3687
2020-03-26,2,transition,0.0,1.0,2.368899669379538e-53,2020-02-29,3687
2020-03-27,2,transition,0.0,1.0,3.1802701670261715e-60,2020-02-29,3687
2020-03-30,2,transition,0.0,1.0,8.752608274715683e-54,2020-02-29,3687
2020-03-31,2,transition,1.6551922782212907e-259,1.0,1.0856205850646484e-32,2020-02-29,3687
2020-04-01,2,transition,0.0,1.0,0.0,2020-03-31,3709
2020-04-02,0,stress,1.3764417401582072e-183,3.1654812858041565e-180,1.0,2020-03-31,3709
2020-04-03,0,stress,4.267657438672302e-114,6.000537112357361e-167,1.0,2020-03-31,3709
2020-04-06,0,stress,1.2008398597268358e-123,1.3960448474406975e-180,1.0,2020-03-31,3709
2020-04-07,0,stress,2.2349683759132614e-102,6.048874882135084e-150,1.0,2020-03-31,3709
2020-04-08,0,stress,3.690960946064961e-100,1.5543500423403325e-140,1.0,2020-03-31,3709
2020-04-09,0,stress,2.9144530394064913e-83,2.0143930883329325e-119,1.0,2020-03-31,3709
2020-04-10,0,stress,3.0804793823798215e-72,1.9609816023644496e-114,1.0,2020-03-31,3709
2020-04-13,0,stress,1.6176108322726513e-43,6.247765800806235e-80,1.0,2020-03-31,3709
2020-04-14,0,stress,3.183005823792382e-41,4.81495452656115e-70,1.0,2020-03-31,3709
2020-04-15,0,stress,6.087146442283616e-37,2.0240782067853722e-75,1.0,2020-03-31,3709
2020-04-16,0,stress,3.4752480851655956e-35,5.015458925829911e-69,1.0,2020-03-31,3709
2020-04-17,0,stress,2.4908163202672644e-32,1.1526743555726526e-62,1.0,2020-03-31,3709
2020-04-20,0,stress,5.5921517689773335e-31,3.004746281004922e-82,1.0,2020-03-31,3709
2020-04-21,0,stress,4.2516823095414446e-26,2.763060518805623e-88,1.0,2020-03-31,3709
2020-04-22,0,stress,8.380366502415242e-24,5.69791952216503e-73,1.0,2020-03-31,3709
2020-04-23,0,stress,3.0990480176775862e-18,2.6209222773111533e-64,1.0,2020-03-31,3709
2020-04-24,0,stress,1.9525198764114893e-17,4.530111289183559e-45,1.0,2020-03-31,3709
2020-04-27,0,stress,1.0843718476538783e-15,1.5285011685446815e-35,1.0,2020-03-31,3709
2020-04-28,0,stress,2.6161369154094206e-16,3.764145514473693e-38,1.0,2020-03-31,3709
2020-04-29,0,stress,1.2148385251348901e-14,7.078135765990828e-33,1.0,2020-03-31,3709
2020-04-30,0,stress,1.1021409283943229e-11,1.6778508471382209e-37,0.9999999999889724,2020-03-31,3709
2020-05-01,2,transition,0.0,1.0,0.0,2020-04-30,3731
2020-05-04,0,stress,8.602693637370372e-84,3.5216429505053474e-39,1.0,2020-04-30,3731
2020-05-05,0,stress,2.256878933289868e-09,1.4499470947563183e-34,0.9999999977431457,2020-04-30,3731
2020-05-06,0,stress,3.7481249319775245e-09,3.821534632294006e-36,0.9999999962518586,2020-04-30,3731
2020-05-07,0,stress,9.80086466794223e-09,2.4058716016456186e-28,0.9999999901991146,2020-04-30,3731
2020-05-08,0,stress,1.059630027384806e-08,1.5874409914220454e-20,0.9999999894037047,2020-04-30,3731
2020-05-11,0,stress,4.772467246499568e-08,7.377198800688156e-18,0.9999999522753467,2020-04-30,3731
2020-05-12,0,stress,2.3382905284436186e-09,1.0018011591362659e-33,0.9999999976616891,2020-04-30,3731
2020-05-13,0,stress,1.6890297835800445e-09,3.221440077481449e-41,0.9999999983109547,2020-04-30,3731
2020-05-14,0,stress,1.34591598269706e-08,3.11892544048557e-32,0.9999999865408428,2020-04-30,3731
2020-05-15,0,stress,1.4807425309705946e-07,3.954017870992534e-29,0.999999851925747,2020-04-30,3731
2020-05-18,0,stress,2.3988647471406884e-10,9.318103763338687e-29,0.9999999997601208,2020-04-30,3731
2020-05-19,0,stress,1.1607236113228223e-07,2.1677328987439893e-26,0.9999998839276213,2020-04-30,3731
2020-05-20,0,stress,4.504262665470875e-09,1.0288533017139957e-24,0.9999999954957275,2020-04-30,3731
2020-05-21,0,stress,3.7223084555031384e-08,2.8429424079277686e-25,0.9999999627769405,2020-04-30,3731
2020-05-22,0,stress,5.127545486205472e-07,3.205912899973601e-20,0.9999994872454359,2020-04-30,3731
2020-05-25,0,stress,7.2137408819041116e-06,1.715795612667315e-17,0.9999927862591411,2020-04-30,3731
2020-05-26,0,stress,1.1679639402423153e-06,6.168691256282034e-20,0.9999988320360558,2020-04-30,3731
2020-05-27,0,stress,1.1843408349478023e-06,1.8144132753643506e-19,0.999998815659145,2020-04-30,3731
2020-05-28,0,stress,1.0727056006674329e-05,8.2374369047939825e-22,0.9999892729440019,2020-04-30,3731
2020-05-29,0,stress,0.00024477180427803416,1.557065185959031e-18,0.9997552281957048,2020-04-30,3731
2020-06-01,0,risk_on,1.0,0.0,7.666560675277784e-101,2020-05-31,3752
2020-06-02,2,transition,5.285454000311393e-22,0.9997568257872925,0.0002431742126852059,2020-05-31,3752
2020-06-03,2,transition,1.9531470245332612e-23,0.9999734937687248,2.65062312902729e-05,2020-05-31,3752
2020-06-04,2,transition,2.568712423340726e-23,0.9999989772719119,1.0227281021500888e-06,2020-05-31,3752
2020-06-05,2,transition,3.0351758696919094e-27,0.9999998672365197,1.327634687031456e-07,2020-05-31,3752
2020-06-08,2,transition,2.779595295365291e-30,0.9999999900031185,9.99686399704006e-09,2020-05-31,3752
2020-06-09,2,transition,1.3058442919197699e-33,0.9999999977974312,2.2025662022118266e-09,2020-05-31,3752
2020-06-10,2,transition,1.5127733199055772e-29,0.9999999794515022,2.0548487646548993e-08,2020-05-31,3752
2020-06-11,2,transition,1.069938119857953e-109,1.0,8.644947423564785e-21,2020-05-31,3752
2020-06-12,2,transition,4.732300127732108e-71,0.9999999999987494,1.2298893525712933e-12,2020-05-31,3752
2020-06-15,2,transition,1.4204760315055857e-60,0.9999999999296847,7.02933497056632e-11,2020-05-31,3752
2020-06-16,2,transition,1.2434439149769776e-57,0.9999999999473062,5.267677258281926e-11,2020-05-31,3752
2020-06-17,2,transition,2.468455254926859e-49,0.9999999997714326,2.2853958998371207e-10,2020-05-31,3752
2020-06-18,2,transition,1.0427735476279458e-53,0.9999999999993747,6.446816034783435e-13,2020-05-31,3752
2020-06-19,2,transition,9.098503723662009e-62,0.9999999999999432,5.136690102655315e-14,2020-05-31,3752
2020-06-22,2,transition,4.1456330064948414e-44,0.9999999998912017,1.0878165011576422e-10,2020-05-31,3752
2020-06-23,2,transition,1.3684962306102121e-40,0.9999999988225454,1.1774391474638543e-09,2020-05-31,3752
2020-06-24,2,transition,4.62806081236462e-53,0.9999999999848797,1.5123663591809872e-11,2020-05-31,3752
2020-06-25,2,transition,6.650464326878604e-46,0.9999999994329869,5.669986913677953e-10,2020-05-31,3752
2020-06-26,2,transition,5.106255684463999e-57,0.9999999999930083,6.981480783396007e-12,2020-05-31,3752
2020-06-29,2,transition,2.7403936866672707e-46,0.9999999962338393,3.766175010963073e-09,2020-05-31,3752
2020-06-30,2,transition,9.83335245485312e-38,0.9999967813129801,3.218687003132886e-06,2020-05-31,3752
2020-07-01,0,risk_on,1.0,0.0,7.293963266486512e-32,2020-06-30,3774
2020-07-02,2,transition,1.4242940524088514e-22,0.9999035932603093,9.640673968703941e-05,2020-06-30,3774
2020-07-03,2,transition,1.0762413764644396e-29,0.9999999010000287,9.899999097821906e-08,2020-06-30,3774
2020-07-06,2,transition,1.8157106486845475e-32,0.9999999987949195,1.2050855026549384e-09,2020-06-30,3774
2020-07-07,2,transition,1.347016841965681e-32,0.999999998529745,1.4702547938090342e-09,2020-06-30,3774
2020-07-08,2,transition,2.2002740204973833e-28,0.9999999890062555,1.0993716726744426e-08,2020-06-30,3774
2020-07-09,2,transition,2.5710431784450403e-32,0.9999999991188702,8.811304761102034e-10,2020-06-30,3774
2020-07-10,2,transition,2.39356509045825e-27,0.9999999946525691,5.3474463462731665e-09,2020-06-30,3774
2020-07-13,2,transition,5.3047919408953183e-45,0.9999999999907914,9.225932740049933e-12,2020-06-30,3774
2020-07-14,2,transition,3.3005702825193685e-38,0.9999999999148486,8.51571247484064e-11,2020-06-30,3774
2020-07-15,2,transition,4.299383464170919e-29,0.9999999975082119,2.491781475415333e-09,2020-06-30,3774
2020-07-16,2,transition,3.705154294214479e-29,0.9999999986827675,1.3172244196300999e-09,2020-06-30,3774
2020-07-17,2,transition,1.3542621897360668e-19,0.9999998616584758,1.383414961049407e-07,2020-06-30,3774
2020-07-20,2,transition,1.0809854706175708e-18,0.999999842696253,1.5730374367786772e-07,2020-06-30,3774
2020-07-21,2,transition,2.00662630702782e-17,0.9999996747890196,3.2521095850644054e-07,2020-06-30,3774
2020-07-22,2,transition,5.369426719660705e-17,0.9999996252463026,3.747536895846681e-07,2020-06-30,3774
2020-07-23,2,transition,1.2037373096809071e-21,0.9999999539870725,4.601294851160824e-08,2020-06-30,3774
2020-07-24,2,transition,3.2456250819428027e-21,0.9999999482868147,5.171317971500397e-08,2020-06-30,3774
2020-07-27,2,transition,3.1606228451295935e-19,0.9999997142632377,2.857367813688658e-07,2020-06-30,3774
2020-07-28,2,transition,7.493049073394286e-20,0.9999995622716645,4.377283105729814e-07,2020-06-30,3774
2020-07-29,2,transition,2.4545007841478056e-18,0.9999982097496736,1.7902503547035853e-06,2020-06-30,3774
2020-07-30,2,transition,5.39310816117408e-18,0.9999957714526476,4.228547354676446e-06,2020-06-30,3774
2020-07-31,2,transition,1.859782645763598e-17,0.9999660812773615,3.391872261764897e-05,2020-06-30,3774
2020-08-03,0,risk_on,1.0,0.0,2.636283452541645e-41,2020-07-31,3797
2020-08-04,2,transition,2.825586868430488e-16,0.9999984748024793,1.525197536884952e-06,2020-07-31,3797
2020-08-05,2,transition,3.2536382448932854e-17,0.9999999954097234,4.590278376595247e-09,2020-07-31,3797
2020-08-06,2,transition,3.900990068161273e-18,0.9999999983068051,1.6931803739036367e-09,2020-07-31,3797
2020-08-07,2,transition,2.2396988735496973e-15,0.9999999954425789,4.5574012810411176e-09,2020-07-31,3797
2020-08-10,2,transition,3.526164893900539e-15,0.9999999941870215,5.812992141515775e-09,2020-07-31,3797
2020-08-11,2,transition,2.506917567319806e-20,0.9999999996679776,3.3202218879788876e-10,2020-07-31,3797
2020-08-12,2,transition,7.527144242853744e-17,0.9999999900102239,9.989759243958996e-09,2020-07-31,3797
2020-08-13,2,transition,2.4522300765949053e-13,0.9999999771860077,2.2813767573428994e-08,2020-07-31,3797
2020-08-14,2,transition,8.496983520779617e-13,0.9999999481938189,5.180535972145725e-08,2020-07-31,3797
2020-08-17,2,transition,3.1275873410398924e-11,0.9999998764881829,1.2348051568952855e-07,2020-07-31,3797
2020-08-18,2,transition,9.683391086447557e-13,0.9999999597246764,4.027436551054191e-08,2020-07-31,3797
2020-08-19,2,transition,1.3920975108486618e-13,0.9999999676255135,3.237437278402037e-08,2020-07-31,3797
2020-08-20,2,transition,4.937708216501122e-16,0.9999999888943877,1.1105623549598262e-08,2020-07-31,3797
2020-08-21,2,transition,2.960394333544497e-16,0.9999999933941695,6.605847114296159e-09,2020-07-31,3797
2020-08-24,2,transition,1.3617207823013994e-17,0.999999996415113,3.5849069325702284e-09,2020-07-31,3797
2020-08-25,2,transition,1.8996707652032118e-16,0.9999999969191435,3.0808315465206377e-09,2020-07-31,3797
2020-08-26,2,transition,7.290671409378407e-25,0.9999999999126885,8.731397804956766e-11,2020-07-31,3797
2020-08-27,2,transition,2.1799945491047185e-29,0.9999999999951115,4.9045016538005844e-12,2020-07-31,3797
2020-08-28,2,transition,2.4908338406363028e-24,0.9999999998954081,1.0457357541657414e-10,2020-07-31,3797
2020-08-31,2,transition,6.0988777302781465e-33,0.9999999994965378,5.034531444196375e-10,2020-07-31,3797
2020-09-01,0,transition,0.0,1.0,0.0,2020-08-31,3818
2020-09-02,1,stress,1.0577428111853919e-15,3.9893780128273216e-23,1.0,2020-08-31,3818
2020-09-03,1,stress,3.826601027459768e-23,2.263915059085987e-28,1.0,2020-08-31,3818
2020-09-04,1,stress,9.553179069198438e-14,1.9503183115538518e-21,0.9999999999998863,2020-08-31,3818
2020-09-07,1,stress,7.009633900897498e-13,1.1933517623330796e-20,0.9999999999993179,2020-08-31,3818
2020-09-08,1,stress,6.23325169270176e-16,5.782536924582633e-19,1.0,2020-08-31,3818
2020-09-09,1,stress,2.312240390792486e-17,9.075261116324443e-18,1.0,2020-08-31,3818
2020-09-10,1,stress,1.0367854518622691e-11,7.443761212489396e-17,0.9999999999896545,2020-08-31,3818
2020-09-11,1,stress,1.2634120613460503e-08,7.714004685761415e-15,0.9999999873658681,2020-08-31,3818
2020-09-14,1,stress,5.925882545775988e-09,7.836280002607302e-15,0.9999999940741304,2020-08-31,3818
2020-09-15,1,stress,2.076433573489345e-08,8.830452538143302e-16,0.9999999792356677,2020-08-31,3818
2020-09-16,1,stress,1.315441174693621e-07,1.1461855419898557e-14,0.9999998684558677,2020-08-31,3818
2020-09-17,1,stress,2.013677117750063e-08,2.1681623319381453e-15,0.9999999798632191,2020-08-31,3818
2020-09-18,1,stress,6.2267220205584e-08,2.176597424168493e-14,0.9999999377327545,2020-08-31,3818
2020-09-21,1,stress,1.6754325266314252e-09,7.059108763108351e-15,0.9999999983245402,2020-08-31,3818
2020-09-22,1,stress,4.204006778140755e-10,8.908736947909549e-15,0.9999999995795861,2020-08-31,3818
2020-09-23,1,stress,5.126454300418815e-13,1.9454220451098998e-15,0.9999999999994884,2020-08-31,3818
2020-09-24,1,stress,7.261906662441546e-11,4.3684700577554325e-15,0.9999999999273541,2020-08-31,3818
2020-09-25,1,stress,4.854055234636397e-10,1.1641865100593885e-14,0.9999999995145572,2020-08-31,3818
2020-09-28,1,stress,4.2714193312947805e-10,3.4126523098710003e-15,0.9999999995728786,2020-08-31,3818
2020-09-29,1,stress,2.5947519498843637e-08,2.705260116159083e-14,0.9999999740524576,2020-08-31,3818
2020-09-30,1,stress,7.820735106952748e-09,1.5207066505576916e-13,0.9999999921790845,2020-08-31,3818
2020-10-01,0,risk_on,1.0,0.0,8.656462335930817e-43,2020-09-30,3840
2020-10-02,2,transition,2.448233133339229e-25,0.9999991950063076,8.049936848697415e-07,2020-09-30,3840
2020-10-05,2,transition,3.138359447044608e-34,0.9999999999011209,9.88840157762689e-11,2020-09-30,3840
2020-10-06,2,transition,5.278709250279943e-37,1.0,2.7877249940051783e-15,2020-09-30,3840
2020-10-07,2,transition,1.5592976238401757e-35,1.0,6.315959317770274e-16,2020-09-30,3840
2020-10-08,2,transition,1.6984741731159473e-26,1.0,5.407708779643088e-15,2020-09-30,3840
2020-10-09,2,transition,1.4708402281112377e-24,1.0,6.172527086340751e-15,2020-09-30,3840
2020-10-12,2,transition,5.811759653570117e-26,1.0,6.050568140583783e-15,2020-09-30,3840
2020-10-13,2,transition,3.9035765611849394e-30,1.0,8.106046908783941e-16,2020-09-30,3840
2020-10-14,2,transition,9.02719536935956e-26,1.0,4.6169778404801764e-15,2020-09-30,3840
2020-10-15,2,transition,1.0669860220705022e-26,1.0,4.368558369389458e-15,2020-09-30,3840
2020-10-16,2,transition,3.439782271664107e-28,1.0,3.703151968568608e-15,2020-09-30,3840
2020-10-19,2,transition,1.4342601091051462e-35,1.0,1.4080442367655757e-15,2020-09-30,3840
2020-10-20,2,transition,3.3350081260111637e-37,1.0,1.2404236538371684e-15,2020-09-30,3840
2020-10-21,2,transition,1.3806433562647627e-34,1.0,6.671656697117553e-16,2020-09-30,3840
2020-10-22,2,transition,1.4065729397344174e-33,1.0,1.1330540278567328e-15,2020-09-30,3840
2020-10-23,2,transition,3.8285082740688046e-31,1.0,2.0408233673725426e-15,2020-09-30,3840
2020-10-26,2,transition,7.19465842525006e-55,1.0,1.3356222874049905e-18,2020-09-30,3840
2020-10-27,2,transition,2.0035245480795864e-59,1.0,6.077599977286072e-19,2020-09-30,3840
2020-10-28,2,transition,2.904813644824136e-104,1.0,1.8560578724066184e-23,2020-09-30,3840
2020-10-29,2,transition,6.664076330404333e-89,1.0,1.3655032272794998e-20,2020-09-30,3840
2020-10-30,2,transition,6.801511914395258e-84,1.0,7.301927701359885e-18,2020-09-30,3840
2020-11-02,2,transition,0.0,1.0,0.0,2020-10-31,3862
2020-11-03,0,stress,4.876307152679489e-41,1.0562736080904668e-56,1.0,2020-10-31,3862
2020-11-04,0,stress,0.34440813087268773,2.2063173527739364e-41,0.6555918691273387,2020-10-31,3862
2020-11-05,1,risk_on,0.9718574137790819,6.892275236631114e-33,0.02814258622094435,2020-10-31,3862
2020-11-06,1,risk_on,0.9922849825247885,1.1600391748053303e-28,0.007715017475194627,2020-10-31,3862
2020-11-09,1,risk_on,0.9992210951619741,2.227268935411765e-33,0.0007789048380223014,2020-10-31,3862
2020-11-10,1,risk_on,0.9999876450842567,7.376951245595893e-28,1.2354915718080257e-05,2020-10-31,3862
2020-11-11,1,risk_on,0.999999887548774,1.8010271755377086e-22,1.1245124907223176e-07,2020-10-31,3862
2020-11-12,1,risk_on,0.9999998879623667,9.79231345587369e-25,1.1203762246732218e-07,2020-10-31,3862
2020-11-13,1,risk_on,0.9999998789186366,8.23642725133996e-21,1.2108137540343e-07,2020-10-31,3862
2020-11-16,1,risk_on,0.9999999181550299,2.682716954869652e-19,8.18449692859862e-08,2020-10-31,3862
2020-11-17,1,risk_on,0.9999998721471652,6.749396741194476e-19,1.2785280935412337e-07,2020-10-31,3862
2020-11-18,1,risk_on,0.9999996815836819,2.868020349450959e-21,3.1841633392484055e-07,2020-10-31,3862
2020-11-19,1,risk_on,0.9999999283336959,1.4914972476802584e-19,7.166629903686074e-08,2020-10-31,3862
2020-11-20,1,risk_on,0.9999998404069416,2.1792765502313788e-20,1.5959307352783577e-07,2020-10-31,3862
2020-11-23,1,risk_on,0.999999823725561,5.498671341601317e-19,1.7627445784655884e-07,2020-10-31,3862
2020-11-24,1,risk_on,0.9999997084926092,3.4471139092081637e-19,2.915073911762082e-07,2020-10-31,3862
2020-11-25,1,risk_on,0.999999986538569,2.25660130334793e-18,1.3461417360858139e-08,2020-10-31,3862
2020-11-26,1,risk_on,0.9999999891401218,4.6960432091084455e-18,1.0859882791084838e-08,2020-10-31,3862
2020-11-27,1,risk_on,0.99999998608007,4.888154077014058e-16,1.3919946469179503e-08,2020-10-31,3862
2020-11-30,1,risk_on,0.9999984372322775,1.576415254310062e-09,1.56119129182039e-06,2020-10-31,3862
2020-12-01,0,transition,0.0,1.0,0.0,2020-11-30,3883
2020-12-02,1,stress,0.003113383052887691,3.843934287149472e-10,0.9968866165627075,2020-11-30,3883
2020-12-03,1,stress,0.00010165689427661401,2.453017561867905e-16,0.9998983431057171,2020-11-30,3883
2020-12-04,1,stress,3.989821126372872e-06,2.3861749931442004e-16,0.9999960101788772,2020-11-30,3883
2020-12-07,1,stress,7.537880190297939e-07,5.886976773520144e-17,0.9999992462119848,2020-11-30,3883
2020-12-08,1,stress,1.1701997599590777e-05,2.5835771140317755e-16,0.9999882980023936,2020-11-30,3883
2020-12-09,1,stress,1.6157996507300296e-06,2.254581811462793e-16,0.999998384200351,2020-11-30,3883
2020-12-10,1,stress,1.1409345355674663e-06,5.854973717308743e-17,0.999998859065468,2020-11-30,3883
2020-12-11,1,stress,2.329040431479041e-07,1.2716376735511876e-17,0.9999997670959702,2020-11-30,3883
2020-12-14,1,stress,7.174168354491221e-09,5.702651741813751e-19,0.9999999928258205,2020-11-30,3883
2020-12-15,1,stress,1.4467623179979415e-08,4.632193505449112e-18,0.9999999855323837,2020-11-30,3883
2020-12-16,1,stress,7.600013656202191e-08,8.911835486777712e-19,0.9999999239998687,2020-11-30,3883
2020-12-17,1,stress,5.969221908257161e-08,8.819178222131453e-19,0.9999999403077897,2020-11-30,3883
2020-12-18,1,stress,1.7528145880668616e-07,1.5708089199510684e-18,0.99999982471853,2020-11-30,3883
2020-12-21,1,stress,3.5683857099664165e-11,3.989262609676064e-21,0.9999999999643023,2020-11-30,3883
2020-12-22,1,stress,8.948670503968978e-10,1.1209406262990016e-20,0.9999999991051425,2020-11-30,3883
2020-12-23,1,stress,6.9918419419865024e-09,5.953134292032592e-20,0.9999999930081458,2020-11-30,3883
2020-12-24,1,stress,2.8201045950459494e-07,1.142182642486906e-18,0.9999997179895501,2020-11-30,3883
2020-12-25,1,stress,3.417346707634425e-07,7.331528268045076e-19,0.9999996582653254,2020-11-30,3883
2020-12-28,1,stress,1.294353763999653e-08,7.256504544973763e-20,0.9999999870564694,2020-11-30,3883
2020-12-29,1,stress,6.731522695323966e-10,2.9436930364557384e-21,0.9999999993268602,2020-11-30,3883
2020-12-30,1,stress,1.2251405988240266e-09,4.750093623296609e-21,0.9999999987748538,2020-11-30,3883
2020-12-31,1,stress,5.0118226210584155e-08,1.857487175742838e-18,0.9999999498817841,2020-11-30,3883
2021-01-01,2,transition,0.0,1.0,0.0,2020-12-31,3906
2021-01-04,0,stress,3.8001073560559216e-74,1.2456687785013845e-27,1.0,2020-12-31,3906
2021-01-05,1,risk_on,0.99625033712471,6.186300791975685e-29,0.0037496628752898675,2020-12-31,3906
2021-01-06,1,risk_on,0.9999709065795,4.03059456713389e-32,2.9093420509658545e-05,2020-12-31,3906
2021-01-07,1,risk_on,0.9999998547195154,8.810935868683219e-26,1.452804783671743e-07,2020-12-31,3906
2021-01-08,1,risk_on,0.9999999607482274,8.212879938711922e-22,3.92517590909979e-08,2020-12-31,3906
2021-01-11,1,risk_on,0.9999993699396437,1.4917447552726777e-30,6.300603454288626e-07,2020-12-31,3906
2021-01-12,1,risk_on,0.9999998825904937,2.441094466028426e-28,1.1740949286252543e-07,2020-12-31,3906
2021-01-13,1,risk_on,0.9999999500414573,2.6775763040357004e-24,4.995854379062523e-08,2020-12-31,3906
2021-01-14,1,risk_on,0.9999998891098077,3.8465671044654683e-25,1.1089018504585253e-07,2020-12-31,3906
2021-01-15,1,risk_on,0.9999998573454252,3.078217149966501e-27,1.426545659600511e-07,2020-12-31,3906
2021-01-18,1,risk_on,0.9999998747831079,4.089487991596649e-28,1.2521688654270617e-07,2020-12-31,3906
2021-01-19,1,risk_on,0.9999998959615707,4.595136046517175e-26,1.0403842180902278e-07,2020-12-31,3906
2021-01-20,1,risk_on,0.9999999172975186,9.065149429824592e-23,8.270247921833141e-08,2020-12-31,3906
2021-01-21,1,risk_on,0.9999999620200135,3.1192965838740066e-21,3.797997744153587e-08,2020-12-31,3906
2021-01-22,1,risk_on,0.9999999466367925,1.7709470428760666e-21,5.336319584891681e-08,2020-12-31,3906
2021-01-25,1,risk_on,0.9999982517004403,3.69765497842135e-23,1.7482995504281283e-06,2020-12-31,3906
2021-01-26,1,risk_on,0.999132500776183,3.428025261034025e-18,0.0008674992238121393,2020-12-31,3906
2021-01-27,0,stress,0.008357168668096342,1.2104715646409564e-73,0.9916428313319031,2020-12-31,3906
2021-01-28,0,stress,0.010721887815756975,7.469421163326354e-40,0.9892781121842475,2020-12-31,3906
2021-01-29,0,stress,0.010006224417739564,4.885950742453176e-47,0.989993775582268,2020-12-31,3906
2021-02-01,0,transition,1.7293484875391553e-262,1.0,0.0,2021-01-31,3927
2021-02-02,1,stress,5.432087796818642e-07,5.782367948528033e-09,0.9999994510088556,2021-01-31,3927
2021-02-03,1,stress,8.782049912415152e-07,1.8724305828881648e-13,0.9999991217948311,2021-01-31,3927
2021-02-04,1,stress,2.229440220133157e-06,4.1652099193660724e-13,0.9999977705593733,2021-01-31,3927
2021-02-05,1,stress,5.4487408626634936e-08,4.3559081881228857e-14,0.9999999455125433,2021-01-31,3927
2021-02-08,1,stress,4.924257979926427e-07,1.5756223197546758e-13,0.9999995075740533,2021-01-31,3927
2021-02-09,1,stress,6.743692145740336e-06,8.789038277892969e-13,0.9999932563069663,2021-01-31,3927
2021-02-10,1,stress,1.0840729492764577e-05,4.811348818001423e-13,0.9999891592700144,2021-01-31,3927
2021-02-11,1,stress,0.0003121674440441706,3.1466904899164758e-12,0.9996878325528161,2021-01-31,3927
2021-02-12,1,stress,0.0012724209412953004,9.184889005095247e-12,0.9987275790495153,2021-01-31,3927
2021-02-15,1,stress,0.0016053118355478214,2.3765732054169926e-11,0.9983946881406971,2021-01-31,3927
2021-02-16,1,stress,0.0003109150472570588,8.961722098511427e-12,0.9996890849437832,2021-01-31,3927
2021-02-17,1,stress,0.0002643073924644805,1.2594116258058602e-11,0.9997356925949429,2021-01-31,3927
2021-02-18,1,stress,9.513423375591323e-05,1.1210527266652632e-11,0.9999048657550307,2021-01-31,3927
2021-02-19,1,stress,8.776264039041059e-05,3.7781926080723947e-11,0.9999122373218372,2021-01-31,3927
2021-02-22,1,stress,1.146137440368928e-05,4.6251786924807123e-11,0.9999885385793448,2021-01-31,3927
2021-02-23,1,stress,2.086001805957151e-05,6.16875773109367e-11,0.9999791399202486,2021-01-31,3927
2021-02-24,1,stress,1.3804649713787977e-05,1.512246824997466e-12,0.9999861953487694,2021-01-31,3927
2021-02-25,1,stress,1.2310404691852533e-15,9.986791789521184e-16,1.0,2021-01-31,3927
2021-02-26,1,stress,5.346869107698137e-08,9.74978772507871e-11,0.9999999464338046,2021-01-31,3927
2021-03-01,0,transition,0.0,1.0,6.110953048245125e-43,2021-02-28,3947
2021-03-02,2,risk_on,0.9994171644644172,4.685922490083113e-18,0.0005828355355805675,2021-02-28,3947
2021-03-03,2,risk_on,0.9999986682201212,3.63843920426126e-33,1.3317798828453996e-06,2021-02-28,3947
2021-03-04,2,risk_on,0.9999999962291213,5.436554709126047e-41,3.770885493946008e-09,2021-02-28,3947
2021-03-05,2,risk_on,0.9999999040533726,2.286853943281413e-28,9.594661344035332e-08,2021-02-28,3947
2021-03-08,2,risk_on,0.9999998191005254,7.972867271544802e-27,1.80899465796906e-07,2021-02-28,3947
2021-03-09,2,risk_on,0.9999998970684825,7.104144385547076e-25,1.0293152843847879e-07,2021-02-28,3947
2021-03-10,2,risk_on,0.9999997693489018,4.954173128339126e-19,2.3065110246939751e-07,2021-02-28,3947
2021-03-11,2,risk_on,0.9999998813961283,3.8608141131412115e-21,1.1860388405838107e-07,2021-02-28,3947
2021-03-12,2,risk_on,0.9999978603784864,1.7979253199036715e-15,2.139621508766547e-06,2021-02-28,3947
2021-03-15,2,risk_on,0.9999915302054212,5.234219055549326e-15,8.469794576681233e-06,2021-02-28,3947
2021-03-16,2,risk_on,0.9999258153570436,1.3182475257100695e-12,7.418464163363616e-05,2021-02-28,3947
2021-03-17,2,risk_on,0.9997650981070053,3.330566140994355e-11,0.00023490185969890943,2021-02-28,3947
2021-03-18,2,risk_on,0.9996125494554292,1.0010880592184627e-16,0.0003874505445637712,2021-02-28,3947
2021-03-19,2,risk_on,0.9992795499039477,3.9901120137041755e-14,0.0007204500960096812,2021-02-28,3947
2021-03-22,2,risk_on,0.9990941634556736,3.1008588802768436e-12,0.0009058365412215602,2021-02-28,3947
2021-03-23,2,risk_on,0.9990500451811467,2.3667151864918153e-14,0.0009499548188242656,2021-02-28,3947
2021-03-24,2,risk_on,0.9990520128175482,6.237704073025527e-16,0.0009479871824392379,2021-02-28,3947
2021-03-25,2,risk_on,0.9990619083151034,9.209226089605763e-13,0.0009380916839777523,2021-02-28,3947
2021-03-26,2,risk_on,0.9990751978397104,6.088611692926844e-13,0.0009248021596944997,2021-02-28,3947
2021-03-29,2,risk_on,0.9991344104351669,2.110604082192038e-14,0.0008655895647999587,2021-02-28,3947
2021-03-30,2,risk_on,0.9990766162965763,2.4383092302862434e-12,0.0009233837009961371,2021-02-28,3947
2021-03-31,2,risk_on,0.998912720619648,7.944051750783493e-11,0.0010872793009061269,2021-02-28,3947
2021-04-01,1,transition,2.881054945279428e-234,1.0,0.0,2021-03-31,3970
2021-04-02,2,risk_on,0.9967993138365457,5.7579097077991994e-06,0.0031949282537523387,2021-03-31,3970
2021-04-05,2,risk_on,0.9968304121307037,3.7044577082383185e-10,0.00316958749885943,2021-03-31,3970
2021-04-06,2,risk_on,0.9973186163849925,1.3876977041522007e-10,0.0026813834762356393,2021-03-31,3970
2021-04-07,2,risk_on,0.9991889068286876,6.00657547189655e-11,0.0008110931112538511,2021-03-31,3970
2021-04-08,2,risk_on,0.9997909026407859,3.8666874047463707e-11,0.00020909732055924093,2021-03-31,3970
2021-04-09,2,risk_on,0.9999109273092788,3.439501247461237e-11,8.907265632811267e-05,2021-03-31,3970
2021-04-12,2,risk_on,0.999981146474804,4.2451116815871765e-11,1.885348275750243e-05,2021-03-31,3970
2021-04-13,2,risk_on,0.9999738057674357,3.2149382140881646e-11,2.6194200412603275e-05,2021-03-31,3970
2021-04-14,2,risk_on,0.999955446371302,4.8066525717810035e-11,4.455358062262433e-05,2021-03-31,3970
2021-04-15,2,risk_on,0.9998137652264754,1.84591297453236e-11,0.0001862347550565997,2021-03-31,3970
2021-04-16,2,risk_on,0.9999638725012064,4.875843926019929e-12,3.612749392841145e-05,2021-03-31,3970
2021-04-19,2,risk_on,0.9999490589550845,1.4332122562248058e-11,5.0941030573077834e-05,2021-03-31,3970
2021-04-20,2,risk_on,0.9999213162100881,1.6384580272536014e-11,7.868377354095821e-05,2021-03-31,3970
2021-04-21,2,risk_on,0.999891784159306,5.717415765757984e-12,0.00010821583496603656,2021-03-31,3970
2021-04-22,2,risk_on,0.9998794242208897,4.0861101673407075e-11,0.00012057573825614285,2021-03-31,3970
2021-04-23,2,risk_on,0.9998804064808904,1.763378021625109e-11,0.00011959350148451005,2021-03-31,3970
2021-04-26,2,risk_on,0.9999641635989253,3.8591932778319785e-12,3.5836397206806584e-05,2021-03-31,3970
2021-04-27,2,risk_on,0.9999423875323192,5.190249439092846e-12,5.761246248551495e-05,2021-03-31,3970
2021-04-28,2,risk_on,0.999943824378981,6.403797115698761e-12,5.6175614610710826e-05,2021-03-31,3970
2021-04-29,2,risk_on,0.9993879640800927,3.692719068002146e-12,0.0006120359162188257,2021-03-31,3970
2021-04-30,2,risk_on,0.9979013296210015,2.340712941539644e-09,0.0020986680382899356,2021-03-31,3970
2021-05-03,2,transition,0.0,1.0,0.0,2021-04-30,3992
2021-05-04,0,stress,1.2344144789350663e-49,2.250069751681441e-09,0.9999999977499385,2021-04-30,3992
2021-05-05,1,risk_on,0.9989921966583454,3.0798834257508233e-15,0.0010078033416576467,2021-04-30,3992
2021-05-06,1,risk_on,0.9999984158060088,3.2622803089276934e-17,1.5841940009188656e-06,2021-04-30,3992
2021-05-07,1,risk_on,0.9999999267444961,1.8424700717295315e-15,7.3255510450575e-08,2021-04-30,3992
2021-05-10,1,risk_on,0.9999999181561667,1.8939945615246507e-18,8.184382075531796e-08,2021-04-30,3992
2021-05-11,1,risk_on,0.9999998751509416,4.828697739176571e-19,1.2484904737017195e-07,2021-04-30,3992
2021-05-12,1,risk_on,0.999964665079783,1.0953671943892714e-29,3.5334920215363366e-05,2021-04-30,3992
2021-05-13,1,risk_on,0.9999985672252795,5.439159682303753e-23,1.4327747166836192e-06,2021-04-30,3992
2021-05-14,1,risk_on,0.9999991814333324,5.391350682861592e-18,8.185666808662487e-07,2021-04-30,3992
2021-05-17,1,risk_on,0.999999952805781,1.6990421512007815e-17,4.719421069220929e-08,2021-04-30,3992
2021-05-18,1,risk_on,0.9999999455866956,2.5421792610342484e-19,5.441330078481002e-08,2021-04-30,3992
2021-05-19,1,risk_on,0.9999999207206289,1.6995987255812694e-21,7.927937409673522e-08,2021-04-30,3992
2021-05-20,1,risk_on,0.9999998769863017,6.011223289172091e-20,1.230137027923648e-07,2021-04-30,3992
2021-05-21,1,risk_on,0.9999999716533243,5.709112833706907e-18,2.834666199054391e-08,2021-04-30,3992
2021-05-24,1,risk_on,0.9999999335339305,1.8270244178150388e-16,6.646606481182487e-08,2021-04-30,3992
2021-05-25,1,risk_on,0.9999999562248273,1.1776442970256981e-16,4.377516481113866e-08,2021-04-30,3992
2021-05-26,1,risk_on,0.9999999429169878,5.9007725758996795e-15,5.7083000976380783e-08,2021-04-30,3992
2021-05-27,1,risk_on,0.9999999301894344,5.81030133057714e-14,6.981049495262184e-08,2021-04-30,3992
2021-05-28,1,risk_on,0.9999999246581439,4.4782370150520406e-11,7.529707055704206e-08,2021-04-30,3992
2021-05-31,1,risk_on,0.9999925746342617,2.68760873316597e-07,7.156604865523128e-06,2021-04-30,3992
2021-06-01,0,transition,0.0,1.0,6.291267978683689e-90,2021-05-31,4013
2021-06-02,2,risk_on,0.9845283949687047,0.0013658758125369114,0.014105729218758164,2021-05-31,4013
2021-06-03,2,risk_on,0.9975571802833687,2.7504830652122026e-07,0.00244254466832878,2021-05-31,4013
2021-06-04,2,risk_on,0.9996133847058493,3.1892837203764956e-08,0.00038658340132725276,2021-05-31,4013
2021-06-07,2,risk_on,0.9999183377560082,1.6116204674561389e-07,8.150108193240898e-05,2021-05-31,4013
2021-06-08,2,risk_on,0.9999900380913361,2.54642794708905e-08,9.936444392031496e-06,2021-05-31,4013
2021-06-09,2,risk_on,0.9999996463139439,1.5006483856633485e-10,3.535359796948009e-07,2021-05-31,4013
2021-06-10,2,risk_on,0.9999998767842802,4.628230462560287e-09,1.1858749028884972e-07,2021-05-31,4013
2021-06-11,2,risk_on,0.999999879184607,9.730951724682675e-09,1.110844361434127e-07,2021-05-31,4013
2021-06-14,2,risk_on,0.9999999381877008,5.597521678613787e-10,6.125256036387893e-08,2021-05-31,4013
2021-06-15,2,risk_on,0.9999999700484925,3.2302464530499246e-11,2.991920016312534e-08,2021-05-31,4013
2021-06-16,2,risk_on,0.9999999888963204,9.601162126003236e-14,1.110358647134387e-08,2021-05-31,4013
2021-06-17,2,risk_on,0.9999999837476424,4.87249197457891e-13,1.6251877784070562e-08,2021-05-31,4013
2021-06-18,2,risk_on,0.9999999773810944,8.864115394070111e-17,2.2618918550707466e-08,2021-05-31,4013
2021-06-21,2,risk_on,0.9999999524793293,1.350887376912502e-13,4.7520544553750065e-08,2021-05-31,4013
2021-06-22,2,risk_on,0.9999999049944438,1.4372770375919865e-09,9.356828429259818e-08,2021-05-31,4013
2021-06-23,2,risk_on,0.9999998828059586,9.143772340831138e-09,1.0805025564735773e-07,2021-05-31,4013
2021-06-24,2,risk_on,0.9999998712982089,1.2858152613806117e-08,1.1584363263296053e-07,2021-05-31,4013
2021-06-25,2,risk_on,0.9999999291389398,2.2533368694536984e-09,6.860772063657781e-08,2021-05-31,4013
2021-06-28,2,risk_on,0.9999998641517983,2.2055362109012446e-08,1.1379284407086874e-07,2021-05-31,4013
2021-06-29,2,risk_on,0.9999993158604421,1.226828908406013e-07,5.614566794053569e-07,2021-05-31,4013
2021-06-30,2,risk_on,0.9999575135417029,2.409019099620589e-05,1.839626731359403e-05,2021-05-31,4013
2021-07-01,0,transition,0.0,1.0,8.963438933920965e-64,2021-06-30,4035
2021-07-02,2,risk_on,0.9917779853606257,0.007443325576700968,0.0007786890626793499,2021-06-30,4035
2021-07-05,2,risk_on,0.9997940230058128,0.0001791600360268161,2.681695815603416e-05,2021-06-30,4035
2021-07-06,2,risk_on,0.9999993650047001,1.0230634978035519e-07,5.326889533355646e-07,2021-06-30,4035
2021-07-07,2,risk_on,0.9999999284557956,1.3709733781365132e-08,5.783446850931251e-08,2021-06-30,4035
2021-07-08,2,risk_on,0.9999999659449946,1.0482135049045625e-11,3.404451127851378e-08,2021-06-30,4035
2021-07-09,2,risk_on,0.9999998683458757,8.502784303405667e-09,1.2315132614035924e-07,2021-06-30,4035
2021-07-12,2,risk_on,0.9999996884904109,1.7181454432847183e-07,1.3969504596518193e-07,2021-06-30,4035
2021-07-13,2,risk_on,0.9999999020551561,9.528168402314182e-09,8.841668672729329e-08,2021-06-30,4035
2021-07-14,2,risk_on,0.9999997836744349,8.638864683890619e-08,1.2993691959401132e-07,2021-06-30,4035
2021-07-15,2,risk_on,0.9999998778110143,1.9203169331846393e-08,1.0298582814037343e-07,2021-06-30,4035
2021-07-16,2,risk_on,0.999999943863459,1.9223938566330083e-10,5.5944309353116916e-08,2021-06-30,4035
2021-07-19,2,risk_on,0.9999999421831393,5.963384787440547e-18,5.781685368256542e-08,2021-06-30,4035
2021-07-20,2,risk_on,0.9999999463883299,1.821255429958728e-14,5.361165038030103e-08,2021-06-30,4035
2021-07-21,2,risk_on,0.9999998726390881,8.74944002449029e-10,1.2648596113377067e-07,2021-06-30,4035
2021-07-22,2,risk_on,0.9999998253541246,2.3486463804858708e-08,1.5115940726481691e-07,2021-06-30,4035
2021-07-23,2,risk_on,0.9999998970661235,5.074868497896078e-09,9.785900225116013e-08,2021-06-30,4035
2021-07-26,2,risk_on,0.9999999705279099,1.2337281669435307e-11,2.9459765897616218e-08,2021-06-30,4035
2021-07-27,2,risk_on,0.9999999443699907,1.0964478660870807e-11,5.561903228175347e-08,2021-06-30,4035
2021-07-28,2,risk_on,0.9999998245944409,5.573635776465079e-09,1.6983193653559284e-07,2021-06-30,4035
2021-07-29,2,risk_on,0.999998322568203,3.5959326329973354e-08,1.6414724827918407e-06,2021-06-30,4035
2021-07-30,2,risk_on,0.9999507272896355,6.629904332706394e-06,4.264280603273326e-05,2021-06-30,4035
2021-08-02,0,transition,1.250993775381818e-227,1.0,0.0,2021-07-31,4057
2021-08-03,2,risk_on,0.999324527610186,8.145608705705624e-10,0.0006754715752666799,2021-07-31,4057
2021-08-04,2,risk_on,0.9999815810180445,9.814364837285463e-15,1.841898195950335e-05,2021-07-31,4057
2021-08-05,2,risk_on,0.9999953141907346,1.0331839485687807e-14,4.685809245259919e-06,2021-07-31,4057
2021-08-06,2,risk_on,0.9999956030253008,1.060152774032135e-14,4.396974699270932e-06,2021-07-31,4057
2021-08-09,2,risk_on,0.9999977548425157,1.0009058498721517e-14,2.2451574748678617e-06,2021-07-31,4057
2021-08-10,2,risk_on,0.9999985267688823,1.5281611060668313e-14,1.4732311125458474e-06,2021-07-31,4057
2021-08-11,2,risk_on,0.9999987658225904,1.1382631400645398e-14,1.2341774054390719e-06,2021-07-31,4057
2021-08-12,2,risk_on,0.999999012609213,1.2396932240422182e-14,9.873907640195766e-07,2021-07-31,4057
2021-08-13,2,risk_on,0.9999884801749094,8.474416515361813e-15,1.1519825085899698e-05,2021-07-31,4057
2021-08-16,2,risk_on,0.9992906653915484,7.213065978957322e-16,0.0007093346084535648,2021-07-31,4057
2021-08-17,2,risk_on,0.980528185349162,1.527473902700173e-15,0.019471814650823628,2021-07-31,4057
2021-08-18,2,risk_on,0.9191129552701383,3.299869744467108e-15,0.08088704472987118,2021-07-31,4057
2021-08-19,2,risk_on,0.917168264385584,2.843775267546764e-15,0.0828317356144069,2021-07-31,4057
2021-08-20,2,risk_on,0.9582905861887476,4.210542505679971e-15,0.04170941381123503,2021-07-31,4057
2021-08-23,2,risk_on,0.993695357333255,3.011077010702732e-15,0.00630464266675584,2021-07-31,4057
2021-08-24,2,risk_on,0.9984258164473927,4.798963181747155e-16,0.0015741835526029133,2021-07-31,4057
2021-08-25,2,risk_on,0.998730357150335,7.099370820438007e-16,0.0012696428496666102,2021-07-31,4057
2021-08-26,2,risk_on,0.9986642053437453,2.244251410889012e-15,0.0013357946562537989,2021-07-31,4057
2021-08-27,2,risk_on,0.999708707618849,1.5217759142498978e-15,0.0002912923811387854,2021-07-31,4057
2021-08-30,2,risk_on,0.9999386522952597,5.117831182907589e-16,6.134770473789411e-05,2021-07-31,4057
2021-08-31,2,risk_on,0.9995710423597802,6.815996591904712e-14,0.00042895764014643195,2021-07-31,4057
2021-09-01,0,transition,0.0,1.0,2.835172559717737e-69,2021-08-31,4079
2021-09-02,2,risk_on,0.9972649797340544,0.0023932465955140247,0.0003417736704319444,2021-08-31,4079
2021-09-03,2,risk_on,0.999977608565997,1.745542467651475e-05,4.936009335595995e-06,2021-08-31,4079
2021-09-06,2,risk_on,0.9999994786116924,3.879304300180708e-07,1.334578696304002e-07,2021-08-31,4079
2021-09-07,2,risk_on,0.999999975833305,3.8921623558732316e-10,2.3777491497781132e-08,2021-08-31,4079
2021-09-08,2,risk_on,0.9999999564772689,1.74497959693677e-09,4.177776386383329e-08,2021-08-31,4079
2021-09-09,2,risk_on,0.9999999558521618,2.1901547151722574e-10,4.3928812690025275e-08,2021-08-31,4079
2021-09-10,2,risk_on,0.9999999825332112,3.920276851376183e-14,1.7466749705072644e-08,2021-08-31,4079
2021-09-13,2,risk_on,0.9999999550964854,1.680823797249255e-11,4.4886720265791865e-08,2021-08-31,4079
2021-09-14,2,risk_on,0.9999999473667187,3.49449848972697e-11,5.2598350396027546e-08,2021-08-31,4079
2021-09-15,2,risk_on,0.9999999663513682,7.563325852926697e-11,3.357299510006706e-08,2021-08-31,4079
2021-09-16,2,risk_on,0.9999999730658263,1.7138171800610434e-10,2.6762789656294708e-08,2021-08-31,4079
2021-09-17,2,risk_on,0.999999986679967,2.987375784063616e-14,1.331999241319291e-08,2021-08-31,4079
2021-09-20,2,risk_on,0.9999999776952679,4.283988388225701e-24,2.2304745562062362e-08,2021-08-31,4079
2021-09-21,2,risk_on,0.9999999825776059,5.5179189001903995e-21,1.7422402682126774e-08,2021-08-31,4079
2021-09-22,2,risk_on,0.999999928525713,1.3280523155354072e-14,7.147427075651156e-08,2021-08-31,4079
2021-09-23,2,risk_on,0.9999999073902232,1.0348539756171954e-11,9.259943192830174e-08,2021-08-31,4079
2021-09-24,2,risk_on,0.9999998065596475,5.943747430669781e-08,1.3400287046568783e-07,2021-08-31,4079
2021-09-27,2,risk_on,0.9999999566037738,6.043002407363116e-11,4.3335800896957196e-08,2021-08-31,4079
2021-09-28,2,risk_on,0.9999999383384212,6.127379137933567e-19,6.166156825559358e-08,2021-08-31,4079
2021-09-29,2,risk_on,0.9999960262684848,2.862609479778553e-14,3.973731498893724e-06,2021-08-31,4079
2021-09-30,2,risk_on,0.9999257259658357,1.0683555068970252e-12,7.427403309676124e-05,2021-08-31,4079
2021-10-01,2,transition,0.0,1.0,0.0,2021-09-30,4101
2021-10-04,0,stress,4.2182152090747557e-63,5.708729602902089e-08,0.9999999429127103,2021-09-30,4101
2021-10-05,1,risk_on,0.9989617943046889,1.2843222609489207e-13,0.0010382056951861267,2021-09-30,4101
2021-10-06,1,risk_on,0.9999995217493598,2.5977179917535395e-15,4.782506317446186e-07,2021-09-30,4101
2021-10-07,1,risk_on,0.9999999788880276,1.1704734252650534e-15,2.1111970593952844e-08,2021-09-30,4101
2021-10-08,1,risk_on,0.9999999846044433,9.175757204137038e-14,1.5395459172222786e-08,2021-09-30,4101
2021-10-11,1,risk_on,0.9999999692488051,3.3367048086908856e-15,3.075119762040618e-08,2021-09-30,4101
2021-10-12,1,risk_on,0.9999999748480807,4.980869570549044e-14,2.5151873539784655e-08,2021-09-30,4101
2021-10-13,1,risk_on,0.9999999682764701,6.23610704802668e-12,3.1717296764357456e-08,2021-09-30,4101
2021-10-14,1,risk_on,0.9999996248379397,3.4954506467667154e-12,3.7515856236188763e-07,2021-09-30,4101
2021-10-15,1,risk_on,0.9999999005376644,1.766688139916198e-11,9.944467525340787e-08,2021-09-30,4101
2021-10-18,1,risk_on,0.9999999140844588,6.654194580289869e-12,8.59088924550909e-08,2021-09-30,4101
2021-10-19,1,risk_on,0.9999999158840644,6.14703192163784e-13,8.411532795325017e-08,2021-09-30,4101
2021-10-20,1,risk_on,0.9999999262535963,7.221519520125841e-13,7.374568784575024e-08,2021-09-30,4101
2021-10-21,1,risk_on,0.9999998930279674,9.58122437334915e-11,1.0687622628015426e-07,2021-09-30,4101
2021-10-22,1,risk_on,0.9999997818407802,1.6549753985378462e-09,2.165042480953551e-07,2021-09-30,4101
2021-10-25,1,risk_on,0.9999999070709621,1.8022184018287713e-08,7.490686083607258e-08,2021-09-30,4101
2021-10-26,1,risk_on,0.9999997460367391,2.0102342001209166e-07,5.2939836610890065e-08,2021-09-30,4101
2021-10-27,1,risk_on,0.9999957047514147,3.671504300031318e-06,6.237442891055501e-07,2021-09-30,4101
2021-10-28,1,risk_on,0.9999852153483159,1.4361592223121907e-05,4.230594590888517e-07,2021-09-30,4101
2021-10-29,1,risk_on,0.9997290256420585,0.0002471355134165476,2.383884451870494e-05,2021-09-30,4101
2021-11-01,0,transition,0.0,1.0,7.853192052644478e-70,2021-10-31,4122
2021-11-02,2,risk_on,0.9097915520805189,0.08685754757423954,0.003350900345244981,2021-10-31,4122
2021-11-03,2,risk_on,0.9962324763089756,0.0032909295038021764,0.0004765941872309047,2021-10-31,4122
2021-11-04,2,risk_on,0.9998241713961837,0.00013880587249159135,3.702273132062869e-05,2021-10-31,4122
2021-11-05,2,risk_on,0.9999975817712787,3.935858352256667e-07,2.024642891812442e-06,2021-10-31,4122
2021-11-08,2,risk_on,0.9999997349905878,1.5888111773972318e-09,2.6342060702587113e-07,2021-10-31,4122
2021-11-09,2,risk_on,0.9999995041359376,2.9917869107502158e-09,4.928722662936706e-07,2021-10-31,4122
2021-11-10,2,risk_on,0.9999985308764385,5.209176983522051e-10,1.4686026434427735e-06,2021-10-31,4122
2021-11-11,2,risk_on,0.9999956592994428,5.950503224282816e-08,4.281195511948762e-06,2021-10-31,4122
2021-11-12,2,risk_on,0.9999902422432578,2.4773444671872576e-07,9.510022303811549e-06,2021-10-31,4122
2021-11-15,2,risk_on,0.9999653063176013,8.133862102375559e-07,3.3880296186762095e-05,2021-10-31,4122
2021-11-16,2,risk_on,0.9998030798594272,1.7626172249147343e-06,0.00019515752333976524,2021-10-31,4122
2021-11-17,2,risk_on,0.9986066770053728,1.6104749172905957e-06,0.0013917125197240635,2021-10-31,4122
2021-11-18,2,risk_on,0.9903546909605356,2.135130406344762e-06,0.009643173909059572,2021-10-31,4122
2021-11-19,2,risk_on,0.9033361102489615,4.188816882115105e-05,0.09662200158221484,2021-10-31,4122
2021-11-22,2,risk_on,0.6207563787206283,1.7017220950608883e-06,0.37924191955727976,2021-10-31,4122
2021-11-23,1,stress,0.23114011455636888,1.6195755305355208e-06,0.7688582658680937,2021-10-31,4122
2021-11-24,1,stress,0.039363300954968254,4.606634491089069e-06,0.9606320924105499,2021-10-31,4122
2021-11-25,1,stress,0.008113557151307954,8.274585796533053e-07,0.9918856153901136,2021-10-31,4122
2021-11-26,1,stress,6.259468826905494e-07,1.1013245390742125e-26,0.9999993740531151,2021-10-31,4122
2021-11-29,1,stress,1.4073442243172282e-06,6.791702481034637e-14,0.99999859265571,2021-10-31,4122
2021-11-30,1,stress,2.992047795845319e-07,4.081455474017395e-17,0.9999997007952167,2021-10-31,4122
2021-12-01,2,transition,0.0,1.0,0.0,2021-11-30,4144
2021-12-02,0,stress,2.238618037980423e-48,5.2663300636965945e-05,0.9999473366993723,2021-11-30,4144
2021-12-03,0,stress,6.317206391374853e-13,2.691983209672472e-10,0.9999999997301643,2021-11-30,4144
2021-12-06,0,stress,2.492561050414406e-10,3.821088476791355e-05,0.999961788865984,2021-11-30,4144
2021-12-07,0,stress,2.4887376273330306e-08,0.06702701017008428,0.932972964942532,2021-11-30,4144
2021-12-08,0,stress,1.23997168403788e-07,0.4688809803902837,0.5311188956125485,2021-11-30,4144
2021-12-09,2,transition,4.339491672628078e-09,0.9029870015368591,0.09701299412365003,2021-11-30,4144
2021-12-10,2,transition,3.923749186014693e-09,0.9899785888067248,0.010021407269512178,2021-11-30,4144
2021-12-13,2,transition,4.752652587727202e-11,0.999309093846736,0.0006909061057259456,2021-11-30,4144
2021-12-14,2,transition,3.819733580447746e-13,0.9999792437992076,2.0756200407195825e-05,2021-11-30,4144
2021-12-15,2,transition,2.599603021090642e-15,0.9999978713060419,2.128693969410707e-06,2021-11-30,4144
2021-12-16,2,transition,2.24621789639482e-15,0.9999994788036809,5.211963248397911e-07,2021-11-30,4144
2021-12-17,2,transition,2.0901376356375668e-16,0.9999990778887012,9.221112844770819e-07,2021-11-30,4144
2021-12-20,2,transition,5.459721757986741e-16,0.9999965053253518,3.4946746358850586e-06,2021-11-30,4144
2021-12-21,2,transition,2.877403925024234e-16,0.9999938881931639,6.111806828923848e-06,2021-11-30,4144
2021-12-22,2,transition,1.601663870646509e-16,0.9999990023532777,9.976467267093379e-07,2021-11-30,4144
2021-12-23,2,transition,2.423279942105201e-17,0.9999996220069679,3.779930459875723e-07,2021-11-30,4144
2021-12-24,2,transition,9.81093732328803e-16,0.9999996370980943,3.6290191658017264e-07,2021-11-30,4144
2021-12-27,2,transition,6.313077701981604e-17,0.9999898180779729,1.0181922034427561e-05,2021-11-30,4144
2021-12-28,2,transition,8.487627544681893e-17,0.9999994887015645,5.112984481081541e-07,2021-11-30,4144
2021-12-29,2,transition,4.463759452261714e-18,0.9999997314960828,2.685039188348042e-07,2021-11-30,4144
2021-12-30,2,transition,1.9009036340064243e-16,0.9999998931991797,1.068008132040566e-07,2021-11-30,4144
2021-12-31,2,transition,2.6833433930998367e-12,0.999993875895194,6.124102133994711e-06,2021-11-30,4144
2022-01-03,2,transition,0.0,1.0,0.0,2021-12-31,4167
2022-01-04,2,transition,3.9098470472639225e-50,0.9999999526984322,4.730157737918671e-08,2021-12-31,4167
2022-01-05,2,transition,3.8991082278251415e-21,0.9999946262954327,5.3737045621334705e-06,2021-12-31,4167
2022-01-06,2,transition,1.5453860563201835e-19,0.9999998277247506,1.7227525084310976e-07,2021-12-31,4167
2022-01-07,2,transition,1.1415968538329933e-20,0.9999998512741226,1.4872587151516974e-07,2021-12-31,4167
2022-01-10,2,transition,1.6721434757547168e-21,0.999999824390771,1.7560922727882546e-07,2021-12-31,4167
2022-01-11,2,transition,8.027987366940731e-22,0.9999997322857513,2.6771426265412914e-07,2021-12-31,4167
2022-01-12,2,transition,1.3204677864859317e-20,0.999999961689327,3.8310664057925635e-08,2021-12-31,4167
2022-01-13,2,transition,8.197404435463658e-21,0.9999995603626644,4.396373447434352e-07,2021-12-31,4167
2022-01-14,2,transition,1.334612054062476e-18,0.9999971723589641,2.827641029596662e-06,2021-12-31,4167
2022-01-17,2,transition,6.920014260975689e-16,0.9997444041489132,0.00025559585109625235,2021-12-31,4167
2022-01-18,2,transition,3.394852851613921e-20,0.8617591381176398,0.13824086188234738,2021-12-31,4167
2022-01-19,2,transition,8.963558477339328e-18,0.7835001251889497,0.21649987481105198,2021-12-31,4167
2022-01-20,0,stress,1.3458605897470072e-18,0.31056935151148596,0.6894306484885236,2021-12-31,4167
2022-01-21,0,stress,3.386307154958107e-23,0.0011872259943944252,0.998812774005598,2021-12-31,4167
2022-01-24,0,stress,1.1744178419476738e-23,1.2956001421699594e-08,0.9999999870439923,2021-12-31,4167
2022-01-25,0,stress,4.01858653468449e-25,5.556824815116897e-10,0.9999999994443272,2021-12-31,4167
2022-01-26,0,stress,1.2150159474911615e-29,2.160319052812007e-12,0.99999999999784,2021-12-31,4167
2022-01-27,0,stress,1.1253309858185413e-27,1.6702974765921162e-09,0.999999998329713,2021-12-31,4167
2022-01-28,0,stress,3.8611500275523383e-26,1.0945223574126604e-08,0.9999999890547714,2021-12-31,4167
2022-01-31,0,stress,3.8606897293356336e-20,0.00062218580964089,0.9993778141903653,2021-12-31,4167
2022-02-01,2,transition,0.0,1.0,0.0,2022-01-31,4188
2022-02-02,0,stress,1.8898560252244433e-58,0.026540170651475303,0.9734598293485364,2022-01-31,4188
2022-02-03,0,stress,3.873730063350336e-27,0.009929978882025717,0.9900700211179797,2022-01-31,4188
2022-02-04,2,transition,6.786759249655129e-28,0.9618560285850931,0.038143971414894486,2022-01-31,4188
2022-02-07,2,transition,1.2952734782686864e-29,0.9999217355296116,7.826447038531696e-05,2022-01-31,4188
2022-02-08,2,transition,3.1906584426240754e-33,0.9999997349008037,2.650992022187208e-07,2022-01-31,4188
2022-02-09,2,transition,5.903987502283479e-35,0.9999997237010616,2.7629894574288854e-07,2022-01-31,4188
2022-02-10,2,transition,3.9641900493297415e-46,0.9999540672599898,4.5932740005170436e-05,2022-01-31,4188
2022-02-11,2,transition,4.6332327027195034e-42,0.9999726422030362,2.7357796963884724e-05,2022-01-31,4188
2022-02-14,2,transition,1.0156179483093087e-45,0.9999737671067956,2.6232893203397505e-05,2022-01-31,4188
2022-02-15,2,transition,1.5139766601544047e-45,0.9999909087451334,9.091254857955789e-06,2022-01-31,4188
2022-02-16,2,transition,4.670084760234028e-41,0.9999991153687735,8.846312312499182e-07,2022-01-31,4188
2022-02-17,2,transition,3.040941029512312e-42,0.999759092379821,0.00024090762017965985,2022-01-31,4188
2022-02-18,2,transition,5.443715618920918e-38,0.9987122361737255,0.0012877638262712356,2022-01-31,4188
2022-02-21,2,transition,3.8381554541935746e-37,0.9799896943848619,0.02001030561514427,2022-01-31,4188
2022-02-22,2,transition,3.7554977077801944e-42,0.7760860131916746,0.22391398680832303,2022-01-31,4188
2022-02-23,0,stress,7.096311489874911e-47,0.016481275641980434,0.98351872435801,2022-01-31,4188
2022-02-24,0,stress,3.4320904768907034e-43,0.0003560790993894642,0.9996439209006046,2022-01-31,4188
2022-02-25,0,stress,1.0484174868139577e-39,3.473932177304961e-05,0.9999652606782405,2022-01-31,4188
2022-02-28,0,stress,2.984853939363812e-34,2.8372543336432682e-05,0.9999716274566595,2022-01-31,4188
2022-03-01,2,transition,0.0,1.0,0.0,2022-02-28,4208
2022-03-02,1,stress,1.0420783455687452e-200,8.833690425901343e-24,1.0,2022-02-28,4208
2022-03-03,1,stress,1.349142826416035e-42,7.474844314209879e-19,1.0,2022-02-28,4208
2022-03-04,1,stress,2.28632781952372e-43,4.466141518736055e-19,1.0,2022-02-28,4208
2022-03-07,1,stress,1.3815687713775666e-51,3.3930450854858443e-28,1.0,2022-02-28,4208
2022-03-08,1,stress,2.282504041800584e-49,3.467938655113388e-25,1.0,2022-02-28,4208
2022-03-09,1,stress,9.142949110216439e-54,7.11302459964448e-29,1.0,2022-02-28,4208
2022-03-10,1,stress,4.442498354729348e-50,4.543465356284566e-15,1.0,2022-02-28,4208
2022-03-11,1,stress,1.0058737232785167e-52,8.450174029951778e-16,1.0,2022-02-28,4208
2022-03-14,1,stress,4.761380275174614e-58,7.938298240683822e-21,1.0,2022-02-28,4208
2022-03-15,1,stress,4.627012767793439e-56,5.87723074996002e-22,1.0,2022-02-28,4208
2022-03-16,1,stress,2.396945794577023e-61,1.8916029666928285e-15,1.0,2022-02-28,4208
2022-03-17,1,stress,2.9871070099177152e-58,2.8925658276101413e-13,0.9999999999997158,2022-02-28,4208
2022-03-18,1,stress,1.9477064558205547e-60,4.817104780868323e-15,1.0,2022-02-28,4208
2022-03-21,1,stress,1.3780940488489739e-71,8.642811139419821e-19,1.0,2022-02-28,4208
2022-03-22,1,stress,5.064404569144184e-72,8.933533426827842e-14,0.9999999999998863,2022-02-28,4208
2022-03-23,1,stress,4.093846772300806e-69,7.335985142510143e-11,0.9999999999266151,2022-02-28,4208
2022-03-24,1,stress,1.9088516251710457e-69,8.552630494830586e-09,0.999999991447396,2022-02-28,4208
2022-03-25,1,stress,1.0295281444653176e-78,1.0048094968622285e-07,0.9999998995190303,2022-02-28,4208
2022-03-28,1,stress,6.717664430605229e-83,1.491701198065446e-06,0.9999985082987776,2022-02-28,4208
2022-03-29,1,stress,1.4267083284915622e-87,8.612370860157398e-07,0.9999991387628895,2022-02-28,4208
2022-03-30,1,stress,3.909020458300925e-83,1.2997108792586696e-07,0.9999998700288955,2022-02-28,4208
2022-03-31,1,stress,6.293452671113807e-85,1.937717961944309e-06,0.9999980622820333,2022-02-28,4208
2022-04-01,0,risk_on,1.0,4.327199812984213e-195,0.0,2022-03-31,4231
2022-04-04,1,transition,2.7304802740620214e-05,0.9999726951972472,2.4774783904434918e-14,2022-03-31,4231
2022-04-05,1,transition,5.238409597671443e-14,0.9999999999998863,8.84706673194805e-14,2022-03-31,4231
2022-04-06,1,transition,2.3987843259925617e-14,0.9999999999999432,4.9463593145256906e-15,2022-03-31,4231
2022-04-07,1,transition,2.613093871894239e-13,0.9999999999997158,6.685126734883561e-15,2022-03-31,4231
2022-04-08,1,transition,3.500854076929584e-12,0.9999999999964757,1.7102512474909396e-15,2022-03-31,4231
2022-04-11,1,transition,1.84540453635275e-19,0.9999999999997726,2.432908422993692e-13,2022-03-31,4231
2022-04-12,1,transition,1.1132515916793535e-18,0.9999999999999432,7.710003341990658e-14,2022-03-31,4231
2022-04-13,1,transition,9.285700233402859e-15,0.9999999999998295,1.4349562361299822e-13,2022-03-31,4231
2022-04-14,1,transition,5.647801394719335e-16,0.9999999999987494,1.2560150399098593e-12,2022-03-31,4231
2022-04-15,1,transition,1.0899129675497395e-15,0.9999999999999432,3.0580651377995454e-14,2022-03-31,4231
2022-04-18,1,transition,2.0930599773114662e-14,0.9999999999999432,4.588209914356166e-14,2022-03-31,4231
2022-04-19,1,transition,1.3007729349785997e-15,1.0,1.2432843572315658e-14,2022-03-31,4231
2022-04-20,1,transition,3.937824733485747e-11,0.9999999999606075,1.1471074977089206e-15,2022-03-31,4231
2022-04-21,1,transition,2.8413483734028477e-16,1.0,8.974719706406656e-15,2022-03-31,4231
2022-04-22,1,transition,7.206863174216946e-30,0.9999999999997726,2.517889987596939e-13,2022-03-31,4231
2022-04-25,1,transition,6.940495312880811e-27,0.9999999999999432,3.500878821203966e-14,2022-03-31,4231
2022-04-26,1,transition,5.84668053679897e-48,0.9999999995143298,4.856907597806088e-10,2022-03-31,4231
2022-04-27,1,transition,4.1136593893797647e-44,0.9999999998118483,1.881413736279562e-10,2022-03-31,4231
2022-04-28,1,transition,3.425741780620861e-41,0.9999999999722604,2.7744533297337418e-11,2022-03-31,4231
2022-04-29,1,transition,1.677113046080333e-45,0.9999996226798232,3.773201942382119e-07,2022-03-31,4231
2022-05-02,2,transition,0.0,1.0,0.0,2022-04-30,4252
2022-05-03,0,stress,4.006989555330313e-198,7.394487318748038e-14,0.9999999999999432,2022-04-30,4252
2022-05-04,0,stress,9.946325666818443e-101,2.867155957620769e-18,1.0,2022-04-30,4252
2022-05-05,0,stress,1.101998630042683e-109,5.801701992801706e-26,1.0,2022-04-30,4252
2022-05-06,0,stress,3.6773312522506533e-103,1.9777379043186934e-19,1.0,2022-04-30,4252
2022-05-09,0,stress,3.522825500451592e-97,2.673047976343865e-30,1.0,2022-04-30,4252
2022-05-10,0,stress,1.4772002247906612e-97,9.395447828497429e-26,1.0,2022-04-30,4252
2022-05-11,0,stress,9.573164640877028e-108,6.070472828294337e-31,1.0,2022-04-30,4252
2022-05-12,0,stress,7.384584440903595e-100,9.054606365066934e-25,1.0,2022-04-30,4252
2022-05-13,0,stress,2.7386717444561053e-100,9.17192465234685e-25,1.0,2022-04-30,4252
2022-05-16,0,stress,7.530834795423386e-97,4.92830987449912e-16,1.0,2022-04-30,4252
2022-05-17,0,stress,1.524033478407905e-107,4.0800702521949945e-18,1.0,2022-04-30,4252
2022-05-18,0,stress,2.329520619730212e-112,1.2241680041694199e-31,1.0,2022-04-30,4252
2022-05-19,0,stress,1.2112519099012116e-103,1.4430264442341094e-19,1.0,2022-04-30,4252
2022-05-20,0,stress,1.4523752999019222e-103,5.230357643496811e-21,1.0,2022-04-30,4252
2022-05-23,0,stress,6.575594271175004e-106,4.2197068132352937e-22,1.0,2022-04-30,4252
2022-05-24,0,stress,2.7216450925290615e-95,7.568570388838817e-22,1.0,2022-04-30,4252
2022-05-25,0,stress,2.0018931444141993e-93,1.8303710977295534e-18,1.0,2022-04-30,4252
2022-05-26,0,stress,4.0276515557381166e-91,1.772250469691869e-20,1.0,2022-04-30,4252
2022-05-27,0,stress,1.2088422629755627e-91,3.62309011691338e-22,1.0,2022-04-30,4252
2022-05-30,0,stress,7.379841982721877e-91,1.2772513793090853e-18,1.0,2022-04-30,4252
2022-05-31,0,stress,3.444298741176597e-94,8.623903449330487e-19,1.0,2022-04-30,4252
2022-06-01,2,transition,0.0,1.0,0.0,2022-05-31,4274
2022-06-02,0,stress,3.0310625805806427e-159,2.5499703798499216e-10,0.9999999997450004,2022-05-31,4274
2022-06-03,0,stress,4.3582979819034626e-103,1.4376697101596243e-13,0.9999999999998295,2022-05-31,4274
2022-06-06,0,stress,6.188930900663789e-105,1.2391168694228392e-12,0.9999999999987494,2022-05-31,4274
2022-06-07,0,stress,4.0751725845254774e-106,2.4392652963881335e-11,0.9999999999756142,2022-05-31,4274
2022-06-08,0,stress,1.682091181044857e-109,3.513837540537689e-11,0.9999999999648708,2022-05-31,4274
2022-06-09,0,stress,1.1983470371557066e-116,2.9172719034780024e-17,1.0,2022-05-31,4274
2022-06-10,0,stress,6.633886125640443e-142,2.90001282154508e-23,1.0,2022-05-31,4274
2022-06-13,0,stress,2.97341321426721e-176,1.4168884662421498e-43,1.0,2022-05-31,4274
2022-06-14,0,stress,2.4423869110946652e-177,2.1314821042401081e-41,1.0,2022-05-31,4274
2022-06-15,0,stress,6.86997081134786e-156,1.1023042596949382e-36,1.0,2022-05-31,4274
2022-06-16,0,stress,6.752284749465222e-144,4.0555766894593826e-35,1.0,2022-05-31,4274
2022-06-17,0,stress,1.1787955156187748e-146,6.168389636671267e-27,1.0,2022-05-31,4274
2022-06-20,0,stress,4.71472190533548e-141,8.242821352283278e-22,1.0,2022-05-31,4274
2022-06-21,0,stress,6.114558523826506e-143,1.8863282990107733e-25,1.0,2022-05-31,4274
2022-06-22,0,stress,4.123668335440381e-133,5.226308547141744e-19,1.0,2022-05-31,4274
2022-06-23,0,stress,1.2743286458176922e-126,6.5931262707367665e-22,1.0,2022-05-31,4274
2022-06-24,0,stress,4.292741552069324e-132,3.218063260372844e-26,1.0,2022-05-31,4274
2022-06-27,0,stress,6.230958884951165e-138,1.0120288393887278e-22,1.0,2022-05-31,4274
2022-06-28,0,stress,2.768033495679469e-138,1.8072339181432135e-20,1.0,2022-05-31,4274
2022-06-29,0,stress,1.045663798672659e-131,5.94127099542819e-18,1.0,2022-05-31,4274
2022-06-30,0,stress,1.4485759235207922e-122,4.978816466435493e-16,1.0,2022-05-31,4274
2022-07-01,1,transition,0.0,1.0,8.290054644330439e-161,2022-06-30,4296
2022-07-04,0,stress,7.132946003716518e-13,4.442856643761789e-11,0.9999999999548663,2022-06-30,4296
2022-07-05,0,stress,3.154274014672463e-13,5.4352471769834534e-17,0.9999999999996589,2022-06-30,4296
2022-07-06,0,stress,5.083231188820082e-14,6.2782400411976206e-18,0.9999999999999432,2022-06-30,4296
2022-07-07,0,stress,1.1074524882512207e-13,1.342472034596016e-16,0.9999999999998863,2022-06-30,4296
2022-07-08,0,stress,6.54529832379376e-12,3.8593634059387625e-15,0.999999999993463,2022-06-30,4296
2022-07-11,0,stress,9.40873724003497e-11,3.7356153410043554e-15,0.9999999999059241,2022-06-30,4296
2022-07-12,0,stress,9.460789013714726e-11,5.33206552359969e-16,0.9999999999054126,2022-06-30,4296
2022-07-13,0,stress,1.5620435581777247e-10,1.1523125930848694e-16,0.9999999998437943,2022-06-30,4296
2022-07-14,0,stress,2.333497591040251e-10,1.5180053041028084e-16,0.9999999997666578,2022-06-30,4296
2022-07-15,0,stress,1.504348667020433e-11,1.5383171092643488e-16,0.9999999999849365,2022-06-30,4296
2022-07-18,0,stress,8.456674326609643e-10,1.1230782215920708e-16,0.9999999991543405,2022-06-30,4296
2022-07-19,0,stress,8.806383405780846e-13,1.2673002797049267e-17,0.9999999999991473,2022-06-30,4296
2022-07-20,0,stress,5.865020391107615e-10,6.801288284253648e-17,0.9999999994134896,2022-06-30,4296
2022-07-21,0,stress,7.625993980940512e-13,5.432276585057351e-19,0.999999999999261,2022-06-30,4296
2022-07-22,0,stress,7.667315929497964e-09,4.563821134861241e-19,0.9999999923326754,2022-06-30,4296
2022-07-25,0,stress,2.2389972639815676e-08,1.6747274796962354e-20,0.9999999776100028,2022-06-30,4296
2022-07-26,0,stress,5.347848720875844e-08,2.279646432621014e-19,0.9999999465214856,2022-06-30,4296
2022-07-27,0,stress,4.604017232512065e-11,3.432039460224986e-19,0.9999999999539568,2022-06-30,4296
2022-07-28,0,stress,1.9697386323474046e-08,3.825585386075011e-19,0.9999999803026187,2022-06-30,4296
2022-07-29,0,stress,4.609424193360286e-06,1.7304084319877864e-18,0.9999953905757984,2022-06-30,4296
2022-08-01,1,transition,0.0,1.0,5.827140908417317e-271,2022-07-31,4317
2022-08-02,2,stress,5.4908422201851906e-43,1.136367215221386e-19,1.0,2022-07-31,4317
2022-08-03,2,stress,3.4792142651000956e-43,6.573948544429622e-14,0.9999999999999432,2022-07-31,4317
2022-08-04,2,stress,1.0654542519210147e-41,7.837279141006102e-11,0.9999999999216129,2022-07-31,4317
2022-08-05,2,stress,2.747048476327922e-47,2.6909764566383137e-12,0.9999999999973284,2022-07-31,4317
2022-08-08,2,stress,4.051788864001229e-47,6.339505626694032e-10,0.9999999993660253,2022-07-31,4317
2022-08-09,2,stress,2.0936485785038038e-48,8.767664908310583e-11,0.9999999999123474,2022-07-31,4317
2022-08-10,2,stress,1.9838529072659295e-48,4.067545143154001e-11,0.9999999999593001,2022-07-31,4317
2022-08-11,2,stress,7.828373166303507e-47,7.914350605746198e-11,0.999999999920874,2022-07-31,4317
2022-08-12,2,stress,4.4477851426408695e-49,6.532245899237483e-11,0.9999999999346869,2022-07-31,4317
2022-08-15,2,stress,3.9839411835096255e-47,4.330406145759756e-11,0.9999999999566853,2022-07-31,4317
2022-08-16,2,stress,7.808880555386029e-50,3.796946447130992e-12,0.9999999999961915,2022-07-31,4317
2022-08-17,2,stress,1.7487500751869243e-49,6.12720586216455e-11,0.9999999999387228,2022-07-31,4317
2022-08-18,2,stress,1.1816755429160733e-46,1.5819597838616304e-08,0.9999999841804198,2022-07-31,4317
2022-08-19,2,stress,5.956541027117883e-48,7.564711344710537e-12,0.9999999999924398,2022-07-31,4317
2022-08-22,2,stress,5.844494308404197e-51,1.2905165959636125e-17,1.0,2022-07-31,4317
2022-08-23,2,stress,1.583693657921125e-49,9.621380617391604e-17,1.0,2022-07-31,4317
2022-08-24,2,stress,1.1199539500131354e-52,1.2231582285110326e-14,1.0,2022-07-31,4317
2022-08-25,2,stress,1.5004268443206105e-53,3.337219396261312e-14,0.9999999999999432,2022-07-31,4317
2022-08-26,2,stress,2.9423765285515724e-54,2.6612445507012795e-23,1.0,2022-07-31,4317
2022-08-29,2,stress,5.054873466718264e-52,1.4557262634292695e-19,1.0,2022-07-31,4317
2022-08-30,2,stress,4.047425686854989e-53,8.3649256265064625e-19,1.0,2022-07-31,4317
2022-08-31,2,stress,7.512894689228363e-53,8.785465113879908e-19,1.0,2022-07-31,4317
2022-09-01,0,transition,0.0,1.0,3.3991771588309865e-252,2022-08-31,4340
2022-09-02,2,stress,7.959241037591935e-50,4.382442956775056e-14,0.9999999999999432,2022-08-31,4340
2022-09-05,2,stress,3.521647625922437e-50,4.106633523523911e-19,1.0,2022-08-31,4340
2022-09-06,2,stress,1.1411383382767837e-53,1.1509846390294896e-24,1.0,2022-08-31,4340
2022-09-07,2,stress,7.873991614288389e-53,1.0844801921026607e-20,1.0,2022-08-31,4340
2022-09-08,2,stress,1.2730559438535803e-52,2.55507401859842e-16,1.0,2022-08-31,4340
2022-09-09,2,stress,1.849555645701479e-55,5.37321050989492e-18,1.0,2022-08-31,4340
2022-09-12,2,stress,2.399561103176641e-55,2.05854500626562e-22,1.0,2022-08-31,4340
2022-09-13,2,stress,7.658166604884452e-67,5.167138840534169e-38,1.0,2022-08-31,4340
2022-09-14,2,stress,1.0696643869655038e-61,2.386971423370611e-19,1.0,2022-08-31,4340
2022-09-15,2,stress,5.788201007022933e-65,6.272654243814465e-21,1.0,2022-08-31,4340
2022-09-16,2,stress,7.534304464363154e-67,1.2773298924123388e-22,1.0,2022-08-31,4340
2022-09-19,2,stress,1.30440482248354e-70,1.2816592138374127e-24,1.0,2022-08-31,4340
2022-09-20,2,stress,8.844733005775872e-68,8.440206194986472e-23,1.0,2022-08-31,4340
2022-09-21,2,stress,1.390440368237715e-72,3.852942220736275e-24,1.0,2022-08-31,4340
2022-09-22,2,stress,1.6317073369629948e-74,1.9920690434589117e-27,1.0,2022-08-31,4340
2022-09-23,2,stress,4.0991249298774007e-78,1.585770694837342e-28,1.0,2022-08-31,4340
2022-09-26,2,stress,9.45391510960762e-86,1.598969564750773e-45,1.0,2022-08-31,4340
2022-09-27,2,stress,5.537474356933991e-80,3.4382402546597056e-39,1.0,2022-08-31,4340
2022-09-28,2,stress,2.2192257436543324e-79,1.5610933534236903e-38,1.0,2022-08-31,4340
2022-09-29,2,stress,5.822871225994472e-76,4.218982001101135e-35,1.0,2022-08-31,4340
2022-09-30,2,stress,1.7762713071652018e-76,1.0619270885825005e-31,1.0,2022-08-31,4340
2022-10-03,0,transition,0.0,1.0,6.776406258427297e-303,2022-09-30,4362
2022-10-04,2,stress,1.5020956600187895e-124,1.5731698954460026e-08,0.9999999842682997,2022-09-30,4362
2022-10-05,2,stress,7.462936993268287e-31,1.5488302316107513e-10,0.9999999998451017,2022-09-30,4362
2022-10-06,2,stress,2.4657604802460932e-34,1.037217347584013e-11,0.9999999999896545,2022-09-30,4362
2022-10-07,2,stress,2.425492051577623e-40,5.477340389498148e-13,0.9999999999994316,2022-09-30,4362
2022-10-10,2,stress,2.9695975699737104e-36,5.1707603832053634e-09,0.9999999948292384,2022-09-30,4362
2022-10-11,2,stress,1.3129399863745072e-40,1.7051106961413084e-10,0.9999999998294697,2022-09-30,4362
2022-10-12,2,stress,3.905660400371294e-40,3.9435258353654257e-10,0.9999999996056204,2022-09-30,4362
2022-10-13,2,stress,1.3784853485260422e-42,2.475859614993354e-11,0.9999999999752163,2022-09-30,4362
2022-10-14,2,stress,4.800926492368579e-41,1.072032059417712e-10,0.9999999998927933,2022-09-30,4362
2022-10-17,2,stress,1.5673519613172244e-41,4.883088672963611e-10,0.999999999511715,2022-09-30,4362
2022-10-18,2,stress,2.1863971800241978e-37,2.9354010454725613e-09,0.9999999970646059,2022-09-30,4362
2022-10-19,2,stress,1.0039973615018925e-40,1.7411842584046377e-10,0.9999999998258886,2022-09-30,4362
2022-10-20,2,stress,2.514515731198361e-40,1.4874984386182907e-07,0.9999998512501631,2022-09-30,4362
2022-10-21,2,stress,3.482953845861633e-42,2.0670392473269374e-08,0.9999999793296299,2022-09-30,4362
2022-10-24,2,stress,8.17985898496941e-40,5.213605587919195e-07,0.9999994786394604,2022-09-30,4362
2022-10-25,2,stress,2.3781259327684407e-41,2.2577642959531003e-08,0.9999999774223627,2022-09-30,4362
2022-10-26,2,stress,2.542645842063111e-36,3.173288175252173e-08,0.9999999682671051,2022-09-30,4362
2022-10-27,2,stress,3.5748637845199825e-34,1.3668528863057697e-08,0.9999999863314885,2022-09-30,4362
2022-10-28,2,stress,5.650371068719979e-35,2.3514232358701277e-08,0.9999999764857537,2022-09-30,4362
2022-10-31,2,stress,9.497556086746594e-32,1.9590860530975078e-05,0.9999804091394822,2022-09-30,4362
2022-11-01,1,transition,0.0,1.0,1.6189426203601607e-169,2022-10-31,4383
2022-11-02,0,stress,1.3307384747754318e-108,6.597543511764156e-05,0.9999340245648767,2022-10-31,4383
2022-11-03,0,stress,3.290890864293285e-40,1.0714828367479753e-07,0.999999892851696,2022-10-31,4383
2022-11-04,0,stress,1.3235952217250394e-41,3.575142992162655e-08,0.9999999642485597,2022-10-31,4383
2022-11-07,0,stress,3.6920452195344035e-39,3.3309914164466004e-07,0.9999996669008611,2022-10-31,4383
2022-11-08,0,stress,8.768912208625544e-38,6.552301998757742e-07,0.9999993447698203,2022-10-31,4383
2022-11-09,0,stress,4.6316384556934736e-39,3.8443474164071216e-08,0.9999999615565124,2022-10-31,4383
2022-11-10,0,stress,3.981425563755022e-64,2.3748921634377827e-20,1.0,2022-10-31,4383
2022-11-11,0,stress,9.488989424027897e-34,2.4575813032454584e-10,0.9999999997542659,2022-10-31,4383
2022-11-14,0,stress,3.233132956989901e-35,1.432497762592243e-10,0.9999999998567546,2022-10-31,4383
2022-11-15,0,stress,6.509359981839134e-34,9.252223735759855e-10,0.9999999990747597,2022-10-31,4383
2022-11-16,0,stress,3.9066520843292036e-35,5.946606607968916e-12,0.9999999999940314,2022-10-31,4383
2022-11-17,0,stress,6.447186949405502e-34,1.1923083722659765e-10,0.9999999998807425,2022-10-31,4383
2022-11-18,0,stress,5.98655395025448e-34,6.158711104384719e-10,0.9999999993841016,2022-10-31,4383
2022-11-21,0,stress,3.4072945949659414e-33,6.116687596350653e-10,0.999999999388308,2022-10-31,4383
2022-11-22,0,stress,2.471369729735528e-33,1.3734575838340922e-10,0.9999999998626663,2022-10-31,4383
2022-11-23,0,stress,8.06997299749993e-30,9.282443532093189e-11,0.9999999999071747,2022-10-31,4383
2022-11-24,0,stress,5.073342194273359e-29,6.213302741326934e-11,0.9999999999378701,2022-10-31,4383
2022-11-25,0,stress,2.4881486021033973e-28,2.171317433541147e-10,0.9999999997828581,2022-10-31,4383
2022-11-28,0,stress,4.316025188428686e-31,4.019747168229777e-11,0.9999999999598117,2022-10-31,4383
2022-11-29,0,stress,5.620870405794418e-32,1.285824956432991e-10,0.9999999998714202,2022-10-31,4383
2022-11-30,0,stress,4.423142137627656e-34,1.5304585396022725e-10,0.9999999998469775,2022-10-31,4383
2022-12-01,1,transition,0.0,1.0,2.0447524726297676e-130,2022-11-30,4405
2022-12-02,0,stress,1.3011543515273946e-82,1.3858581525973832e-07,0.9999998614141627,2022-11-30,4405
2022-12-05,0,stress,2.0758069023236685e-32,2.248262689491093e-14,1.0,2022-11-30,4405
2022-12-06,0,stress,1.145211793475452e-30,1.157424097316418e-12,0.9999999999988631,2022-11-30,4405
2022-12-07,0,stress,5.587955245452165e-32,4.964400682956914e-13,0.9999999999994884,2022-11-30,4405
2022-12-08,0,stress,6.353974354049939e-26,8.679333518309917e-12,0.999999999991303,2022-11-30,4405
2022-12-09,0,stress,6.7559801404556975e-28,1.6564212848129683e-11,0.9999999999834586,2022-11-30,4405
2022-12-12,0,stress,1.049563591519314e-26,1.575915473339825e-11,0.9999999999842544,2022-11-30,4405
2022-12-13,0,stress,3.1735372710737337e-24,4.4330451825494e-11,0.9999999999556621,2022-11-30,4405
2022-12-14,0,stress,4.696094338697621e-22,6.24924554630483e-11,0.9999999999375291,2022-11-30,4405
2022-12-15,0,stress,1.5044351311546345e-27,2.432962451504925e-12,0.9999999999975557,2022-11-30,4405
2022-12-16,0,stress,7.229788231581458e-26,4.12261369650626e-11,0.9999999999587885,2022-11-30,4405
2022-12-19,0,stress,2.3030131403553993e-31,9.20670290800133e-12,0.9999999999907914,2022-11-30,4405
2022-12-20,0,stress,3.8272802469730924e-33,6.196455269209878e-11,0.9999999999380407,2022-11-30,4405
2022-12-21,0,stress,8.16950297552554e-31,3.6816586942410723e-10,0.9999999996318252,2022-11-30,4405
2022-12-22,0,stress,8.182188133201579e-29,8.879088979480487e-10,0.9999999991121058,2022-11-30,4405
2022-12-23,0,stress,1.4437756649988939e-27,5.788282791188922e-09,0.9999999942116915,2022-11-30,4405
2022-12-27,0,stress,5.346074033501813e-29,6.934865002913347e-09,0.9999999930651597,2022-11-30,4405
2022-12-28,0,stress,1.7340201917487934e-30,1.9706536372449287e-08,0.9999999802934669,2022-11-30,4405
2022-12-29,0,stress,1.4783526733148906e-30,9.027255558998898e-09,0.9999999909727535,2022-11-30,4405
2022-12-30,0,stress,4.665070452267189e-26,5.61879262539963e-06,0.9999943812073696,2022-11-30,4405
2023-01-03,0,transition,0.0,1.0,7.528411022473318e-182,2022-12-31,4426
2023-01-04,2,stress,4.54827409632229e-69,2.275087965904418e-10,0.9999999997725126,2022-12-31,4426
2023-01-05,2,stress,4.758756309501535e-71,2.238205872551455e-15,1.0,2022-12-31,4426
2023-01-06,2,stress,2.659629381807748e-72,1.7848018224451656e-17,1.0,2022-12-31,4426
2023-01-09,2,stress,5.002003394849353e-63,8.496231145391007e-14,0.9999999999999432,2022-12-31,4426
2023-01-10,2,stress,6.196113074070637e-63,1.1611675306369554e-13,0.9999999999998863,2022-12-31,4426
2023-01-11,2,stress,2.9693405789128196e-64,1.689956855633388e-14,1.0,2022-12-31,4426
2023-01-12,2,stress,3.0811465559004726e-58,6.281139902147132e-14,0.9999999999999432,2022-12-31,4426
2023-01-13,2,stress,1.6890766502495421e-56,1.650760060704886e-12,0.9999999999983515,2022-12-31,4426
2023-01-16,2,stress,9.428995719549472e-57,1.3862510311988734e-12,0.9999999999986358,2022-12-31,4426
2023-01-17,2,stress,1.8260370079893417e-56,4.344980841430435e-12,0.9999999999956799,2022-12-31,4426
2023-01-18,2,stress,3.5303943570531355e-58,7.285229026613959e-14,0.9999999999999432,2022-12-31,4426
2023-01-19,2,stress,1.09141376870079e-56,2.7310220094820856e-13,0.9999999999997158,2022-12-31,4426
2023-01-20,2,stress,6.661851530314333e-60,2.0703395892562475e-14,1.0,2022-12-31,4426
2023-01-23,2,stress,7.547248809705238e-59,1.4443985220894605e-12,0.9999999999985789,2022-12-31,4426
2023-01-24,2,stress,1.6149199477304761e-56,1.19856750933937e-11,0.999999999988006,2022-12-31,4426
2023-01-25,2,stress,9.187994086052998e-54,1.68620617942668e-11,0.9999999999831175,2022-12-31,4426
2023-01-26,2,stress,4.626590775132283e-55,1.0641573915137811e-12,0.99999999999892,2022-12-31,4426
2023-01-27,2,stress,5.478607641540414e-54,3.71786195665566e-11,0.9999999999628244,2022-12-31,4426
2023-01-30,2,stress,2.4435432265813145e-58,1.2467872574944836e-12,0.9999999999987494,2022-12-31,4426
2023-01-31,2,stress,7.6832723534451335e-56,2.0712718305569722e-10,0.9999999997928626,2022-12-31,4426
2023-02-01,0,transition,0.0,1.0,8.073691661611112e-173,2023-01-31,4447
2023-02-02,2,stress,1.210612302780247e-51,2.534119742936619e-08,0.9999999746588063,2023-01-31,4447
2023-02-03,2,stress,6.93928336434817e-56,2.302758881929982e-13,0.9999999999997726,2023-01-31,4447
2023-02-06,2,stress,6.1091329108576685e-62,3.2515377401599175e-14,0.9999999999999432,2023-01-31,4447
2023-02-07,2,stress,2.03556424739776e-61,5.556056161106121e-12,0.9999999999944293,2023-01-31,4447
2023-02-08,2,stress,4.524625752755138e-62,2.939986849363928e-12,0.9999999999970441,2023-01-31,4447
2023-02-09,2,stress,1.9945504305653156e-66,9.420985149710651e-14,0.9999999999998863,2023-01-31,4447
2023-02-10,2,stress,1.432230345017566e-67,4.052176629160704e-13,0.9999999999996021,2023-01-31,4447
2023-02-13,2,stress,1.5771799515059405e-67,5.673203108593366e-13,0.9999999999994316,2023-01-31,4447
2023-02-14,2,stress,1.121337420935554e-66,4.212127471699742e-12,0.9999999999957936,2023-01-31,4447
2023-02-15,2,stress,2.5014963782241935e-65,4.142235478374918e-11,0.9999999999585611,2023-01-31,4447
2023-02-16,2,stress,8.96091821716764e-71,3.052921395193325e-13,0.9999999999997158,2023-01-31,4447
2023-02-17,2,stress,1.408650211243307e-68,9.992688266516388e-12,0.9999999999899956,2023-01-31,4447
2023-02-20,2,stress,2.7399280692671928e-70,4.514073490094778e-13,0.9999999999995453,2023-01-31,4447
2023-02-21,2,stress,5.803821102513991e-82,8.365639390393738e-18,1.0,2023-01-31,4447
2023-02-22,2,stress,2.3197647227555506e-79,6.151632888690787e-15,1.0,2023-01-31,4447
2023-02-23,2,stress,3.6405254580382217e-75,1.7076495276371138e-13,0.9999999999998295,2023-01-31,4447
2023-02-24,2,stress,1.2959585480977817e-78,1.4521118012056418e-14,1.0,2023-01-31,4447
2023-02-27,2,stress,4.370235713649994e-77,1.2948804098602833e-13,0.9999999999998863,2023-01-31,4447
2023-02-28,2,stress,2.3007728432488665e-72,5.8064744599880547e-11,0.9999999999419629,2023-01-31,4447
2023-03-01,2,transition,0.0,1.0,0.0,2023-02-28,4467
2023-03-02,2,transition,5e-324,1.0,9.688101532214386e-34,2023-02-28,4467
2023-03-03,2,transition,1e-323,1.0,1.2798308315807023e-33,2023-02-28,4467
2023-03-06,2,transition,0.0,1.0,7.449805056191079e-35,2023-02-28,4467
2023-03-07,2,transition,0.0,1.0,5.694281952116433e-36,2023-02-28,4467
2023-03-08,2,transition,0.0,1.0,3.1825011627877803e-37,2023-02-28,4467
2023-03-09,2,transition,0.0,1.0,4.213597578758713e-33,2023-02-28,4467
2023-03-10,2,transition,1.7263965797579453e-297,1.0,4.059547839603087e-28,2023-02-28,4467
2023-03-13,2,transition,3.3719905668686015e-223,1.0,6.824414642332065e-21,2023-02-28,4467
2023-03-14,2,transition,2.676832203183733e-247,1.0,7.934045799080332e-24,2023-02-28,4467
2023-03-15,2,transition,3.217852552729267e-209,1.0,8.608657029689212e-20,2023-02-28,4467
2023-03-16,2,transition,8.736015617267218e-239,1.0,4.4551282115059595e-24,2023-02-28,4467
2023-03-17,2,transition,1.38598115082837e-200,1.0,8.909445948820349e-20,2023-02-28,4467
2023-03-20,2,transition,7.469832763789899e-214,1.0,3.6286864912587584e-22,2023-02-28,4467
2023-03-21,2,transition,4.560967645650418e-238,1.0,8.112389780848296e-25,2023-02-28,4467
2023-03-22,2,transition,4.012268113479363e-218,1.0,1.3773620978553596e-22,2023-02-28,4467
2023-03-23,2,transition,9.973075952244866e-203,1.0,6.327338072690471e-23,2023-02-28,4467
2023-03-24,2,transition,3.732151821921228e-196,1.0,2.2401063580309585e-22,2023-02-28,4467
2023-03-27,2,transition,2.6285716821453715e-222,1.0,1.343536940700588e-23,2023-02-28,4467
2023-03-28,2,transition,1.1382979325096231e-232,1.0,3.4490914207757583e-26,2023-02-28,4467
2023-03-29,2,transition,1.9807000316282173e-233,1.0,4.2721242753594867e-26,2023-02-28,4467
2023-03-30,2,transition,1.3764494284677573e-236,1.0,1.268413659310916e-26,2023-02-28,4467
2023-03-31,2,transition,5.429771720574007e-224,1.0,3.0306343952845144e-23,2023-02-28,4467
2023-04-03,2,transition,0.0,1.0,0.0,2023-03-31,4490
2023-04-04,2,transition,4.934627541620922e-204,1.0,5.074191422128069e-23,2023-03-31,4490
2023-04-05,2,transition,1.0432865313350922e-202,1.0,7.904406104311816e-24,2023-03-31,4490
2023-04-06,2,transition,1.520147883843901e-206,1.0,1.9192733686338784e-24,2023-03-31,4490
2023-04-07,2,transition,1.0520499308321645e-224,1.0,3.04522491959718e-25,2023-03-31,4490
2023-04-10,2,transition,3.8135457161862257e-227,1.0,4.25208636678078e-26,2023-03-31,4490
2023-04-11,2,transition,1.041077831337785e-227,1.0,5.501401247746057e-26,2023-03-31,4490
2023-04-12,2,transition,1.4234446685068466e-220,1.0,2.03491280817732e-25,2023-03-31,4490
2023-04-13,2,transition,2.68892487757669e-218,1.0,6.664621118711303e-25,2023-03-31,4490
2023-04-14,2,transition,9.498803173769356e-235,1.0,1.1152342040321129e-26,2023-03-31,4490
2023-04-17,2,transition,5.453302687356685e-246,1.0,2.086083537144879e-27,2023-03-31,4490
2023-04-18,2,transition,1.5778015910368997e-246,1.0,5.15947708271274e-28,2023-03-31,4490
2023-04-19,2,transition,3.1817843673933857e-250,1.0,6.437515768293778e-28,2023-03-31,4490
2023-04-20,2,transition,1.0547179834653919e-240,1.0,2.9903598209788418e-27,2023-03-31,4490
2023-04-21,2,transition,2.398194890540332e-243,1.0,1.736304409843102e-27,2023-03-31,4490
2023-04-24,2,transition,5.351600604757371e-236,1.0,7.32629833049822e-27,2023-03-31,4490
2023-04-25,2,transition,1.614114501922167e-220,1.0,1.0674573968934637e-24,2023-03-31,4490
2023-04-26,2,transition,1.1373546679302692e-218,1.0,1.6025454771544872e-24,2023-03-31,4490
2023-04-27,2,transition,2.8138068057976506e-233,1.0,2.089950185157653e-25,2023-03-31,4490
2023-04-28,2,transition,2.6009418052242865e-226,1.0,1.4159590561034476e-24,2023-03-31,4490
2023-05-01,0,transition,0.0,1.0,4.3994890111956786e-184,2023-04-30,4510
2023-05-02,2,stress,1.9306279322102216e-46,3.835272668562356e-06,0.9999961647273145,2023-04-30,4510
2023-05-03,2,stress,8.150382001592763e-43,6.2092856671115044e-09,0.9999999937907091,2023-04-30,4510
2023-05-04,2,stress,9.335419143211303e-44,1.1253716294686852e-09,0.999999998874614,2023-04-30,4510
2023-05-05,2,stress,6.477732431413223e-46,3.561351072678263e-10,0.999999999643876,2023-04-30,4510
2023-05-08,2,stress,1.4622845044984746e-45,1.432665404200642e-08,0.9999999856733554,2023-04-30,4510
2023-05-09,2,stress,1.996665499285595e-46,3.0485118360593456e-08,0.9999999695148749,2023-04-30,4510
2023-05-10,2,stress,5.96739561196114e-44,7.00892028827944e-08,0.9999999299108164,2023-04-30,4510
2023-05-11,2,stress,9.550677583646149e-42,7.226244779909517e-08,0.9999999277375791,2023-04-30,4510
2023-05-12,2,stress,9.178601612631604e-44,2.1855324798435908e-08,0.999999978144672,2023-04-30,4510
2023-05-15,2,stress,1.2873796134070774e-44,7.037310282118188e-08,0.9999999296268836,2023-04-30,4510
2023-05-16,2,stress,3.781508038754031e-47,1.7788795071524053e-08,0.9999999822111932,2023-04-30,4510
2023-05-17,2,stress,2.520040968489633e-48,2.06141558387714e-08,0.9999999793858481,2023-04-30,4510
2023-05-18,2,stress,2.8660130436537773e-49,3.3162881010337934e-08,0.9999999668370952,2023-04-30,4510
2023-05-19,2,stress,1.1587302782152576e-50,5.0611841118350265e-08,0.999999949388156,2023-04-30,4510
2023-05-22,2,stress,4.084836811501948e-52,4.798180487465704e-08,0.999999952018187,2023-04-30,4510
2023-05-23,2,stress,6.986432039464339e-54,3.5644384982554104e-09,0.9999999964355766,2023-04-30,4510
2023-05-24,2,stress,1.6544446189730252e-57,5.19800901825332e-10,0.9999999994802238,2023-04-30,4510
2023-05-25,2,stress,3.314855899640004e-60,9.133150217643549e-11,0.9999999999086526,2023-04-30,4510
2023-05-26,2,stress,1.5132541985578026e-59,1.100960613757386e-09,0.9999999988990567,2023-04-30,4510
2023-05-29,2,stress,3.5853769947584556e-57,2.100236472896131e-08,0.9999999789976075,2023-04-30,4510
2023-05-30,2,stress,2.1768357107892777e-55,3.5650753490837937e-09,0.9999999964349513,2023-04-30,4510
2023-05-31,2,stress,1.114999675007976e-50,2.0262885065817612e-07,0.999999797371138,2023-04-30,4510
2023-06-01,2,transition,0.0,1.0,0.0,2023-05-31,4533
2023-06-02,2,transition,6.192982121113282e-293,1.0,3.2788817328082486e-31,2023-05-31,4533
2023-06-05,2,transition,7.303311226887279e-288,1.0,1.1655924744263547e-31,2023-05-31,4533
2023-06-06,2,transition,2.2230639963015306e-292,1.0,3.0729823369197173e-32,2023-05-31,4533
2023-06-07,2,transition,2.7132525646967005e-296,1.0,2.0988693826467744e-31,2023-05-31,4533
2023-06-08,2,transition,1.2682036827740199e-294,1.0,2.7617568847761165e-32,2023-05-31,4533
2023-06-09,2,transition,1.0502917896308571e-306,1.0,2.144339807145166e-33,2023-05-31,4533
2023-06-12,2,transition,6.817343134890361e-303,1.0,1.1348544629037197e-32,2023-05-31,4533
2023-06-13,2,transition,3.1063828979e-313,1.0,3.679868873557542e-33,2023-05-31,4533
2023-06-14,2,transition,4.981274e-318,1.0,3.903537078390869e-34,2023-05-31,4533
2023-06-15,2,transition,1.3828940996e-313,1.0,4.4444546297118304e-33,2023-05-31,4533
2023-06-16,2,transition,0.0,1.0,2.7257189829164803e-34,2023-05-31,4533
2023-06-19,2,transition,0.0,1.0,1.0344734068779947e-34,2023-05-31,4533
2023-06-20,2,transition,1.93e-322,1.0,1.2603110085810472e-34,2023-05-31,4533
2023-06-21,2,transition,0.0,1.0,3.4308048240247065e-35,2023-05-31,4533
2023-06-22,2,transition,0.0,1.0,1.7039424713162366e-35,2023-05-31,4533
2023-06-23,2,transition,0.0,1.0,1.7543333210073982e-35,2023-05-31,4533
2023-06-26,2,transition,0.0,1.0,3.1312530662843316e-35,2023-05-31,4533
2023-06-27,2,transition,0.0,1.0,5.675779922569642e-35,2023-05-31,4533
2023-06-28,2,transition,0.0,1.0,3.3965318932466685e-35,2023-05-31,4533
2023-06-29,2,transition,0.0,1.0,1.23842917423042e-35,2023-05-31,4533
2023-06-30,2,transition,0.0,1.0,9.544274035636509e-35,2023-05-31,4533
2023-07-03,2,transition,0.0,1.0,0.0,2023-06-30,4555
2023-07-04,2,transition,0.0,1.0,2.7885736295967843e-37,2023-06-30,4555
2023-07-05,2,transition,0.0,1.0,2.2794431076437765e-36,2023-06-30,4555
2023-07-06,2,transition,0.0,1.0,5.0501659992434e-36,2023-06-30,4555
2023-07-07,2,transition,0.0,1.0,2.0186514728215288e-36,2023-06-30,4555
2023-07-10,2,transition,0.0,1.0,2.1552121409925073e-35,2023-06-30,4555
2023-07-11,2,transition,0.0,1.0,7.952893066113763e-36,2023-06-30,4555
2023-07-12,2,transition,0.0,1.0,2.3912957188360432e-34,2023-06-30,4555
2023-07-13,2,transition,1.7184625844e-314,1.0,7.046806489138143e-33,2023-06-30,4555
2023-07-14,2,transition,0.0,1.0,2.5713515875744797e-34,2023-06-30,4555
2023-07-17,2,transition,0.0,1.0,1.986205327734394e-34,2023-06-30,4555
2023-07-18,2,transition,0.0,1.0,9.571900794135509e-35,2023-06-30,4555
2023-07-19,2,transition,0.0,1.0,6.866158183275758e-35,2023-06-30,4555
2023-07-20,2,transition,0.0,1.0,6.43258307028888e-35,2023-06-30,4555
2023-07-21,2,transition,0.0,1.0,4.214189173659839e-36,2023-06-30,4555
2023-07-24,2,transition,0.0,1.0,1.2886992211714355e-36,2023-06-30,4555
2023-07-25,2,transition,0.0,1.0,4.4338210706784245e-36,2023-06-30,4555
2023-07-26,2,transition,0.0,1.0,3.984931557177586e-36,2023-06-30,4555
2023-07-27,2,transition,0.0,1.0,6.273736711729021e-35,2023-06-30,4555
2023-07-28,2,transition,0.0,1.0,8.573192448504913e-36,2023-06-30,4555
2023-07-31,2,transition,0.0,1.0,5.339333050515339e-34,2023-06-30,4555
2023-08-01,0,transition,0.0,1.0,7.74117272818908e-257,2023-07-31,4576
2023-08-02,0,transition,1.8793612249758498e-66,0.9999994382779264,5.617220603292284e-07,2023-07-31,4576
2023-08-03,0,transition,1.0821929303707369e-66,0.9999996923508168,3.076491697597001e-07,2023-07-31,4576
2023-08-04,0,transition,1.044032045576453e-67,0.9999986851253315,1.3148746775143434e-06,2023-07-31,4576
2023-08-07,0,transition,1.4498336197508123e-65,0.9999995062592657,4.937407429271209e-07,2023-07-31,4576
2023-08-08,0,transition,7.719772655152357e-65,0.9999997771223796,2.2287763232603445e-07,2023-07-31,4576
2023-08-09,0,transition,6.182693403320212e-64,0.9999998480622709,1.5193773895421334e-07,2023-07-31,4576
2023-08-10,0,transition,6.75947563532608e-66,0.9999997065942101,2.9340578705159775e-07,2023-07-31,4576
2023-08-11,0,transition,1.3885939357258063e-65,0.9999998890507759,1.1094921773529336e-07,2023-07-31,4576
2023-08-14,0,transition,5.936181475530082e-68,0.9999998723929845,1.2760702216981326e-07,2023-07-31,4576
2023-08-15,0,transition,1.0613724732676912e-70,0.9999997189927226,2.8100729053829284e-07,2023-07-31,4576
2023-08-16,0,transition,1.047244154501112e-71,0.9999997535677797,2.464322110327481e-07,2023-07-31,4576
2023-08-17,0,transition,4.316530817134586e-74,0.9999995013200298,4.986799592469347e-07,2023-07-31,4576
2023-08-18,0,transition,4.777486024190181e-73,0.999999631968546,3.6803146766785845e-07,2023-07-31,4576
2023-08-21,0,transition,4.614358317175387e-76,0.9999990703364063,9.296635946816916e-07,2023-07-31,4576
2023-08-22,0,transition,1.9644839870247092e-74,0.9999998319625688,1.6803743857514523e-07,2023-07-31,4576
2023-08-23,0,transition,2.0994507289685164e-72,0.9999983915241022,1.6084758983332255e-06,2023-07-31,4576
2023-08-24,0,transition,2.4746876175480605e-73,0.9999993447987535,6.552012366021939e-07,2023-07-31,4576
2023-08-25,0,transition,3.5356978469546434e-72,0.9999998985921417,1.0140785629687976e-07,2023-07-31,4576
2023-08-28,0,transition,1.059671033023311e-69,0.9999999167758381,8.322417250216439e-08,2023-07-31,4576
2023-08-29,0,transition,2.5255556227837135e-67,0.9999991074523966,8.925475924218571e-07,2023-07-31,4576
2023-08-30,0,transition,3.3532542666883384e-61,0.9999998894627485,1.1053725069182716e-07,2023-07-31,4576
2023-08-31,0,transition,5.3406833995324405e-55,0.9999809437271817,1.9056272807885886e-05,2023-07-31,4576
2023-09-01,0,transition,0.0,1.0,5.076873624216954e-189,2023-08-31,4599
2023-09-04,0,transition,3.5554346772651654e-88,0.9999999999918145,8.185137828873125e-12,2023-08-31,4599
2023-09-05,0,transition,1.3101519711482716e-40,0.9999999999871818,1.2809875041379866e-11,2023-08-31,4599
2023-09-06,0,transition,2.696312019214319e-41,0.9999999999922693,7.742350016424342e-12,2023-08-31,4599
2023-09-07,0,transition,1.1605480400481712e-40,0.9999999999933209,6.670713288252555e-12,2023-08-31,4599
2023-09-08,0,transition,1.385208922941967e-40,0.9999999999909335,9.067413412607837e-12,2023-08-31,4599
2023-09-11,0,transition,1.0486941741941044e-40,0.999999999991104,8.898012794702021e-12,2023-08-31,4599
2023-09-12,0,transition,8.692931818777611e-41,0.9999999999951399,4.860856355405873e-12,2023-08-31,4599
2023-09-13,0,transition,8.761854791848686e-40,0.9999999999959357,4.066827761930742e-12,2023-08-31,4599
2023-09-14,0,transition,4.0563765985280706e-39,0.9999999999953388,4.649854507335478e-12,2023-08-31,4599
2023-09-15,0,transition,3.545610554126156e-42,0.9999999999851639,1.4829764634624312e-11,2023-08-31,4599
2023-09-18,0,transition,9.398742599151026e-41,0.9999999999966462,3.354294132668588e-12,2023-08-31,4599
2023-09-19,0,transition,5.2987776050871275e-42,0.9999999999949409,5.050376063715415e-12,2023-08-31,4599
2023-09-20,0,transition,2.7586641782548212e-42,0.9999999999952536,4.7427950947061135e-12,2023-08-31,4599
2023-09-21,0,transition,2.611237296048309e-48,0.9999999999290878,7.092535030518533e-11,2023-08-31,4599
2023-09-22,0,transition,2.1274951550760605e-43,0.9999999999936051,6.3913639161596435e-12,2023-08-31,4599
2023-09-25,0,transition,4.6652645126527236e-45,0.9999999999778026,2.2201860946813204e-11,2023-08-31,4599
2023-09-26,0,transition,5.352584159071657e-46,0.9999999999583906,4.159578113849417e-11,2023-08-31,4599
2023-09-27,0,transition,1.4101533348107097e-45,0.9999999999758131,2.4194422432194257e-11,2023-08-31,4599
2023-09-28,0,transition,2.3631540980662547e-41,0.9999999999936335,6.371507459949662e-12,2023-08-31,4599
2023-09-29,0,transition,3.405612095861034e-33,0.9999999982451016,1.7549096866720156e-09,2023-08-31,4599
2023-10-02,0,transition,0.0,1.0,3.817471418910178e-237,2023-09-30,4620
2023-10-03,0,transition,1.4371302693058734e-92,0.9999973333249017,2.6666750844780985e-06,2023-09-30,4620
2023-10-04,0,transition,1.9431028549306166e-38,0.9999997558426812,2.44157315278822e-07,2023-09-30,4620
2023-10-05,0,transition,2.0629260126604775e-38,0.9999999254428956,7.455710231481743e-08,2023-09-30,4620
2023-10-06,0,transition,5.749165818441434e-40,0.9999998636750242,1.3632496335668515e-07,2023-09-30,4620
2023-10-09,0,transition,2.058989754692456e-38,0.9999999099658267,9.003416374742318e-08,2023-09-30,4620
2023-10-10,0,transition,2.6844497086909355e-39,0.9999994119370422,5.880629552472164e-07,2023-09-30,4620
2023-10-11,0,transition,7.604878316907866e-36,0.999999884224827,1.1577517905372578e-07,2023-09-30,4620
2023-10-12,0,transition,1.3313932627214648e-38,0.9999993776904663,6.223095451109386e-07,2023-09-30,4620
2023-10-13,0,transition,7.339339649673172e-37,0.9999996819451775,3.180548275512491e-07,2023-09-30,4620
2023-10-16,0,transition,8.948182959136655e-38,0.9999999009000127,9.909998290153884e-08,2023-09-30,4620
2023-10-17,0,transition,2.8436949449950385e-40,0.9999998095420221,1.9045797628664383e-07,2023-09-30,4620
2023-10-18,0,transition,2.6280454039904158e-40,0.9999995771015661,4.2289844733399217e-07,2023-09-30,4620
2023-10-19,0,transition,7.844309063997513e-40,0.99999466568845,5.334311553542822e-06,2023-09-30,4620
2023-10-20,0,transition,7.733979966882145e-39,0.999997855759997,2.144239996491955e-06,2023-09-30,4620
2023-10-23,0,transition,1.6326055827560542e-39,0.999999194836005,8.051639828844929e-07,2023-09-30,4620
2023-10-24,0,transition,9.909202259991829e-39,0.9999993862810932,6.137188945208309e-07,2023-09-30,4620
2023-10-25,0,transition,1.767664185273143e-42,0.9999960540051213,3.9459948714801725e-06,2023-09-30,4620
2023-10-26,0,transition,3.518085841988147e-39,0.9999993014555908,6.985444175020294e-07,2023-09-30,4620
2023-10-27,0,transition,3.4862021703096436e-38,0.9999991978273306,8.021726670468541e-07,2023-09-30,4620
2023-10-30,0,transition,5.561250526052042e-38,0.9999990894365165,9.105634731224942e-07,2023-09-30,4620
2023-10-31,0,transition,2.5181149155382755e-33,0.9999858347558181,1.4165244190898272e-05,2023-09-30,4620
2023-11-01,2,transition,0.0,1.0,0.0,2023-10-31,4642
2023-11-02,2,transition,1.5843365455334185e-84,0.9999999999534452,4.654401765912772e-11,2023-10-31,4642
2023-11-03,2,transition,3.055576991357187e-57,0.9999999995692974,4.3069663884319525e-10,2023-10-31,4642
2023-11-06,2,transition,6.69693662856354e-56,0.9999999998387921,1.6119768828026237e-10,2023-10-31,4642
2023-11-07,2,transition,8.931400878342114e-57,0.999999999933948,6.605893592326862e-11,2023-10-31,4642
2023-11-08,2,transition,6.847233952967038e-57,0.9999999999763531,2.3649519002691326e-11,2023-10-31,4642
2023-11-09,2,transition,6.137169821543484e-59,0.9999999999605507,3.945995910890022e-11,2023-10-31,4642
2023-11-10,2,transition,1.6021556392501308e-59,0.9999999999787974,2.1206234217863128e-11,2023-10-31,4642
2023-11-13,2,transition,1.996012275881263e-58,0.9999999999912177,8.782108263995494e-12,2023-10-31,4642
2023-11-14,2,transition,5.296119934059538e-60,0.9999999995215205,4.784655321642267e-10,2023-10-31,4642
2023-11-15,2,transition,9.167199597801862e-55,0.9999999999616307,3.8360000719799797e-11,2023-10-31,4642
2023-11-16,2,transition,6.468003553628693e-56,0.9999999999355111,6.449095255676533e-11,2023-10-31,4642
2023-11-17,2,transition,8.666956069418485e-55,0.9999999999908766,9.115200456916485e-12,2023-10-31,4642
2023-11-20,2,transition,2.081920041698368e-56,0.9999999999907061,9.281459392233369e-12,2023-10-31,4642
2023-11-21,2,transition,3.9069417291008065e-55,0.9999999999856755,1.4321999456875636e-11,2023-10-31,4642
2023-11-22,2,transition,1.1823217880798896e-54,0.9999999999944862,5.514119247169241e-12,2023-10-31,4642
2023-11-23,2,transition,1.1148140033681557e-54,0.9999999999961631,3.8276352120866675e-12,2023-10-31,4642
2023-11-24,2,transition,1.5790847787117145e-55,0.9999999999956515,4.3585686387695305e-12,2023-10-31,4642
2023-11-27,2,transition,6.4382716624426914e-55,0.9999999999917293,8.268696723695748e-12,2023-10-31,4642
2023-11-28,2,transition,9.497924586577797e-52,0.9999999999885745,1.1420793050816267e-11,2023-10-31,4642
2023-11-29,2,transition,8.943112583805262e-50,0.9999999999812985,1.8714150699581952e-11,2023-10-31,4642
2023-11-30,2,transition,3.572702318311663e-46,0.9999999963644086,3.6355930016105446e-09,2023-10-31,4642
2023-12-01,1,transition,0.0,1.0,9.447614037748678e-276,2023-11-30,4664
2023-12-04,1,transition,4.4345066521817974e-102,0.9999999316033291,6.839667082943627e-08,2023-11-30,4664
2023-12-05,1,transition,1.4877341320804943e-100,0.9999998329935094,1.6700649344956e-07,2023-11-30,4664
2023-12-06,1,transition,1.585803146268301e-101,0.999999906860812,9.313919413823149e-08,2023-11-30,4664
2023-12-07,1,transition,7.179633376981588e-101,0.9999999464074861,5.3592513568618375e-08,2023-11-30,4664
2023-12-08,1,transition,4.42109594856624e-107,0.9999999036031302,9.63968739571305e-08,2023-11-30,4664
2023-12-11,1,transition,7.117936092273048e-107,0.9999999697236466,3.0276354151015975e-08,2023-11-30,4664
2023-12-12,1,transition,2.2453512694840867e-109,0.9999946330535247,5.366946481571352e-06,2023-11-30,4664
2023-12-13,1,transition,5.257393903737907e-96,0.9977270996837563,0.0022729003162488682,2023-11-30,4664
2023-12-14,1,transition,1.9432406828006395e-93,0.999904213754084,9.578624591513384e-05,2023-11-30,4664
2023-12-15,1,transition,1.1516155074580972e-96,0.9999994059360434,5.940639522305162e-07,2023-11-30,4664
2023-12-18,1,transition,1.5027286398936696e-96,0.9999996629417751,3.370582294629637e-07,2023-11-30,4664
2023-12-19,1,transition,2.1851442719126817e-96,0.999999555692468,4.44307531351059e-07,2023-11-30,4664
2023-12-20,1,transition,6.179830335774543e-91,0.9999969017129438,3.0982870513775444e-06,2023-11-30,4664
2023-12-21,1,transition,1.944138666148176e-91,0.9999998840304368,1.1596956705455738e-07,2023-11-30,4664
2023-12-22,1,transition,5.315195718553316e-91,0.9999999767198917,2.3280104711266993e-08,2023-11-30,4664
2023-12-26,1,transition,1.6922489884260113e-92,0.9999999726804848,2.7319515593365052e-08,2023-11-30,4664
2023-12-27,1,transition,1.2342197465261663e-88,0.9999996406152796,3.5938471989283493e-07,2023-11-30,4664
2023-12-28,1,transition,6.37372251695304e-89,0.9999999148319497,8.516805687397672e-08,2023-11-30,4664
2023-12-29,1,transition,1.182977437346954e-84,0.9999953121293461,4.687870657506631e-06,2023-11-30,4664
2024-01-02,1,transition,0.0,1.0,7.936702309576077e-235,2023-12-31,4684
2024-01-03,1,transition,6.145682923098861e-47,0.9999999999986926,1.3051326155312728e-12,2023-12-31,4684
2024-01-04,1,transition,3.421004272585506e-49,0.9999999999983373,1.6611226662363288e-12,2023-12-31,4684
2024-01-05,1,transition,8.20739253549893e-50,0.9999999999984368,1.5594135244300804e-12,2023-12-31,4684
2024-01-08,1,transition,2.5699012357896597e-50,0.9999999999983515,1.6453513073725903e-12,2023-12-31,4684
2024-01-09,1,transition,4.296913869353179e-48,0.9999999999993605,6.380636792791274e-13,2023-12-31,4684
2024-01-10,1,transition,6.166443707757566e-48,0.9999999999992468,7.491174359867969e-13,2023-12-31,4684
2024-01-11,1,transition,6.3514126344461065e-46,0.99999999999811,1.8911185609381155e-12,2023-12-31,4684
2024-01-12,1,transition,1.885121202656655e-43,0.9999999999965752,3.423731433611333e-12,2023-12-31,4684
2024-01-15,1,transition,3.561631752693555e-43,0.9999999999965326,3.4676684243008e-12,2023-12-31,4684
2024-01-16,1,transition,3.0847974942972595e-46,0.9999999999923688,7.627921103103258e-12,2023-12-31,4684
2024-01-17,1,transition,1.3288454332743303e-49,0.9999999999974563,2.53916104235712e-12,2023-12-31,4684
2024-01-18,1,transition,2.938362466896281e-50,0.9999999999963194,3.686675506717974e-12,2023-12-31,4684
2024-01-19,1,transition,1.3143368525217028e-50,0.99999999999838,1.6161911498112268e-12,2023-12-31,4684
2024-01-22,1,transition,3.36888753547069e-49,0.9999999999990763,9.26233941120253e-13,2023-12-31,4684
2024-01-23,1,transition,1.1906915900548798e-48,0.9999999999987779,1.218176624740077e-12,2023-12-31,4684
2024-01-24,1,transition,1.023441593700712e-49,0.9999999999973426,2.6538961801499954e-12,2023-12-31,4684
2024-01-25,1,transition,6.3709138075838676e-49,0.9999999999964473,3.5517485696097063e-12,2023-12-31,4684
2024-01-26,1,transition,1.7408800516060727e-48,0.9999999999983658,1.6394929095470484e-12,2023-12-31,4684
2024-01-29,1,transition,8.918921642252368e-49,0.9999999999978542,2.151518021255948e-12,2023-12-31,4684
2024-01-30,1,transition,5.707211751066336e-47,0.9999999999986784,1.3250135918411251e-12,2023-12-31,4684
2024-01-31,1,transition,4.410668091066734e-42,0.9999999955903718,4.409626567335813e-09,2023-12-31,4684
2024-02-01,1,transition,0.0,1.0,2.47e-322,2024-01-31,4706
2024-02-02,1,transition,2.180354515840339e-47,0.9999999999934488,6.554863925042465e-12,2024-01-31,4706
2024-02-05,1,transition,3.422018522627825e-51,0.99999999999892,1.079072430532767e-12,2024-01-31,4706
2024-02-06,1,transition,1.1443386922556221e-49,0.9999999999994742,5.262090810106511e-13,2024-01-31,4706
2024-02-07,1,transition,1.7704666767303032e-49,0.9999999999992184,7.77264920395494e-13,2024-01-31,4706
2024-02-08,1,transition,3.1314121110095822e-50,0.9999999999995737,4.300547734561267e-13,2024-01-31,4706
2024-02-09,1,transition,3.154632642585699e-51,0.9999999999996447,3.5306867547620665e-13,2024-01-31,4706
2024-02-12,1,transition,2.7977979301637833e-51,0.9999999999994742,5.286040553487361e-13,2024-01-31,4706
2024-02-13,1,transition,1.1568236091912578e-58,0.9999999999983942,1.6110273430622025e-12,2024-01-31,4706
2024-02-14,1,transition,1.0150305196373321e-56,0.9999999999995026,5.00994729136564e-13,2024-01-31,4706
2024-02-15,1,transition,1.0115506311094913e-54,0.9999999999997016,3.008721487124223e-13,2024-01-31,4706
2024-02-16,1,transition,1.817855868625609e-55,0.9999999999997158,2.853359817541562e-13,2024-01-31,4706
2024-02-19,1,transition,8.923602182012333e-56,0.9999999999997016,2.962866395086536e-13,2024-01-31,4706
2024-02-20,1,transition,2.9971742451932024e-55,0.9999999999994458,5.562026411931466e-13,2024-01-31,4706
2024-02-21,1,transition,9.42086495704639e-57,0.9999999999995453,4.570659762732086e-13,2024-01-31,4706
2024-02-22,1,transition,3.605618822687755e-60,0.9999999999982379,1.7587175943092228e-12,2024-01-31,4706
2024-02-23,1,transition,3.631406131340009e-57,0.9999999999997016,2.9430093695392923e-13,2024-01-31,4706
2024-02-26,1,transition,9.942211484113187e-57,0.9999999999997726,2.2052412979797434e-13,2024-01-31,4706
2024-02-27,1,transition,9.895658234508981e-57,0.9999999999997726,2.2632617010418083e-13,2024-01-31,4706
2024-02-28,1,transition,2.3790575454191863e-55,0.99999999999973,2.7061124583026135e-13,2024-01-31,4706
2024-02-29,1,transition,1.4423110430433542e-51,0.9999999999496367,5.0363518744958203e-11,2024-01-31,4706
2024-03-01,0,transition,0.0,1.0,8.722944369727757e-299,2024-02-29,4727
2024-03-04,0,transition,6.329152508787637e-57,0.9999999999809432,1.9053312819468786e-11,2024-02-29,4727
2024-03-05,0,transition,7.66771761887114e-56,0.9999999999026983,9.729515137983355e-11,2024-02-29,4727
2024-03-06,0,transition,5.124093441455043e-55,0.9999999999340474,6.595606214387607e-11,2024-02-29,4727
2024-03-07,0,transition,5.462448451437077e-54,0.9999999998909033,1.0909543593575419e-10,2024-02-29,4727
2024-03-08,0,transition,1.5141036098493162e-52,0.9999999999101021,8.989878803081381e-11,2024-02-29,4727
2024-03-11,0,transition,3.9792015312070215e-53,0.9999999998306919,1.6930350500082178e-10,2024-02-29,4727
2024-03-12,0,transition,1.3720717406836891e-55,0.9999999998917559,1.0824213612403197e-10,2024-02-29,4727
2024-03-13,0,transition,7.97673141302015e-57,0.9999999999743494,2.5656065348534424e-11,2024-02-29,4727
2024-03-14,0,transition,2.7377023719734793e-59,0.9999999999535731,4.643103151687971e-11,2024-02-29,4727
2024-03-15,0,transition,2.805007262544906e-60,0.9999999999719051,2.809811257768699e-11,2024-02-29,4727
2024-03-18,0,transition,4.897019364925168e-61,0.9999999999656097,3.43964153221639e-11,2024-02-29,4727
2024-03-19,0,transition,7.071133915348225e-61,0.999999999983757,1.624626439567289e-11,2024-02-29,4727
2024-03-20,0,transition,8.168312786222157e-60,0.999999999984837,1.5162937586091163e-11,2024-02-29,4727
2024-03-21,0,transition,3.962260967867958e-59,0.9999999999892424,1.0751648022787459e-11,2024-02-29,4727
2024-03-22,0,transition,9.085291512656394e-58,0.9999999999730562,2.6948592491209842e-11,2024-02-29,4727
2024-03-25,0,transition,1.47007573325759e-57,0.9999999999827338,1.7264951883837452e-11,2024-02-29,4727
2024-03-26,0,transition,4.1041000116176806e-57,0.9999999999870539,1.293974024518136e-11,2024-02-29,4727
2024-03-27,0,transition,1.235291835132981e-57,0.9999999999891998,1.0795101822167703e-11,2024-02-29,4727
2024-03-28,0,transition,4.926841921450742e-57,0.9999999999909335,9.066258123700202e-12,2024-02-29,4727
2024-03-29,0,transition,1.0209022820797414e-53,0.9999999983425454,1.6574563074739758e-09,2024-02-29,4727
2024-04-01,2,transition,0.0,1.0,0.0,2024-03-31,4748
2024-04-02,2,transition,9.718909732264919e-95,0.9999999999628244,3.718809564984929e-11,2024-03-31,4748
2024-04-03,2,transition,1.0583633394174675e-47,0.9999999999783427,2.1663654793396975e-11,2024-03-31,4748
2024-04-04,2,transition,7.002852206824602e-48,0.999999999664908,3.3509663065058364e-10,2024-03-31,4748
2024-04-05,2,transition,1.1908427637484258e-48,0.9999999987711874,1.2287995783858051e-09,2024-03-31,4748
2024-04-08,2,transition,2.0545267884158522e-48,0.9999999999677982,3.220155184266496e-11,2024-03-31,4748
2024-04-09,2,transition,1.5122247863822358e-49,0.9999999999634497,3.655906948518843e-11,2024-03-31,4748
2024-04-10,2,transition,4.966717131433031e-54,0.9999999994130633,5.869453245297497e-10,2024-03-31,4748
2024-04-11,2,transition,5.970626139510737e-52,0.9999999999712657,2.8734358118865194e-11,2024-03-31,4748
2024-04-12,2,transition,4.906132336937769e-53,0.9999999993798383,6.201508017911868e-10,2024-03-31,4748
2024-04-15,2,transition,2.0956581293585056e-53,0.9999999912591591,8.740846657465108e-09,2024-03-31,4748
2024-04-16,2,transition,6.20298876641976e-53,0.9999999985130898,1.486902668061098e-09,2024-03-31,4748
2024-04-17,2,transition,6.214754896871851e-53,0.9999999990122035,9.877975762494634e-10,2024-03-31,4748
2024-04-18,2,transition,1.2441058430890416e-53,0.9999999986197565,1.3802401268299165e-09,2024-03-31,4748
2024-04-19,2,transition,1.4924830273390173e-53,0.9999999982196073,1.7803995023663615e-09,2024-03-31,4748
2024-04-22,2,transition,1.3481835510231498e-53,0.9999999998205169,1.7948404715610733e-10,2024-03-31,4748
2024-04-23,2,transition,3.9312393706270573e-54,0.9999999999555484,4.4458741308048126e-11,2024-03-31,4748
2024-04-24,2,transition,9.617399085791198e-54,0.9999999999617444,3.825378728558832e-11,2024-03-31,4748
2024-04-25,2,transition,9.775431806424957e-55,0.9999999999808722,1.9123190762399498e-11,2024-03-31,4748
2024-04-26,2,transition,1.027413617914287e-56,0.999999999974591,2.5419219824027668e-11,2024-03-31,4748
2024-04-29,2,transition,1.3389048275983789e-55,0.9999999999861586,1.3842835283163614e-11,2024-03-31,4748
2024-04-30,2,transition,2.090183976164348e-53,0.9999999809286069,1.9071384042412477e-08,2024-03-31,4748
2024-05-01,1,transition,0.0,1.0,1.1085314663172702e-248,2024-04-30,4770
2024-05-02,1,transition,8.439807118541073e-110,0.999999907423505,9.257649144604812e-08,2024-04-30,4770
2024-05-03,1,transition,2.0148621897800928e-107,0.9999992209427028,7.790573000130534e-07,2024-04-30,4770
2024-05-06,1,transition,6.3808504475633194e-108,0.9999998845661149,1.1543389107674357e-07,2024-04-30,4770
2024-05-07,1,transition,9.610686529174733e-108,0.9999997373956039,2.6260439526641843e-07,2024-04-30,4770
2024-05-08,1,transition,1.7587860611851975e-107,0.9999994073467116,5.926532844429035e-07,2024-04-30,4770
2024-05-09,1,transition,3.8359832247151214e-108,0.9999998475694386,1.5243056212993961e-07,2024-04-30,4770
2024-05-10,1,transition,9.263432959391997e-111,0.999999952027822,4.7972181961524706e-08,2024-04-30,4770
2024-05-13,1,transition,2.929902536572356e-111,0.9999999865754462,1.3424550845551071e-08,2024-04-30,4770
2024-05-14,1,transition,8.897799013620024e-110,0.9999999814141065,1.858589610155101e-08,2024-04-30,4770
2024-05-15,1,transition,1.0556407803508005e-106,0.9999997909571411,2.0904286039583398e-07,2024-04-30,4770
2024-05-16,1,transition,1.6363313231809974e-108,0.999999949887909,5.011208943866124e-08,2024-04-30,4770
2024-05-17,1,transition,1.984531785975404e-110,0.9999999687843233,3.121567105942329e-08,2024-04-30,4770
2024-05-20,1,transition,1.4306327772586536e-111,0.9999999776714363,2.2328557710291577e-08,2024-04-30,4770
2024-05-21,1,transition,1.1805024688858546e-111,0.9999999786378171,2.136218012118284e-08,2024-04-30,4770
2024-05-22,1,transition,4.345628341141942e-113,0.9999999671897518,3.2810251817921925e-08,2024-04-30,4770
2024-05-23,1,transition,2.9862856432061593e-115,0.9999998959232724,1.0407672508960417e-07,2024-04-30,4770
2024-05-24,1,transition,6.634823421730281e-117,0.9999999434574123,5.65425875570798e-08,2024-04-30,4770
2024-05-27,1,transition,1.2936756915085135e-116,0.9999999746603411,2.533965743978893e-08,2024-04-30,4770
2024-05-28,1,transition,4.454694160733444e-118,0.9999999687468919,3.125310355940222e-08,2024-04-30,4770
2024-05-29,1,transition,2.6594710546530646e-116,0.9999999523866461,4.761335347841559e-08,2024-04-30,4770
2024-05-30,1,transition,7.512852299713673e-115,0.999999939607024,6.039297548430617e-08,2024-04-30,4770
2024-05-31,1,transition,6.662126670248258e-111,0.9999916626834237,8.337316574048514e-06,2024-04-30,4770
2024-06-03,2,transition,0.0,1.0,1.530574850376755e-306,2024-05-31,4793
2024-06-04,2,transition,1.2454611655277014e-88,0.9999999999934062,6.599186654768534e-12,2024-05-31,4793
2024-06-05,2,transition,3.226776626857986e-50,0.9999999999911608,8.837580349105135e-12,2024-05-31,4793
2024-06-06,2,transition,5.1708235089296734e-49,0.9999999999897398,1.0261744661521271e-11,2024-05-31,4793
2024-06-07,2,transition,8.381927862429421e-52,0.9999999999860734,1.392042198972571e-11,2024-05-31,4793
2024-06-10,2,transition,2.27053278410431e-51,0.9999999999957652,4.228887430074928e-12,2024-05-31,4793
2024-06-11,2,transition,8.26145546396728e-52,0.9999999999947988,5.207244712463504e-12,2024-05-31,4793
2024-06-12,2,transition,7.253846310579195e-51,0.9999999999955094,4.493605383682671e-12,2024-05-31,4793
2024-06-13,2,transition,2.794902947290525e-49,0.9999999999949836,5.017290196344655e-12,2024-05-31,4793
2024-06-14,2,transition,1.3537682316810208e-48,0.9999999999903082,9.698939088788655e-12,2024-05-31,4793
2024-06-17,2,transition,3.599511065792817e-49,0.9999999999769784,2.3019029523113265e-11,2024-05-31,4793
2024-06-18,2,transition,7.516664777332731e-49,0.9999999999913598,8.638076210547818e-12,2024-05-31,4793
2024-06-19,2,transition,2.2202429955882878e-48,0.9999999999933635,6.636043703407489e-12,2024-05-31,4793
2024-06-20,2,transition,1.9707293983021305e-48,0.9999999999842117,1.5784259122405743e-11,2024-05-31,4793
2024-06-21,2,transition,4.4315387173972044e-48,0.9999999999889155,1.1087461806849657e-11,2024-05-31,4793
2024-06-24,2,transition,4.668250603428618e-48,0.9999999999888445,1.1157416498603795e-11,2024-05-31,4793
2024-06-25,2,transition,1.7880472230234616e-48,0.9999999999916582,8.341616186442949e-12,2024-05-31,4793
2024-06-26,2,transition,1.493866026722184e-48,0.9999999999896403,1.0363669283952627e-11,2024-05-31,4793
2024-06-27,2,transition,4.275108303179968e-48,0.9999999999942304,5.763847652808861e-12,2024-05-31,4793
2024-06-28,2,transition,1.9501121580208278e-45,0.9999999957039023,4.2960998927636235e-09,2024-05-31,4793
2024-07-01,2,transition,0.0,1.0,8.006425270847152e-268,2024-06-30,4813
2024-07-02,2,transition,4.464080907095331e-79,0.9999999999944293,5.564310131623651e-12,2024-06-30,4813
2024-07-03,2,transition,6.804234968521199e-49,0.999999999990095,9.898672364667113e-12,2024-06-30,4813
2024-07-04,2,transition,1.41163908383495e-47,0.9999999999903224,9.679027964086077e-12,2024-06-30,4813
2024-07-05,2,transition,4.455200620463786e-47,0.9999999999693472,3.064975415350939e-11,2024-06-30,4813
2024-07-08,2,transition,5.169109289283177e-46,0.9999999999781153,2.1884767748858407e-11,2024-06-30,4813
2024-07-09,2,transition,7.911857643390516e-46,0.999999999980588,1.9415309534761725e-11,2024-06-30,4813
2024-07-10,2,transition,1.2731284102013818e-46,0.9999999999569837,4.301651194821134e-11,2024-06-30,4813
2024-07-11,2,transition,1.9620570712321834e-44,0.9999999999491109,5.089583438981527e-11,2024-06-30,4813
2024-07-12,2,transition,1.7577864534107462e-43,0.9999999999830038,1.6989951454369165e-11,2024-06-30,4813
2024-07-15,2,transition,1.933155314137299e-43,0.9999999999549516,4.5051945455797786e-11,2024-06-30,4813
2024-07-16,2,transition,1.0694644316549927e-43,0.9999999999467661,5.3236020816003546e-11,2024-06-30,4813
2024-07-17,2,transition,2.7468718905978473e-43,0.9999999998905906,1.0941108899997605e-10,2024-06-30,4813
2024-07-18,2,transition,8.306302954285779e-44,0.9999999997680646,2.3193989747476542e-10,2024-06-30,4813
2024-07-19,2,transition,1.6048202996606866e-44,0.9999999996792752,3.207206932149024e-10,2024-06-30,4813
2024-07-22,2,transition,5.406120509188723e-45,0.9999999998435243,1.5647553429077304e-10,2024-06-30,4813
2024-07-23,2,transition,2.8923828660979725e-44,0.9999999999401297,5.98668723256389e-11,2024-06-30,4813
2024-07-24,2,transition,1.5045856273427261e-46,0.9999999948962,5.103795690460748e-09,2024-06-30,4813
2024-07-25,2,transition,1.7771696923084708e-44,0.9999999979727079,2.0272890591145738e-09,2024-06-30,4813
2024-07-26,2,transition,1.9829704230055336e-44,0.9999999994629718,5.370332446194134e-10,2024-06-30,4813
2024-07-29,2,transition,5.257177055638194e-44,0.9999999995717985,4.281948894707924e-10,2024-06-30,4813
2024-07-30,2,transition,8.988822748619086e-44,0.9999999987147419,1.2852637057680509e-09,2024-06-30,4813
2024-07-31,2,transition,2.64577585301481e-41,0.9999993456250573,6.543749467545349e-07,2024-06-30,4813
2024-08-01,1,transition,0.0,1.0,1.303937497951625e-152,2024-07-31,4836
2024-08-02,0,stress,1.7355540335603207e-63,1.5525808398926848e-07,0.9999998447419053,2024-07-31,4836
2024-08-05,0,stress,5.418004740527028e-63,1.7642328085740762e-43,1.0,2024-07-31,4836
2024-08-06,0,stress,1.6599919784023582e-38,5.3141854001040396e-14,0.9999999999999432,2024-07-31,4836
2024-08-07,0,stress,6.211790720053448e-37,1.7880898927379422e-08,0.9999999821191069,2024-07-31,4836
2024-08-08,0,stress,5.559307772533626e-35,0.0010251801908293299,0.9989748198091697,2024-07-31,4836
2024-08-09,1,transition,2.984792547294375e-28,0.951748118502592,0.04825188149739668,2024-07-31,4836
2024-08-12,1,transition,6.368157207891915e-29,0.9807199895310599,0.019280010468946337,2024-07-31,4836
2024-08-13,1,transition,4.2420415995857493e-29,0.9984155498619739,0.0015844501380331908,2024-07-31,4836
2024-08-14,1,transition,5.982456287143028e-28,0.9998225394416258,0.00017746055836765826,2024-07-31,4836
2024-08-15,1,transition,1.4197957845716907e-29,0.9999409920844824,5.900791552170455e-05,2024-07-31,4836
2024-08-16,1,transition,1.2307023167212893e-29,0.9999931469888906,6.853011097020998e-06,2024-07-31,4836
2024-08-19,1,transition,6.760581545586297e-31,0.9999945400476078,5.459952390813635e-06,2024-07-31,4836
2024-08-20,1,transition,4.437797930298665e-30,0.9999968161239489,3.1838760633356396e-06,2024-07-31,4836
2024-08-21,1,transition,1.98821761800002e-29,0.9999997029250821,2.9707490986262695e-07,2024-07-31,4836
2024-08-22,1,transition,6.715535579030067e-32,0.9999996484486694,3.5155133299841596e-07,2024-07-31,4836
2024-08-23,1,transition,4.45449978005443e-31,0.9999997864019804,2.1359802554662248e-07,2024-07-31,4836
2024-08-26,1,transition,2.372895000428122e-30,0.9999997363971779,2.636028245641167e-07,2024-07-31,4836
2024-08-27,1,transition,1.2341730305481906e-29,0.9999997750948606,2.249051332671873e-07,2024-07-31,4836
2024-08-28,1,transition,2.508358316714857e-30,0.9999998835710994,1.16428888083301e-07,2024-07-31,4836
2024-08-29,1,transition,4.579129731993795e-30,0.9999999304584459,6.954156051305504e-08,2024-07-31,4836
2024-08-30,1,transition,2.380258465017395e-27,0.9999910417502572,8.958249752600497e-06,2024-07-31,4836
2024-09-02,1,transition,0.0,1.0,1.808482851606882e-264,2024-08-31,4858
2024-09-03,2,stress,2.0218079230197298e-63,0.1492139930262475,0.8507860069737511,2024-08-31,4858
2024-09-04,2,stress,5.225617390708531e-61,0.1314452737697635,0.8685547262302445,2024-08-31,4858
2024-09-05,2,stress,5.241736903161662e-60,0.12632414883107487,0.8736758511689213,2024-08-31,4858
2024-09-06,2,stress,1.751420017864463e-57,0.061089739235525554,0.9389102607644799,2024-08-31,4858
2024-09-09,2,stress,2.3225125161497985e-57,0.06990175412265395,0.9300982458773526,2024-08-31,4858
2024-09-10,1,transition,3.678479200938819e-55,0.9171590778806997,0.08284092211929274,2024-08-31,4858
2024-09-11,1,transition,1.4360160276293798e-57,0.9954875509946979,0.004512449005301666,2024-08-31,4858
2024-09-12,1,transition,6.003340140058476e-59,0.9995876471785797,0.0004123528214079912,2024-08-31,4858
2024-09-13,1,transition,1.208630008420513e-56,0.9993523406048562,0.0006476593951341717,2024-08-31,4858
2024-09-16,1,transition,3.2835035056376875e-56,0.9997527261846232,0.00024727381536564805,2024-08-31,4858
2024-09-17,1,transition,1.2248646581814046e-57,0.9999130193374353,8.698066257462907e-05,2024-08-31,4858
2024-09-18,1,transition,2.5360069264163238e-58,0.999980808940854,1.919105915231092e-05,2024-08-31,4858
2024-09-19,1,transition,4.2483312779108914e-57,0.999970362408989,2.9637591021146694e-05,2024-08-31,4858
2024-09-20,1,transition,4.957875435027802e-58,0.9999993733266851,6.26673314958952e-07,2024-08-31,4858
2024-09-23,1,transition,8.11204755628515e-58,0.9999996412086962,3.5879129200238315e-07,2024-08-31,4858
2024-09-24,1,transition,1.7714323702625062e-56,0.9999996356725471,3.643274485584752e-07,2024-08-31,4858
2024-09-25,1,transition,2.4364422240423355e-56,0.9999989247502111,1.0752497837689362e-06,2024-08-31,4858
2024-09-26,1,transition,1.925086388652897e-59,0.9999998408777186,1.591222825177474e-07,2024-08-31,4858
2024-09-27,1,transition,4.077223615770847e-57,0.9999991580863101,8.419136902476919e-07,2024-08-31,4858
2024-09-30,1,transition,7.988759035697978e-57,0.9999505026790704,4.949732093556723e-05,2024-08-31,4858
2024-10-01,2,transition,0.0,1.0,9.030456517910947e-269,2024-09-30,4879
2024-10-02,2,transition,1.543093954047392e-57,0.9999999799608192,2.003919076804979e-08,2024-09-30,4879
2024-10-03,2,transition,8.127261074799421e-34,0.9999998969050576,1.0309495490064197e-07,2024-09-30,4879
2024-10-04,2,transition,1.0065742003880474e-34,0.9999985235258848,1.4764741192764743e-06,2024-09-30,4879
2024-10-07,2,transition,1.6012917681518393e-36,0.999992736063355,7.263936633395455e-06,2024-09-30,4879
2024-10-08,2,transition,7.694070994055975e-36,0.9999932933336393,6.70666635869412e-06,2024-09-30,4879
2024-10-09,2,transition,1.6036778642211541e-35,0.9999904432309205,9.556769073087895e-06,2024-09-30,4879
2024-10-10,2,transition,8.241388815949635e-35,0.9999967219241638,3.278075829115921e-06,2024-09-30,4879
2024-10-11,2,transition,6.601384076943486e-35,0.999998615116446,1.3848835434877895e-06,2024-09-30,4879
2024-10-14,2,transition,1.2042577547716623e-35,0.9999974410273523,2.558972648599147e-06,2024-09-30,4879
2024-10-15,2,transition,1.5010646580035105e-35,0.9999993697670103,6.302329911654236e-07,2024-09-30,4879
2024-10-16,2,transition,1.801228270333163e-35,0.9999999302660878,6.97338999164837e-08,2024-09-30,4879
2024-10-17,2,transition,1.4665762352817374e-35,0.9999996878507237,3.121492832649641e-07,2024-09-30,4879
2024-10-18,2,transition,1.2902058216719408e-34,0.9999999738142836,2.6185720012834032e-08,2024-09-30,4879
2024-10-21,2,transition,1.4833013247876733e-36,0.9999999413580286,5.8641974867147645e-08,2024-09-30,4879
2024-10-22,2,transition,2.961872789325291e-36,0.9999999767211423,2.3278854694447548e-08,2024-09-30,4879
2024-10-23,2,transition,5.538202464592062e-38,0.9999999770498678,2.295013237171124e-08,2024-09-30,4879
2024-10-24,2,transition,1.819197854853119e-38,0.9999999851272322,1.4872763998635239e-08,2024-09-30,4879
2024-10-25,2,transition,3.922122988450391e-39,0.999999930766992,6.923301334438578e-08,2024-09-30,4879
2024-10-28,2,transition,1.2718839549332628e-38,0.9999999419612225,5.8038782847892134e-08,2024-09-30,4879
2024-10-29,2,transition,5.380372966341556e-38,0.9999999527440775,4.725592779080505e-08,2024-09-30,4879
2024-10-30,2,transition,6.547586421318993e-39,0.999997270452271,2.729547719667725e-06,2024-09-30,4879
2024-10-31,2,transition,1.0221237894287063e-37,0.999814483928512,0.00018551607147847818,2024-09-30,4879
2024-11-01,1,transition,0.0,1.0,1.219924728637069e-245,2024-10-31,4902
2024-11-04,2,stress,4.184086884386355e-75,0.00021775112652225442,0.9997822488734682,2024-10-31,4902
2024-11-05,2,stress,3.237469627396155e-76,3.0738826780445463e-07,0.999999692611728,2024-10-31,4902
2024-11-06,2,stress,7.428379001071842e-77,1.015815319784284e-06,0.9999989841846898,2024-10-31,4902
2024-11-07,2,stress,9.639890098613103e-76,0.001863655149118438,0.9981363448508886,2024-10-31,4902
2024-11-08,2,stress,8.785431925406138e-77,0.022971276860221743,0.9770287231397887,2024-10-31,4902
2024-11-11,2,stress,2.6434687800564244e-76,0.055315629772520164,0.9446843702274786,2024-10-31,4902
2024-11-12,2,stress,9.468555434295622e-79,0.48658616972993085,0.5134138302700632,2024-10-31,4902
2024-11-13,1,transition,4.538665994910502e-78,0.9992765030927342,0.0007234969072653637,2024-10-31,4902
2024-11-14,1,transition,1.0853074888145466e-83,0.9999972828345813,2.717165421053324e-06,2024-10-31,4902
2024-11-15,1,transition,1.919588665772239e-80,0.9999906817479466,9.31825204872108e-06,2024-10-31,4902
2024-11-18,1,transition,2.8208417184200203e-80,0.9999957913029679,4.208697033834804e-06,2024-10-31,4902
2024-11-19,1,transition,1.4079387412071103e-80,0.9999990656877559,9.343122518912727e-07,2024-10-31,4902
2024-11-20,1,transition,4.284331911172655e-82,0.9999994801909723,5.198090316534383e-07,2024-10-31,4902
2024-11-21,1,transition,2.4421949174273083e-83,0.999999536758218,4.6324177039602054e-07,2024-10-31,4902
2024-11-22,1,transition,2.017946078427671e-85,0.9999997813079017,2.1869209642497272e-07,2024-10-31,4902
2024-11-25,1,transition,1.0162368774841224e-82,0.999997588039558,2.411960433311538e-06,2024-10-31,4902
2024-11-26,1,transition,2.047744530388007e-80,0.9999997894137715,2.1058621518759026e-07,2024-10-31,4902
2024-11-27,1,transition,8.39238130907028e-80,0.999999575300142,4.246998454978451e-07,2024-10-31,4902
2024-11-28,1,transition,2.904751133861681e-81,0.9999999455381797,5.4461827251452824e-08,2024-10-31,4902
2024-11-29,1,transition,1.0208362897425373e-76,0.9999859758025318,1.402419745644569e-05,2024-10-31,4902
2024-12-02,1,transition,0.0,1.0,3.760975313332077e-265,2024-11-30,4923
2024-12-03,1,transition,7.923805189459062e-204,0.9999999999414229,5.85823397159193e-11,2024-11-30,4923
2024-12-04,1,transition,1.906093077129509e-30,0.999999999945544,5.446189065502651e-11,2024-11-30,4923
2024-12-05,1,transition,6.186561045060654e-30,0.9999999999300968,6.989701533134114e-11,2024-11-30,4923
2024-12-06,1,transition,1.9188292059698436e-29,0.9999999999280362,7.196484697449659e-11,2024-11-30,4923
2024-12-09,1,transition,3.331966347497622e-30,0.9999999998930207,1.0698067992129577e-10,2024-11-30,4923
2024-12-10,1,transition,8.537974847629135e-30,0.9999999999102727,8.972870880872964e-11,2024-11-30,4923
2024-12-11,1,transition,1.1978081851445387e-30,0.9999999998439648,1.5604022063799209e-10,2024-11-30,4923
2024-12-12,1,transition,4.5297764328042925e-31,0.9999999998999556,1.0005060408733839e-10,2024-11-30,4923
2024-12-13,1,transition,2.098675308768508e-31,0.9999999998489955,1.5101040957128764e-10,2024-11-30,4923
2024-12-16,1,transition,6.438454113499901e-31,0.9999999998713633,1.286303083896875e-10,2024-11-30,4923
2024-12-17,1,transition,6.443165466527127e-29,0.9999999998052402,1.9475325565837804e-10,2024-11-30,4923
2024-12-18,1,transition,5.712016478552766e-43,0.999999980245889,1.9754110567182643e-08,2024-11-30,4923
2024-12-19,1,transition,6.35499716343023e-36,0.9999999992349444,7.650595712356381e-10,2024-11-30,4923
2024-12-20,1,transition,2.5408114279314227e-35,0.9999999997993569,2.0063766049061115e-10,2024-11-30,4923
2024-12-23,1,transition,9.346077044297488e-35,0.9999999996366995,3.633041696119551e-10,2024-11-30,4923
2024-12-24,1,transition,2.6202492469442283e-34,0.9999999996039861,3.9601747077299257e-10,2024-11-30,4923
2024-12-26,1,transition,1.3690697808592323e-33,0.9999999998923954,1.0760891171792095e-10,2024-11-30,4923
2024-12-27,1,transition,6.23495174519253e-35,0.9999999996586837,3.4131384102806605e-10,2024-11-30,4923
2024-12-30,1,transition,9.642006898577539e-31,0.9999999993067377,6.932650627656665e-10,2024-11-30,4923
2024-12-31,1,transition,7.111393731429692e-25,0.9999995131200499,4.86879953156928e-07,2024-11-30,4923
2025-01-02,1,transition,0.0,1.0,6.4194284382748435e-242,2024-12-31,4944
2025-01-03,1,transition,7.960273162517948e-78,0.9998994867026855,0.00010051329732064607,2024-12-31,4944
2025-01-06,1,transition,1.1148211994758466e-77,0.9999963025387475,3.6974612653747055e-06,2024-12-31,4944
2025-01-07,1,transition,8.762730042791621e-77,0.9999697525518786,3.024744812575603e-05,2024-12-31,4944
2025-01-08,1,transition,4.9312707922651955e-77,0.9999887150420473,1.128495796032395e-05,2024-12-31,4944
2025-01-09,1,transition,9.53116032600438e-76,0.9998824322122318,0.0001175677877544413,2024-12-31,4944
2025-01-10,1,transition,1.4522887301689386e-79,0.9985877295897966,0.0014122704102033196,2024-12-31,4944
2025-01-13,1,transition,1.0927012737121658e-79,0.9983446374287425,0.0016553625712643209,2024-12-31,4944
2025-01-14,1,transition,1.4706763535247062e-78,0.9979796898707196,0.0020203101292856703,2024-12-31,4944
2025-01-15,1,transition,3.302027380653232e-77,0.9938477410135498,0.0061522589864404596,2024-12-31,4944
2025-01-16,1,transition,3.875606081136204e-74,0.999431173222089,0.0005688267778996722,2024-12-31,4944
2025-01-17,1,transition,4.639132818369096e-78,0.9999126792117699,8.732078823137783e-05,2024-12-31,4944
2025-01-20,1,transition,2.627122822056467e-78,0.9999843579086989,1.564209129246027e-05,2024-12-31,4944
2025-01-21,1,transition,2.9736728051552755e-79,0.9999841019192801,1.5898080731464827e-05,2024-12-31,4944
2025-01-22,1,transition,9.395747201308467e-80,0.9999978892337645,2.110766236838788e-06,2024-12-31,4944
2025-01-23,1,transition,1.0859328827607976e-78,0.999992070071024,7.929928981075672e-06,2024-12-31,4944
2025-01-24,1,transition,2.2416164474142873e-78,0.9999959556225166,4.0443774701000325e-06,2024-12-31,4944
2025-01-27,1,transition,8.900792709193496e-75,0.9998482709288565,0.00015172907113874767,2024-12-31,4944
2025-01-28,1,transition,3.8911584106371315e-76,0.9999954866276927,4.5133723004254254e-06,2024-12-31,4944
2025-01-29,1,transition,2.891693561530166e-77,0.9999992407672704,7.59232729494849e-07,2024-12-31,4944
2025-01-30,1,transition,1.9312571441974638e-77,0.9999983600883215,1.6399116775983213e-06,2024-12-31,4944
2025-01-31,1,transition,9.209263792764732e-74,0.9999272590323511,7.274096764474821e-05,2024-12-31,4944
2025-02-03,0,transition,0.0,1.0,4.781280550417339e-302,2025-01-31,4966
2025-02-04,0,transition,0.0,0.9999999998782272,1.2177281963862465e-10,2025-01-31,4966
2025-02-05,0,transition,2.909109148131555e-34,0.9999999999295284,7.046802658391486e-11,2025-01-31,4966
2025-02-06,0,transition,1.0574995382715251e-33,0.9999999999134275,8.656977317899048e-11,2025-01-31,4966
2025-02-07,0,transition,3.0269901730615175e-35,0.9999999999332942,6.671109126385901e-11,2025-01-31,4966
2025-02-10,0,transition,1.1899037855510365e-34,0.9999999999548237,4.517391115107813e-11,2025-01-31,4966
2025-02-11,0,transition,8.353778065820321e-35,0.9999999999404849,5.950845260182156e-11,2025-01-31,4966
2025-02-12,0,transition,3.275346865690258e-36,0.9999999999157723,8.422468793738775e-11,2025-01-31,4966
2025-02-13,0,transition,1.409731020560002e-36,0.9999999999624265,3.7579642199026087e-11,2025-01-31,4966
2025-02-14,0,transition,1.407927540987949e-34,0.9999999999469651,5.3032598410550454e-11,2025-01-31,4966
2025-02-17,0,transition,6.976574405927978e-34,0.9999999999489546,5.104597833317208e-11,2025-01-31,4966
2025-02-18,0,transition,1.0864979826981148e-34,0.9999999999188418,8.115835227546063e-11,2025-01-31,4966
2025-02-19,0,transition,4.118881296327792e-34,0.9999999999258193,7.418137197072053e-11,2025-01-31,4966
2025-02-20,0,transition,6.533178771941989e-33,0.9999999999132001,8.679441937201348e-11,2025-01-31,4966
2025-02-21,0,transition,6.2584780634407254e-34,0.9999999989654214,1.0345727751856139e-09,2025-01-31,4966
2025-02-24,0,transition,7.265051622217664e-32,0.9999999997487663,2.512296382016316e-10,2025-01-31,4966
2025-02-25,0,transition,2.680090322344852e-32,0.9999999991716777,8.283271092132158e-10,2025-01-31,4966
2025-02-26,0,transition,1.8387812335443635e-30,0.9999999992283506,7.71645782908293e-10,2025-01-31,4966
2025-02-27,0,transition,1.501463194072366e-29,0.9999999962734023,3.726602871423086e-09,2025-01-31,4966
2025-02-28,0,transition,3.9364876315312696e-24,0.999999529920839,4.700791656238158e-07,2025-01-31,4966
2025-03-03,2,transition,0.0,1.0,0.0,2025-02-28,4986
2025-03-04,2,transition,3.0477164619251937e-100,0.9999999706924432,2.9307553324643965e-08,2025-02-28,4986
2025-03-05,2,transition,6.809840511964199e-41,0.9999999658182622,3.41817456633394e-08,2025-02-28,4986
2025-03-06,2,transition,7.183590098945652e-42,0.9999999200556747,7.994432654608195e-08,2025-02-28,4986
2025-03-07,2,transition,1.8023020400110125e-41,0.9999999258568294,7.414317241245157e-08,2025-02-28,4986
2025-03-10,2,transition,5.825062175359899e-44,0.999993286522934,6.713477079480776e-06,2025-02-28,4986
2025-03-11,2,transition,7.065678313451904e-42,0.9999997796983523,2.203016355024095e-07,2025-02-28,4986
2025-03-12,2,transition,2.0565387026675316e-42,0.9999997521521232,2.4784786784561367e-07,2025-02-28,4986
2025-03-13,2,transition,4.438997880086271e-41,0.9999999107803359,8.921967633890311e-08,2025-02-28,4986
2025-03-14,2,transition,3.006258508287155e-43,0.9999986466750164,1.3533249906308393e-06,2025-02-28,4986
2025-03-17,2,transition,1.4758724246823428e-40,0.9999999967661779,3.2338119851701143e-09,2025-02-28,4986
2025-03-18,2,transition,2.2808749579194855e-43,0.9999999916464617,8.35354643124794e-09,2025-02-28,4986
2025-03-19,2,transition,6.68893505464386e-42,0.9999999935645292,6.435474109976433e-09,2025-02-28,4986
2025-03-20,2,transition,3.9558881474408937e-41,0.9999999874586082,1.2541378800793286e-08,2025-02-28,4986
2025-03-21,2,transition,2.5861508640520205e-39,0.9999999922885081,7.71148089269442e-09,2025-02-28,4986
2025-03-24,2,transition,1.5267832822459224e-40,0.99999979109321,2.089067962666584e-07,2025-02-28,4986
2025-03-25,2,transition,1.0281981560254552e-38,0.9999999568417204,4.31582706935759e-08,2025-02-28,4986
2025-03-26,2,transition,2.753552735565259e-39,0.9999998364079509,1.635920461268289e-07,2025-02-28,4986
2025-03-27,2,transition,3.5113025341644423e-38,0.9999999481676425,5.183235934424351e-08,2025-02-28,4986
2025-03-28,2,transition,8.676446561152752e-40,0.9999979929685271,2.007031469318658e-06,2025-02-28,4986
2025-03-31,2,transition,2.8211441289273983e-36,0.9999816563825913,1.834361741816271e-05,2025-02-28,4986
2025-04-01,1,transition,0.0,1.0,1.267569056163439e-227,2025-03-31,5007
2025-04-02,2,stress,5.84304102607973e-60,0.2816105131854307,0.7183894868145769,2025-03-31,5007
2025-04-03,2,stress,1.2109325093230045e-61,3.409114958472072e-19,1.0,2025-03-31,5007
2025-04-04,2,stress,1.3838722833758884e-71,9.649670262586211e-49,1.0,2025-03-31,5007
2025-04-07,2,stress,5.06106007725348e-75,1.2320540756388085e-53,1.0,2025-03-31,5007
2025-04-08,2,stress,3.2177991664758595e-74,1.2375337396210834e-69,1.0,2025-03-31,5007
2025-04-09,2,stress,3.640297245135396e-106,8.252748556578442e-102,1.0,2025-03-31,5007
2025-04-10,2,stress,2.8653101881659935e-69,2.0632501940332427e-48,1.0,2025-03-31,5007
2025-04-11,2,stress,4.972732660291091e-68,7.255004958857852e-46,1.0,2025-03-31,5007
2025-04-14,2,stress,1.138753079927289e-65,2.0574106941989164e-42,1.0,2025-03-31,5007
2025-04-15,2,stress,1.9742797057209137e-66,4.497978870082139e-46,1.0,2025-03-31,5007
2025-04-16,2,stress,1.0319123800250065e-64,1.4891612560526308e-46,1.0,2025-03-31,5007
2025-04-17,2,stress,1.4314372287510582e-62,2.7642487066221315e-41,1.0,2025-03-31,5007
2025-04-21,2,stress,3.981907063484005e-65,1.1916052745986743e-48,1.0,2025-03-31,5007
2025-04-22,2,stress,5.588126115506515e-68,2.231555802996194e-49,1.0,2025-03-31,5007
2025-04-23,2,stress,2.200980208242682e-67,2.3414109335887414e-47,1.0,2025-03-31,5007
2025-04-24,2,stress,2.1804434553027014e-65,2.518881807873829e-47,1.0,2025-03-31,5007
2025-04-25,2,stress,3.3587345668138866e-64,7.352716039807807e-50,1.0,2025-03-31,5007
2025-04-28,2,stress,1.3238365168814957e-62,7.631720819986554e-51,1.0,2025-03-31,5007
2025-04-29,2,stress,5.129847870140976e-61,7.696527127417484e-50,1.0,2025-03-31,5007
2025-04-30,2,stress,3.070691575678103e-57,5.106805513865255e-48,1.0,2025-03-31,5007
2025-05-01,0,transition,0.0,1.0,0.0,2025-04-30,5028
2025-05-02,1,stress,0.0,5.673097136539735e-19,1.0,2025-04-30,5028
2025-05-05,1,stress,1.7291422701054294e-33,1.4959072602442591e-16,1.0,2025-04-30,5028
2025-05-06,1,stress,8.631381481660985e-34,9.587936112111096e-17,1.0,2025-04-30,5028
2025-05-07,1,stress,8.018755012149162e-33,1.3656952936008124e-10,0.9999999998634053,2025-04-30,5028
2025-05-08,0,transition,9.96188548805394e-20,0.8892394973846751,0.11076050261533706,2025-04-30,5028
2025-05-09,0,transition,6.862004827128684e-17,0.9934297696291708,0.006570230370852392,2025-04-30,5028
2025-05-12,0,transition,1.2760462249559034e-22,0.9950786888802056,0.004921311119773538,2025-04-30,5028
2025-05-13,0,transition,1.2545594412578154e-20,0.9997954406672135,0.00020455933278433572,2025-04-30,5028
2025-05-14,0,transition,2.0763495977195686e-23,0.9999832307711671,1.6769228849154794e-05,2025-04-30,5028
2025-05-15,0,transition,1.0406117848959393e-23,0.999999749923947,2.500760623922646e-07,2025-04-30,5028
2025-05-16,0,transition,2.4729642003461e-25,0.9999999323453631,6.76546359543556e-08,2025-04-30,5028
2025-05-19,0,transition,1.1411137179890278e-23,0.9999999889496395,1.105033600657019e-08,2025-04-30,5028
2025-05-20,0,transition,5.34133310744844e-23,0.9999999736896829,2.6310342980131614e-08,2025-04-30,5028
2025-05-21,0,transition,2.9469439185572498e-27,0.9999995877310252,4.1226896204044785e-07,2025-04-30,5028
2025-05-22,0,transition,1.160257947390748e-22,0.9999998769150769,1.2308491504679407e-07,2025-04-30,5028
2025-05-23,0,transition,2.557136689573758e-24,0.9999996220019657,3.779980465590095e-07,2025-04-30,5028
2025-05-26,0,transition,3.374251236849954e-24,0.9999997276721417,2.723278643197234e-07,2025-04-30,5028
2025-05-27,0,transition,1.3951803674507978e-26,0.9999999303418032,6.965817767113404e-08,2025-04-30,5028
2025-05-28,0,transition,3.2260630310086825e-24,0.9999999745794529,2.5420568475238325e-08,2025-04-30,5028
2025-05-29,0,transition,4.900134729337283e-22,0.9999999246538807,7.534611840434919e-08,2025-04-30,5028
2025-05-30,0,transition,2.98790844212966e-17,0.9999846518653086,1.5348134687765982e-05,2025-04-30,5028
2025-06-02,1,transition,0.0,1.0,1.4407434382040354e-221,2025-05-31,5050
2025-06-03,1,transition,3.5057478703098966e-218,0.9999999824825069,1.7517493791510443e-08,2025-05-31,5050
2025-06-04,1,transition,4.894905482848532e-24,0.9999999807849635,1.9215041628785138e-08,2025-05-31,5050
2025-06-05,1,transition,6.737516340730958e-24,0.9999999804656456,1.95343456778732e-08,2025-05-31,5050
2025-06-06,1,transition,6.478596997283595e-25,0.9999999607143771,3.9285614076043125e-08,2025-05-31,5050
2025-06-09,1,transition,3.742362398203304e-23,0.9999999877177858,1.2282211576931152e-08,2025-05-31,5050
2025-06-10,1,transition,1.8435189575462423e-23,0.999999991521662,8.478347750185738e-09,2025-05-31,5050
2025-06-11,1,transition,2.4363339211326113e-23,0.9999999821302766,1.7869728346303746e-08,2025-05-31,5050
2025-06-12,1,transition,2.171257868238762e-22,0.9999999845614981,1.543851189452791e-08,2025-05-31,5050
2025-06-13,1,transition,3.558648377246207e-24,0.9999999070202862,9.297971887018045e-08,2025-05-31,5050
2025-06-16,1,transition,2.006328204680848e-22,0.9999999620995943,3.7900418516342897e-08,2025-05-31,5050
2025-06-17,1,transition,1.4611485630193196e-23,0.9999998902963287,1.0970367663432879e-07,2025-05-31,5050
2025-06-18,1,transition,1.524902286963701e-21,0.9999999465918009,5.340818989350944e-08,2025-05-31,5050
2025-06-19,1,transition,1.3509074489334567e-22,0.9999997601431406,2.3985686543970114e-07,2025-05-31,5050
2025-06-20,1,transition,3.1402110921783896e-21,0.9999998749162067,1.250838023796674e-07,2025-05-31,5050
2025-06-23,1,transition,3.256489970558094e-22,0.9999999225351844,7.746481009383558e-08,2025-05-31,5050
2025-06-24,1,transition,5.837899404484795e-21,0.9999999464717192,5.352828384992065e-08,2025-05-31,5050
2025-06-25,1,transition,1.6556546891945113e-19,0.9999999000997711,9.990023949834806e-08,2025-05-31,5050
2025-06-26,1,transition,2.8590722731986737e-18,0.9999998156671835,1.8433280342715476e-07,2025-05-31,5050
2025-06-27,1,transition,1.1662301581541466e-16,0.9999968066849587,3.1933150273776077e-06,2025-05-31,5050
2025-06-30,1,transition,5.328140856266315e-13,0.9999385749258276,6.142507365046777e-05,2025-05-31,5050
2025-07-01,1,transition,0.0,1.0,2.41392770821814e-243,2025-06-30,5071
2025-07-02,2,stress,3.686168072292989e-30,0.0018388576645844445,0.9981611423354259,2025-06-30,5071
2025-07-03,2,stress,5.489281247012245e-27,3.4877945193989513e-06,0.9999965122054847,2025-06-30,5071
2025-07-04,2,stress,2.9664933626310077e-27,6.47533868039131e-08,0.9999999352466226,2025-06-30,5071
2025-07-07,2,stress,3.3377945305667614e-27,8.180112893177303e-08,0.9999999181988846,2025-06-30,5071
2025-07-08,2,stress,2.036721793106908e-26,6.071025320669349e-07,0.9999993928974642,2025-06-30,5071
2025-07-09,2,stress,1.8864625714368854e-26,3.353359101894419e-06,0.9999966466409042,2025-06-30,5071
2025-07-10,2,stress,1.3752096379221976e-25,9.295594716837602e-06,0.9999907044052951,2025-06-30,5071
2025-07-11,2,stress,3.3633591904940384e-26,2.7367978568552845e-07,0.9999997263202066,2025-06-30,5071
2025-07-14,2,stress,6.682909535020315e-27,1.4655866136330065e-08,0.9999999853441467,2025-06-30,5071
2025-07-15,2,stress,1.0744753866997023e-27,2.8761629904896227e-09,0.9999999971238367,2025-06-30,5071
2025-07-16,2,stress,4.838189585652586e-27,3.5989171281807573e-09,0.9999999964010726,2025-06-30,5071
2025-07-17,2,stress,8.333197228157066e-27,2.0505052204317493e-08,0.999999979494959,2025-06-30,5071
2025-07-18,2,stress,3.0947401874038e-26,2.7476399765362e-08,0.999999972523597,2025-06-30,5071
2025-07-21,2,stress,2.1682863391695997e-26,2.007910926884709e-08,0.9999999799208867,2025-06-30,5071
2025-07-22,2,stress,4.509815628521033e-26,6.883494564999184e-09,0.9999999931165178,2025-06-30,5071
2025-07-23,2,stress,3.0309381457925983e-26,5.899573840631262e-08,0.9999999410042637,2025-06-30,5071
2025-07-24,2,stress,2.806895888617673e-26,1.9729099116266424e-07,0.9999998027090181,2025-06-30,5071
2025-07-25,2,stress,1.566920727495192e-26,4.999028348541112e-07,0.9999995000971579,2025-06-30,5071
2025-07-28,2,stress,2.1363779327856975e-26,2.1617231543412724e-07,0.9999997838276846,2025-06-30,5071
2025-07-29,2,stress,7.711536470079156e-27,5.6992684444853596e-08,0.999999943007312,2025-06-30,5071
2025-07-30,2,stress,1.624081758450987e-26,1.3866385342976383e-06,0.9999986133614648,2025-06-30,5071
2025-07-31,2,stress,2.0992944181551637e-25,6.145208804932006e-06,0.999993854791181,2025-06-30,5071
2025-08-01,1,transition,0.0,1.0,7.461809323105047e-240,2025-07-31,5094
2025-08-04,1,transition,5.9624073230482595e-254,0.9999999043785738,9.562143209672416e-08,2025-07-31,5094
2025-08-05,1,transition,4.9276762981757916e-21,0.9999999756092851,2.4390714682245637e-08,2025-07-31,5094
2025-08-06,1,transition,1.6536257502094004e-21,0.9999999729836592,2.7016341781971355e-08,2025-07-31,5094
2025-08-07,1,transition,2.626352047745052e-21,0.9999999816801337,1.8319879132855694e-08,2025-07-31,5094
2025-08-08,1,transition,1.1880364741199167e-21,0.9999999850579401,1.4942048349269557e-08,2025-07-31,5094
2025-08-11,1,transition,1.0294227966014156e-21,0.9999999878760094,1.2123999858102145e-08,2025-07-31,5094
2025-08-12,1,transition,1.195713126729334e-21,0.9999999806645692,1.9335419718876636e-08,2025-07-31,5094
2025-08-13,1,transition,5.4919604239681365e-21,0.9999999811701346,1.8829864868467295e-08,2025-07-31,5094
2025-08-14,1,transition,3.537137147224982e-21,0.9999999781163924,2.188359685416733e-08,2025-07-31,5094
2025-08-15,1,transition,2.1339753219736396e-21,0.9999999751630927,2.4836905018373232e-08,2025-07-31,5094
2025-08-18,1,transition,7.380680244290197e-21,0.9999999810837894,1.8916219622248815e-08,2025-07-31,5094
2025-08-19,1,transition,3.450516904193047e-21,0.9999999507600433,4.923995815160307e-08,2025-07-31,5094
2025-08-20,1,transition,7.247347124930599e-21,0.999999954222461,4.577753689546889e-08,2025-07-31,5094
2025-08-21,1,transition,1.5689987617131538e-21,0.9999999557784075,4.4221594936098224e-08,2025-07-31,5094
2025-08-22,1,transition,1.0171711032321585e-21,0.9999999256838833,7.431611571282497e-08,2025-07-31,5094
2025-08-25,1,transition,2.1231650548052783e-20,0.9999999318544065,6.814558844098172e-08,2025-07-31,5094
2025-08-26,1,transition,7.662852336793668e-20,0.9999999578498384,4.215017490122052e-08,2025-07-31,5094
2025-08-27,1,transition,6.932449243666292e-19,0.9999999367024677,6.329751917052289e-08,2025-07-31,5094
2025-08-28,1,transition,8.874327740610501e-17,0.9999996170142987,3.829857013842744e-07,2025-07-31,5094
2025-08-29,1,transition,2.531948940477887e-13,0.9999444086126047,5.559138712970401e-05,2025-07-31,5094
2025-09-01,2,transition,0.0,1.0,4.53658346873488e-234,2025-08-31,5115
2025-09-02,2,transition,9.98343732459376e-70,0.999986802672312,1.319732769757932e-05,2025-08-31,5115
2025-09-03,2,transition,1.0715343785623805e-69,0.9999907823808973,9.217619113347254e-06,2025-08-31,5115
2025-09-04,2,transition,1.5549672185543156e-69,0.999995845092107,4.154907882819034e-06,2025-08-31,5115
2025-09-05,2,transition,8.663918899566103e-67,0.9999970994044535,2.90059555253926e-06,2025-08-31,5115
2025-09-08,2,transition,3.9400180388979573e-66,0.9999991355625794,8.644374188696627e-07,2025-08-31,5115
2025-09-09,2,transition,3.542455464004673e-68,0.9999974284739134,2.571526087842298e-06,2025-08-31,5115
2025-09-10,2,transition,1.333333014276001e-68,0.999997949504233,2.0504957610987643e-06,2025-08-31,5115
2025-09-11,2,transition,4.993193492771814e-69,0.9999988057799979,1.1942200010367354e-06,2025-08-31,5115
2025-09-12,2,transition,7.078868157592905e-69,0.9999985063557303,1.4936442733933527e-06,2025-08-31,5115
2025-09-15,2,transition,7.455662540254418e-68,0.9999958757615056,4.124238504149241e-06,2025-08-31,5115
2025-09-16,2,transition,3.601916069062486e-66,0.9999920721509934,7.927849000943628e-06,2025-08-31,5115
2025-09-17,2,transition,5.709541062722801e-68,0.9999958977688848,4.102231106363303e-06,2025-08-31,5115
2025-09-18,2,transition,1.047084642563329e-68,0.9999960122097707,3.987790234389442e-06,2025-08-31,5115
2025-09-19,2,transition,1.8300842589069771e-68,0.9999761352240851,2.3864775918348734e-05,2025-08-31,5115
2025-09-22,2,transition,2.4558578772002123e-69,0.9999213883114592,7.861168854352208e-05,2025-08-31,5115
2025-09-23,2,transition,5.236074051725164e-69,0.9999294178344831,7.058216551878676e-05,2025-08-31,5115
2025-09-24,2,transition,9.592568494107853e-70,0.9999779268538435,2.2073146151914027e-05,2025-08-31,5115
2025-09-25,2,transition,4.684060430455076e-72,0.9999865666117853,1.343338822655583e-05,2025-08-31,5115
2025-09-26,2,transition,7.099726226453931e-72,0.9999874327436504,1.256725635520025e-05,2025-08-31,5115
2025-09-29,2,transition,6.287259138327819e-71,0.9998225938274596,0.0001774061725443851,2025-08-31,5115
2025-09-30,2,transition,2.424362941424617e-67,0.9968185679693805,0.003181432030618771,2025-08-31,5115
2025-10-01,2,transition,0.0,1.0,1.156459320082036e-249,2025-09-30,5137
2025-10-02,2,transition,1.8128932428657504e-80,0.996779501427366,0.0032204985726235515,2025-09-30,5137
2025-10-03,2,transition,1.1087052494153706e-71,0.9933901310035492,0.006609868996442686,2025-09-30,5137
2025-10-06,2,transition,8.548910058665796e-72,0.9881059119136717,0.011894088086327536,2025-09-30,5137
2025-10-07,2,transition,8.023346651222906e-71,0.9799690046057941,0.02003099539419774,2025-09-30,5137
2025-10-08,2,transition,2.528326101452236e-71,0.9631436898505858,0.036856310149419036,2025-09-30,5137
2025-10-09,2,transition,1.9717260897122562e-71,0.8535612148739086,0.14643878512609654,2025-09-30,5137
2025-10-10,0,stress,3.0064656777802877e-68,0.0034514011897508424,0.9965485988102446,2025-09-30,5137
2025-10-13,0,stress,2.431308063424955e-66,0.005226618630261797,0.9947733813697441,2025-09-30,5137
2025-10-14,0,stress,2.4720675185555587e-63,0.01323563588492983,0.9867643641150763,2025-09-30,5137
2025-10-15,0,stress,4.08485984403604e-64,0.013271961957566789,0.9867280380424273,2025-09-30,5137
2025-10-16,0,stress,5.099547310713089e-61,0.00840166869119623,0.9915983313088103,2025-09-30,5137
2025-10-17,0,stress,6.777193444877007e-61,0.26150657392384674,0.7384934260761522,2025-09-30,5137
2025-10-20,2,transition,1.935498851248286e-62,0.9630677418412484,0.0369322581587405,2025-09-30,5137
2025-10-21,2,transition,8.116423105107466e-64,0.9995138605992494,0.00048613940076338197,2025-09-30,5137
2025-10-22,2,transition,2.5001886279212846e-65,0.9999880862004042,1.1913799589196799e-05,2025-09-30,5137
2025-10-23,2,transition,1.9069619936826456e-68,0.9999966282286722,3.37177131382346e-06,2025-09-30,5137
2025-10-24,2,transition,4.101302236149882e-69,0.999998314199331,1.6858006792565496e-06,2025-09-30,5137
2025-10-27,2,transition,3.870298634525196e-70,0.9999972285886009,2.7714114068885557e-06,2025-09-30,5137
2025-10-28,2,transition,2.014507085985279e-69,0.9999977706230662,2.2293769362451207e-06,2025-09-30,5137
2025-10-29,2,transition,1.572242784453848e-72,0.9999674663700837,3.253362991525774e-05,2025-09-30,5137
2025-10-30,2,transition,4.87895901756596e-72,0.999979748633165,2.02513668295767e-05,2025-09-30,5137
2025-10-31,2,transition,3.8064836769192354e-69,0.9998934627816891,0.00010653721831448624,2025-09-30,5137
2025-11-03,1,transition,0.0,1.0,0.0,2025-10-31,5160
2025-11-04,1,transition,7.464980726657677e-82,0.9999543030276458,4.56969723552336e-05,2025-10-31,5160
2025-11-05,1,transition,7.39017584735205e-73,0.9999519837003625,4.801629963342266e-05,2025-10-31,5160
2025-11-06,1,transition,1.711137516317739e-69,0.9998717527706621,0.00012824722933269203,2025-10-31,5160
2025-11-07,1,transition,9.502217028596782e-71,0.9999769477498643,2.3052250134168134e-05,2025-10-31,5160
2025-11-10,1,transition,1.3125963608880667e-72,0.9999143054611906,8.569453880597988e-05,2025-10-31,5160
2025-11-11,1,transition,2.1420355658878943e-72,0.9999915788701959,8.4211297926953e-06,2025-10-31,5160
2025-11-12,1,transition,1.9775898151481203e-72,0.9994438322310372,0.000556167768964444,2025-10-31,5160
2025-11-13,1,transition,2.569578134289131e-71,0.9418466839856416,0.05815331601435921,2025-10-31,5160
2025-11-14,1,transition,8.250472363841669e-69,0.9096176327786919,0.09038236722131097,2025-10-31,5160
2025-11-17,2,stress,4.7138433586223206e-70,0.3057614239016901,0.6942385760983172,2025-10-31,5160
2025-11-18,2,stress,2.7942509825630112e-68,0.001805988185103352,0.9981940118149057,2025-10-31,5160
2025-11-19,2,stress,5.378977565714467e-69,1.1354700576164814e-05,0.9999886452994293,2025-10-31,5160
2025-11-20,2,stress,1.5245532273192e-66,2.8922925611137975e-07,0.9999997107707507,2025-10-31,5160
2025-11-21,2,stress,1.867246656018246e-64,0.0017757868843660178,0.9982242131156198,2025-10-31,5160
2025-11-24,2,stress,1.1687667584207323e-63,0.2570500889754873,0.7429499110245072,2025-10-31,5160
2025-11-25,1,transition,7.17701362687897e-62,0.9132716586071205,0.08672834139288345,2025-10-31,5160
2025-11-26,1,transition,7.471315804176302e-64,0.9722660280623759,0.027733971937633262,2025-10-31,5160
2025-11-27,1,transition,2.9163081772516933e-64,0.9718572218554227,0.02814277814457394,2025-10-31,5160
2025-11-28,1,transition,5.744391772178201e-63,0.9727080839808935,0.027291916019113332,2025-10-31,5160
2025-12-01,2,transition,0.0,1.0,5.412005801775392e-185,2025-11-30,5180
2025-12-02,2,transition,5.043885885829782e-102,0.9999980725589624,1.9274410391274012e-06,2025-11-30,5180
2025-12-03,2,transition,5.9863435544085545e-87,0.9999977645076801,2.23549232617303e-06,2025-11-30,5180
2025-12-04,2,transition,8.658744521889991e-89,0.9999982328572354,1.7671427706061966e-06,2025-11-30,5180
2025-12-05,2,transition,7.811856412778705e-91,0.9999977423128334,2.257687161592057e-06,2025-11-30,5180
2025-12-08,2,transition,1.3482044429099798e-90,0.9999976372070937,2.362792907281963e-06,2025-11-30,5180
2025-12-09,2,transition,1.9328595832108065e-92,0.9999981873855376,1.812614459857575e-06,2025-11-30,5180
2025-12-10,2,transition,2.305608913022591e-89,0.999997335516238,2.6644837658992927e-06,2025-11-30,5180
2025-12-11,2,transition,3.964326924325199e-89,0.9999987185377361,1.2814622608057124e-06,2025-11-30,5180
2025-12-12,2,transition,6.496396951377432e-88,0.9999873816837972,1.261831619734928e-05,2025-11-30,5180
2025-12-15,2,transition,8.539339322261095e-86,0.9999968108949394,3.189105063577176e-06,2025-11-30,5180
2025-12-16,2,transition,7.101473099335743e-86,0.9999959671382789,4.032861715373126e-06,2025-11-30,5180
2025-12-17,2,transition,4.380794763862023e-85,0.9999388975875885,6.110241241414099e-05,2025-11-30,5180
2025-12-18,2,transition,2.1199429479669636e-83,0.999941197969108,5.880203089081419e-05,2025-11-30,5180
2025-12-19,2,transition,9.592314612081927e-85,0.9999946452460742,5.354753919827908e-06,2025-11-30,5180
2025-12-22,2,transition,5.022956609964197e-87,0.9999980516205592,1.948379442103607e-06,2025-11-30,5180
2025-12-23,2,transition,4.4213799580155784e-89,0.9999982221262828,1.777873719319534e-06,2025-11-30,5180
2025-12-24,2,transition,7.702918571263443e-88,0.9999912910651232,8.708934873572397e-06,2025-11-30,5180
2025-12-26,2,transition,5.627857123409887e-86,0.9999960824644912,3.917535509799856e-06,2025-11-30,5180
2025-12-29,2,transition,3.083819436173087e-85,0.9999975563561933,2.4436438037119612e-06,2025-11-30,5180
2025-12-30,2,transition,4.968138005993305e-85,0.9999966629221123,3.3370778908661296e-06,2025-11-30,5180
2025-12-31,2,transition,8.403953189863402e-83,0.9997248948538233,0.00027510514618195124,2025-11-30,5180
2026-01-02,2,transition,0.0,1.0,2.2753024423136683e-251,2025-12-31,5202
2026-01-05,2,transition,3.6068635847661434e-139,0.9999973232965841,2.6767034199926463e-06,2025-12-31,5202
2026-01-06,2,transition,2.506191595683499e-79,0.9999985595359818,1.440464019768087e-06,2025-12-31,5202
2026-01-07,2,transition,3.768930071216539e-80,0.9999986443471395,1.35565285999952e-06,2025-12-31,5202
2026-01-08,2,transition,2.157685034844219e-80,0.9999984913977198,1.5086022779913142e-06,2025-12-31,5202
2026-01-09,2,transition,1.7953178244242843e-83,0.9999989223329189,1.0776670785871193e-06,2025-12-31,5202
2026-01-12,2,transition,2.879127673120135e-83,0.9999989563509121,1.0436490812577827e-06,2025-12-31,5202
2026-01-13,2,transition,5.8661033852002975e-83,0.9999980700646354,1.92993536874482e-06,2025-12-31,5202
2026-01-14,2,transition,6.661716549327096e-82,0.999995824959744,4.175040254354675e-06,2025-12-31,5202
2026-01-15,2,transition,2.5893751808869244e-84,0.9999975665564783,2.433443525776975e-06,2025-12-31,5202
2026-01-16,2,transition,3.886309449359979e-85,0.9999111266104208,8.887338958002391e-05,2025-12-31,5202
2026-01-19,2,transition,9.649556284019896e-83,0.9960165771817455,0.0039834228182498614,2025-12-31,5202
2026-01-20,2,transition,9.823427106461582e-81,0.9925775092175334,0.007422490782465519,2025-12-31,5202
2026-01-21,2,transition,7.865341261401487e-81,0.9990914590801264,0.0009085409198732192,2025-12-31,5202
2026-01-22,2,transition,3.050290799326448e-83,0.9999901001153313,9.899884666373098e-06,2025-12-31,5202
2026-01-23,2,transition,1.2094603899229964e-84,0.9999987717954621,1.2282045408474528e-06,2025-12-31,5202
2026-01-26,2,transition,2.9580638302637874e-85,0.9999986312252662,1.3687747330709668e-06,2025-12-31,5202
2026-01-27,2,transition,2.061669505425338e-82,0.9999865324070591,1.3467592945917021e-05,2025-12-31,5202
2026-01-28,2,transition,7.362196003690795e-82,0.9999970325794268,2.9674205746059158e-06,2025-12-31,5202
2026-01-29,2,transition,4.008327880702776e-82,0.9999926908387479,7.30916124700997e-06,2025-12-31,5202
2026-01-30,2,transition,6.465928475569758e-77,0.9996845181854348,0.0003154818145638796,2025-12-31,5202
2026-02-02,0,transition,0.0,1.0,1.978908672233805e-92,2026-01-31,5223
2026-02-03,0,transition,3.4482480451117275e-104,0.99999996848392,3.151607920904851e-08,2026-01-31,5223
2026-02-04,0,transition,5.874341780397813e-19,0.9999999583179298,4.168206714712037e-08,2026-01-31,5223
2026-02-05,0,transition,1.9826876396545026e-19,0.9999994236152316,5.763847693283198e-07,2026-01-31,5223
2026-02-06,0,transition,8.36582473760488e-20,0.9999995449589433,4.5504105748538175e-07,2026-01-31,5223
2026-02-09,0,transition,7.348647848931906e-19,0.9999999659260658,3.407393767342372e-08,2026-01-31,5223
2026-02-10,0,transition,3.657036649395598e-20,0.99999997258513,2.7414862981095065e-08,2026-01-31,5223
2026-02-11,0,transition,3.40189047669522e-19,0.9999999842958972,1.5704106675993044e-08,2026-01-31,5223
2026-02-12,0,transition,3.489848227743877e-21,0.9999997300587831,2.699412201158934e-07,2026-01-31,5223
2026-02-13,0,transition,1.403160330166874e-19,0.9999999552538422,4.4746162300006194e-08,2026-01-31,5223
2026-02-16,0,transition,1.0793687084045186e-20,0.9999999383056936,6.169430660632755e-08,2026-01-31,5223
2026-02-17,0,transition,4.606745460469901e-20,0.9999999661890518,3.381095076341738e-08,2026-01-31,5223
2026-02-18,0,transition,1.9196399947394037e-20,0.9999999686459948,3.1353999421745805e-08,2026-01-31,5223
2026-02-19,0,transition,2.025820571683341e-20,0.9999999811534794,1.8846516845216572e-08,2026-01-31,5223
2026-02-20,0,transition,4.254256392328774e-20,0.99999998384574,1.6154260984679494e-08,2026-01-31,5223
2026-02-23,0,transition,4.883932302831021e-21,0.9999999465860739,5.341391967556042e-08,2026-01-31,5223
2026-02-24,0,transition,1.9217945106618208e-20,0.9999999849058129,1.509418208560449e-08,2026-01-31,5223
2026-02-25,0,transition,4.545377726909715e-20,0.9999999856149345,1.438506780892911e-08,2026-01-31,5223
2026-02-26,0,transition,1.0075888872965294e-17,0.9999999470741315,5.29258641971267e-08,2026-01-31,5223
2026-02-27,0,transition,2.400482428573527e-13,0.9999895925619031,1.0407437852048195e-05,2026-01-31,5223
2026-03-02,2,transition,0.0,1.0,8.647079836955722e-230,2026-02-28,5243
2026-03-03,2,transition,1.9263281204607666e-133,0.7285751508022545,0.2714248491977587,2026-02-28,5243
2026-03-04,2,transition,3.524345814097915e-77,0.5875414533743751,0.4124585466256345,2026-02-28,5243
2026-03-05,1,stress,8.932146588989324e-78,0.14063144197179528,0.8593685580281978,2026-02-28,5243
2026-03-06,1,stress,8.184314305063732e-78,3.846944413272461e-09,0.9999999961530648,2026-02-28,5243
2026-03-09,1,stress,1.811798479930236e-77,4.030878209289871e-08,0.999999959691224,2026-02-28,5243
2026-03-10,1,stress,5.119463669671932e-78,6.026624375331526e-07,0.9999993973375578,2026-02-28,5243
2026-03-11,1,stress,6.014748418947519e-81,3.078639313438952e-06,0.9999969213606829,2026-02-28,5243
2026-03-12,1,stress,5.16088697774068e-86,6.6298464866924866e-09,0.9999999933701531,2026-02-28,5243
2026-03-13,1,stress,1.7593147221998536e-84,9.709824745139429e-09,0.9999999902901777,2026-02-28,5243
2026-03-16,1,stress,5.946665146965003e-83,1.1171459989229892e-05,0.9999888285399989,2026-02-28,5243
2026-03-17,1,stress,5.0004898986063847e-82,0.00039565798197001696,0.9996043420180343,2026-02-28,5243
2026-03-18,1,stress,1.031657632905834e-87,1.700225302375454e-05,0.9999829977469843,2026-02-28,5243
2026-03-19,1,stress,1.5211299054161026e-87,7.252981799472553e-05,0.999927470182015,2026-02-28,5243
2026-03-20,1,stress,6.582276149662135e-94,2.5866212656199673e-08,0.9999999741338005,2026-02-28,5243
2026-03-23,1,stress,3.599715818601589e-91,3.667272888405601e-08,0.99999996332727,2026-02-28,5243
2026-03-24,1,stress,1.1436846572494775e-92,2.842668355205287e-07,0.9999997157331513,2026-02-28,5243
2026-03-25,1,stress,3.596869188748632e-92,1.2824427190433476e-06,0.9999987175572737,2026-02-28,5243
2026-03-26,1,stress,3.2069199513770515e-97,3.614484192041496e-08,0.9999999638551464,2026-02-28,5243
2026-03-27,1,stress,5.033560237163125e-93,1.0311934559641002e-11,0.9999999999896829,2026-02-28,5243
2026-03-30,1,stress,5.056898138639585e-91,3.906466198399932e-11,0.9999999999609486,2026-02-28,5243
2026-03-31,1,stress,5.0085463105724625e-88,5.028065303035085e-09,0.9999999949719438,2026-02-28,5243
2026-04-01,2,transition,0.0,1.0,1.215743026324003e-237,2026-03-31,5265
2026-04-02,0,stress,1.7741805683940043e-129,0.21159233918697629,0.7884076608130104,2026-03-31,5265
2026-04-03,0,stress,4.494231172223487e-84,0.0006116645167116581,0.9993883354833016,2026-03-31,5265
2026-04-06,0,stress,8.718969965154802e-85,1.031041512277791e-07,0.999999896895849,2026-03-31,5265
2026-04-07,0,stress,1.2635395975142156e-82,1.4873387629111677e-06,0.9999985126612477,2026-03-31,5265
2026-04-08,0,stress,1.4361076514957853e-82,5.650915390471322e-07,0.9999994349084493,2026-03-31,5265
2026-04-09,0,stress,2.707041698284619e-80,0.0001835201811551376,0.9998164798188409,2026-03-31,5265
2026-04-10,0,stress,5.446961665318798e-81,0.00029060349070647324,0.9997093965092984,2026-03-31,5265
2026-04-13,0,stress,1.8367965386161473e-80,0.000781541513461688,0.9992184584865454,2026-03-31,5265
2026-04-14,0,stress,4.1659867008665114e-79,0.003194850152770591,0.9968051498472303,2026-03-31,5265
2026-04-15,0,stress,8.89261247938227e-79,0.1672769060676763,0.8327230939323127,2026-03-31,5265
2026-04-16,0,stress,1.2946464575081915e-79,0.3184194015145796,0.6815805984854241,2026-03-31,5265
2026-04-17,0,stress,2.281315500498751e-77,0.40614645353017204,0.5938535464698148,2026-03-31,5265
2026-04-20,2,transition,1.1841883225329158e-77,0.7182651741862056,0.281734825813781,2026-03-31,5265
2026-04-21,2,transition,3.6037572612756545e-81,0.9593618762532635,0.04063812374672602,2026-03-31,5265
2026-04-22,2,transition,4.3790759745055415e-83,0.9962548322478058,0.003745167752180868,2026-03-31,5265
2026-04-23,2,transition,5.02818041463634e-86,0.9998236751785655,0.00017632482143267064,2026-03-31,5265
2026-04-24,2,transition,1.0396899790263125e-83,0.9997483725842077,0.000251627415786962,2026-03-31,5265
